product_id,image_url,error
1659,https://autopart.tn/pieces/2/8EA%20738%20258-691_1.webp,404 Client Error: Not Found for url: https://autopart.tn/pieces/2/8EA%20738%20258-691_1.webp
27576,https://autopart.tn/pieces/21/446502_1.webp,404 Client Error: Not Found for url: https://autopart.tn/pieces/21/446502_1.webp
27579,https://autopart.tn/pieces/21/446509_1.webp,404 Client Error: Not Found for url: https://autopart.tn/pieces/21/446509_1.webp
28721,https://autopart.tn/pieces/21/098208_1.webp,404 Client Error: Not Found for url: https://autopart.tn/pieces/21/098208_1.webp
27578,https://autopart.tn/pieces/21/446507_1.webp,404 Client Error: Not Found for url: https://autopart.tn/pieces/21/446507_1.webp
28768,https://autopart.tn/pieces/21/600325_1.webp,404 Client Error: Not Found for url: https://autopart.tn/pieces/21/600325_1.webp
28024,https://autopart.tn/pieces/21/600243_1.webp,404 Client Error: Not Found for url: https://autopart.tn/pieces/21/600243_1.webp
58231,https://autopart.tn/pieces/30/F%20032%20111%20982_1.webp,404 Client Error: Not Found for url: https://autopart.tn/pieces/30/F%20032%20111%20982_1.webp
87046,https://autopart.tn/pieces/4843/S0025_1.webp,404 Client Error: Not Found for url: https://autopart.tn/pieces/4843/S0025_1.webp
89899,https://autopart.tn/pieces/28/550.510.092.000_1.webp,404 Client Error: Not Found for url: https://autopart.tn/pieces/28/550.510.092.000_1.webp
27418,https://autopart.tn/pieces/21/432989_1.webp,404 Client Error: Not Found for url: https://autopart.tn/pieces/21/432989_1.webp
27535,https://autopart.tn/pieces/21/439639_1.webp,404 Client Error: Not Found for url: https://autopart.tn/pieces/21/439639_1.webp
27568,https://autopart.tn/pieces/21/443239_1.webp,404 Client Error: Not Found for url: https://autopart.tn/pieces/21/443239_1.webp
27581,https://autopart.tn/pieces/21/446754_1.webp,404 Client Error: Not Found for url: https://autopart.tn/pieces/21/446754_1.webp
64053,https://autopart.tn/pieces/6752/EF0404420006_1.webp,404 Client Error: Not Found for url: https://autopart.tn/pieces/6752/EF0404420006_1.webp
73752,https://autopart.tn/pieces/6752/BF0427770336_1.webp,404 Client Error: Not Found for url: https://autopart.tn/pieces/6752/BF0427770336_1.webp
84332,https://autopart.tn/pieces/6752/BF0427770113_1.webp,404 Client Error: Not Found for url: https://autopart.tn/pieces/6752/BF0427770113_1.webp
84333,https://autopart.tn/pieces/6752/BF0427770476_1.webp,404 Client Error: Not Found for url: https://autopart.tn/pieces/6752/BF0427770476_1.webp
14577,https://autopart.tn/pieces/197/KMB754_1.webp,404 Client Error: Not Found for url: https://autopart.tn/pieces/197/KMB754_1.webp
14774,https://autopart.tn/pieces/197/KPG763_1.webp,404 Client Error: Not Found for url: https://autopart.tn/pieces/197/KPG763_1.webp
15479,https://autopart.tn/pieces/197/KPG570_1.webp,404 Client Error: Not Found for url: https://autopart.tn/pieces/197/KPG570_1.webp
14939,https://autopart.tn/pieces/197/KAD532_1.webp,404 Client Error: Not Found for url: https://autopart.tn/pieces/197/KAD532_1.webp
39996,https://autopart.tn/pieces/192/771%200017%2030_1.webp,404 Client Error: Not Found for url: https://autopart.tn/pieces/192/771%200017%2030_1.webp
39995,https://autopart.tn/pieces/192/771%200011%2030_1.webp,404 Client Error: Not Found for url: https://autopart.tn/pieces/192/771%200011%2030_1.webp
39997,https://autopart.tn/pieces/192/771%200423%2030_1.webp,404 Client Error: Not Found for url: https://autopart.tn/pieces/192/771%200423%2030_1.webp
39998,https://autopart.tn/pieces/192/771%200347%2030_1.webp,404 Client Error: Not Found for url: https://autopart.tn/pieces/192/771%200347%2030_1.webp
40002,https://autopart.tn/pieces/192/771%200761%2030_1.webp,404 Client Error: Not Found for url: https://autopart.tn/pieces/192/771%200761%2030_1.webp
39999,https://autopart.tn/pieces/192/771%200344%2030_1.webp,404 Client Error: Not Found for url: https://autopart.tn/pieces/192/771%200344%2030_1.webp
40001,https://autopart.tn/pieces/192/771%200010%2030_1.webp,404 Client Error: Not Found for url: https://autopart.tn/pieces/192/771%200010%2030_1.webp
48574,https://autopart.tn/pieces/192/771%200285%2030_1.webp,404 Client Error: Not Found for url: https://autopart.tn/pieces/192/771%200285%2030_1.webp
48594,https://autopart.tn/pieces/192/771%200727%2030_1.webp,404 Client Error: Not Found for url: https://autopart.tn/pieces/192/771%200727%2030_1.webp
48595,https://autopart.tn/pieces/192/771%200752%2030_1.webp,404 Client Error: Not Found for url: https://autopart.tn/pieces/192/771%200752%2030_1.webp
58036,https://autopart.tn/pieces/192/771%200477%2030_1.webp,404 Client Error: Not Found for url: https://autopart.tn/pieces/192/771%200477%2030_1.webp
58037,https://autopart.tn/pieces/192/771%200320%2030_1.webp,404 Client Error: Not Found for url: https://autopart.tn/pieces/192/771%200320%2030_1.webp
58038,https://autopart.tn/pieces/192/771%200339%2030_1.webp,404 Client Error: Not Found for url: https://autopart.tn/pieces/192/771%200339%2030_1.webp
61671,https://autopart.tn/pieces/192/771%200490%2030_1.webp,404 Client Error: Not Found for url: https://autopart.tn/pieces/192/771%200490%2030_1.webp
61673,https://autopart.tn/pieces/192/771%200097%2030_1.webp,404 Client Error: Not Found for url: https://autopart.tn/pieces/192/771%200097%2030_1.webp
61677,https://autopart.tn/pieces/192/771%200731%2030_1.webp,404 Client Error: Not Found for url: https://autopart.tn/pieces/192/771%200731%2030_1.webp
61676,https://autopart.tn/pieces/192/771%200756%2030_1.webp,404 Client Error: Not Found for url: https://autopart.tn/pieces/192/771%200756%2030_1.webp
61675,https://autopart.tn/pieces/192/771%200758%2030_1.webp,404 Client Error: Not Found for url: https://autopart.tn/pieces/192/771%200758%2030_1.webp
61678,https://autopart.tn/pieces/192/771%200767%2030_1.webp,404 Client Error: Not Found for url: https://autopart.tn/pieces/192/771%200767%2030_1.webp
64411,https://autopart.tn/pieces/192/771%200016%2030_1.webp,404 Client Error: Not Found for url: https://autopart.tn/pieces/192/771%200016%2030_1.webp
69599,https://autopart.tn/pieces/192/771%200537%2030_1.webp,404 Client Error: Not Found for url: https://autopart.tn/pieces/192/771%200537%2030_1.webp
76548,https://autopart.tn/pieces/6752/BF0319930053_1.webp,404 Client Error: Not Found for url: https://autopart.tn/pieces/6752/BF0319930053_1.webp
76549,https://autopart.tn/pieces/6752/BF0319930074_1.webp,404 Client Error: Not Found for url: https://autopart.tn/pieces/6752/BF0319930074_1.webp
80433,https://autopart.tn/pieces/121/15-11016_1.webp,404 Client Error: Not Found for url: https://autopart.tn/pieces/121/15-11016_1.webp
80859,https://autopart.tn/pieces/197/KAV783_1.webp,404 Client Error: Not Found for url: https://autopart.tn/pieces/197/KAV783_1.webp
80919,https://autopart.tn/pieces/192/771%200392%2030_1.webp,404 Client Error: Not Found for url: https://autopart.tn/pieces/192/771%200392%2030_1.webp
81621,https://autopart.tn/pieces/192/771%200617%2030_1.webp,404 Client Error: Not Found for url: https://autopart.tn/pieces/192/771%200617%2030_1.webp
81836,https://autopart.tn/pieces/6752/BF0319930087_1.webp,404 Client Error: Not Found for url: https://autopart.tn/pieces/6752/BF0319930087_1.webp
83134,https://autopart.tn/pieces/6752/BF0319860165_1.webp,404 Client Error: Not Found for url: https://autopart.tn/pieces/6752/BF0319860165_1.webp
86255,https://autopart.tn/pieces/185/6432_1.webp,404 Client Error: Not Found for url: https://autopart.tn/pieces/185/6432_1.webp
86276,https://autopart.tn/pieces/185/6654_1.webp,404 Client Error: Not Found for url: https://autopart.tn/pieces/185/6654_1.webp
86306,https://autopart.tn/pieces/185/8040_1.webp,404 Client Error: Not Found for url: https://autopart.tn/pieces/185/8040_1.webp
86350,https://autopart.tn/pieces/185/8128_1.webp,404 Client Error: Not Found for url: https://autopart.tn/pieces/185/8128_1.webp
86352,https://autopart.tn/pieces/185/8141_1.webp,404 Client Error: Not Found for url: https://autopart.tn/pieces/185/8141_1.webp
86371,https://autopart.tn/pieces/185/8907_1.webp,404 Client Error: Not Found for url: https://autopart.tn/pieces/185/8907_1.webp
89181,https://autopart.tn/pieces/185/8905_1.webp,404 Client Error: Not Found for url: https://autopart.tn/pieces/185/8905_1.webp
51880,https://autopart.tn/pieces/4455/BSG%2015-140-005_1.webp,404 Client Error: Not Found for url: https://autopart.tn/pieces/4455/BSG%2015-140-005_1.webp
52550,https://autopart.tn/pieces/10003/1109AY_1.webp,404 Client Error: Not Found for url: https://autopart.tn/pieces/10003/1109AY_1.webp
53292,https://autopart.tn/pieces/6358/7O0017_1.webp,404 Client Error: Not Found for url: https://autopart.tn/pieces/6358/7O0017_1.webp
59075,https://autopart.tn/pieces/185/F122201_1.webp,404 Client Error: Not Found for url: https://autopart.tn/pieces/185/F122201_1.webp
59076,https://autopart.tn/pieces/185/F125701_1.webp,404 Client Error: Not Found for url: https://autopart.tn/pieces/185/F125701_1.webp
59080,https://autopart.tn/pieces/185/F129401_1.webp,404 Client Error: Not Found for url: https://autopart.tn/pieces/185/F129401_1.webp
65512,https://autopart.tn/pieces/185/F129301_1.webp,404 Client Error: Not Found for url: https://autopart.tn/pieces/185/F129301_1.webp
68136,https://autopart.tn/pieces/101/192844_1.webp,404 Client Error: Not Found for url: https://autopart.tn/pieces/101/192844_1.webp
74040,https://autopart.tn/pieces/6752/BF0423450074_1.webp,404 Client Error: Not Found for url: https://autopart.tn/pieces/6752/BF0423450074_1.webp
77255,https://autopart.tn/pieces/201/FOF-10053_1.webp,404 Client Error: Not Found for url: https://autopart.tn/pieces/201/FOF-10053_1.webp
77258,https://autopart.tn/pieces/201/FOF-10058_1.webp,404 Client Error: Not Found for url: https://autopart.tn/pieces/201/FOF-10058_1.webp
77261,https://autopart.tn/pieces/201/FOF-10064_1.webp,404 Client Error: Not Found for url: https://autopart.tn/pieces/201/FOF-10064_1.webp
77265,https://autopart.tn/pieces/201/FOF-10077_1.webp,404 Client Error: Not Found for url: https://autopart.tn/pieces/201/FOF-10077_1.webp
77267,https://autopart.tn/pieces/201/FOF-10083_1.webp,404 Client Error: Not Found for url: https://autopart.tn/pieces/201/FOF-10083_1.webp
77268,https://autopart.tn/pieces/201/FOF-10085_1.webp,404 Client Error: Not Found for url: https://autopart.tn/pieces/201/FOF-10085_1.webp
77271,https://autopart.tn/pieces/201/FOF-10091_1.webp,404 Client Error: Not Found for url: https://autopart.tn/pieces/201/FOF-10091_1.webp
77273,https://autopart.tn/pieces/201/FOF-10095_1.webp,404 Client Error: Not Found for url: https://autopart.tn/pieces/201/FOF-10095_1.webp
77278,https://autopart.tn/pieces/201/FOF-10101_1.webp,404 Client Error: Not Found for url: https://autopart.tn/pieces/201/FOF-10101_1.webp
77280,https://autopart.tn/pieces/201/FOF-10106_1.webp,404 Client Error: Not Found for url: https://autopart.tn/pieces/201/FOF-10106_1.webp
79061,https://autopart.tn/pieces/6752/BF0423450024_1.webp,404 Client Error: Not Found for url: https://autopart.tn/pieces/6752/BF0423450024_1.webp
78959,https://autopart.tn/pieces/6752/BF0423470006_1.webp,404 Client Error: Not Found for url: https://autopart.tn/pieces/6752/BF0423470006_1.webp
82815,https://autopart.tn/pieces/6752/BF0423410026_1.webp,404 Client Error: Not Found for url: https://autopart.tn/pieces/6752/BF0423410026_1.webp
82818,https://autopart.tn/pieces/6752/BF0423450051_1.webp,404 Client Error: Not Found for url: https://autopart.tn/pieces/6752/BF0423450051_1.webp
82891,https://autopart.tn/pieces/6752/BF0443070004_1.webp,404 Client Error: Not Found for url: https://autopart.tn/pieces/6752/BF0443070004_1.webp
83198,https://autopart.tn/pieces/6752/BF0423470015_1.webp,404 Client Error: Not Found for url: https://autopart.tn/pieces/6752/BF0423470015_1.webp
83333,https://autopart.tn/pieces/6752/BF0443070012_1.webp,404 Client Error: Not Found for url: https://autopart.tn/pieces/6752/BF0443070012_1.webp
83199,https://autopart.tn/pieces/6752/BF0423470072_1.webp,404 Client Error: Not Found for url: https://autopart.tn/pieces/6752/BF0423470072_1.webp
83200,https://autopart.tn/pieces/6752/BF0423470075_1.webp,404 Client Error: Not Found for url: https://autopart.tn/pieces/6752/BF0423470075_1.webp
85832,https://autopart.tn/pieces/6752/BF0423410020_1.webp,404 Client Error: Not Found for url: https://autopart.tn/pieces/6752/BF0423410020_1.webp
85834,https://autopart.tn/pieces/6752/BF0423450063_1.webp,404 Client Error: Not Found for url: https://autopart.tn/pieces/6752/BF0423450063_1.webp
85835,https://autopart.tn/pieces/6752/BF0423470012_1.webp,404 Client Error: Not Found for url: https://autopart.tn/pieces/6752/BF0423470012_1.webp
86482,https://autopart.tn/pieces/185/F130401_1.webp,404 Client Error: Not Found for url: https://autopart.tn/pieces/185/F130401_1.webp
87041,https://autopart.tn/pieces/301/600%20032_1.webp,404 Client Error: Not Found for url: https://autopart.tn/pieces/301/600%20032_1.webp
86651,https://autopart.tn/pieces/4/HU%20848-1%20x_1.webp,404 Client Error: Not Found for url: https://autopart.tn/pieces/4/HU%20848-1%20x_1.webp
87045,https://autopart.tn/pieces/4/W%20712-52_1.webp,404 Client Error: Not Found for url: https://autopart.tn/pieces/4/W%20712-52_1.webp
86481,https://autopart.tn/pieces/185/F130001_1.webp,404 Client Error: Not Found for url: https://autopart.tn/pieces/185/F130001_1.webp
89264,https://autopart.tn/pieces/201/DO-708_1.webp,404 Client Error: Not Found for url: https://autopart.tn/pieces/201/DO-708_1.webp
89271,https://autopart.tn/pieces/101/193872_1.webp,404 Client Error: Not Found for url: https://autopart.tn/pieces/101/193872_1.webp
89331,https://autopart.tn/pieces/101/184441_1.webp,404 Client Error: Not Found for url: https://autopart.tn/pieces/101/184441_1.webp
77259,https://autopart.tn/pieces/201/FOF-10062_1.webp,404 Client Error: Not Found for url: https://autopart.tn/pieces/201/FOF-10062_1.webp
74039,https://autopart.tn/pieces/6752/BF0423450054_1.webp,404 Client Error: Not Found for url: https://autopart.tn/pieces/6752/BF0423450054_1.webp
77263,https://autopart.tn/pieces/201/FOF-10071_1.webp,404 Client Error: Not Found for url: https://autopart.tn/pieces/201/FOF-10071_1.webp
77262,https://autopart.tn/pieces/201/FOF-10065_1.webp,404 Client Error: Not Found for url: https://autopart.tn/pieces/201/FOF-10065_1.webp
90075,https://autopart.tn/pieces/287/OX%20196-1D_1.webp,404 Client Error: Not Found for url: https://autopart.tn/pieces/287/OX%20196-1D_1.webp
90077,https://autopart.tn/pieces/201/MO-511_1.webp,404 Client Error: Not Found for url: https://autopart.tn/pieces/201/MO-511_1.webp
1289,https://autopart.tn/pieces/43/CAF101271R_1.webp,404 Client Error: Not Found for url: https://autopart.tn/pieces/43/CAF101271R_1.webp
51819,https://autopart.tn/pieces/4455/BSG%2060-135-055_1.webp,404 Client Error: Not Found for url: https://autopart.tn/pieces/4455/BSG%2060-135-055_1.webp
51829,https://autopart.tn/pieces/4455/BSG%2015-135-002_1.webp,404 Client Error: Not Found for url: https://autopart.tn/pieces/4455/BSG%2015-135-002_1.webp
51827,https://autopart.tn/pieces/4455/BSG%2041-135-003_1.webp,404 Client Error: Not Found for url: https://autopart.tn/pieces/4455/BSG%2041-135-003_1.webp
51832,https://autopart.tn/pieces/4455/BSG%2015-135-031_1.webp,404 Client Error: Not Found for url: https://autopart.tn/pieces/4455/BSG%2015-135-031_1.webp
74117,https://autopart.tn/pieces/6752/BF0427400135_1.webp,404 Client Error: Not Found for url: https://autopart.tn/pieces/6752/BF0427400135_1.webp
74118,https://autopart.tn/pieces/6752/BF0427400317_1.webp,404 Client Error: Not Found for url: https://autopart.tn/pieces/6752/BF0427400317_1.webp
51824,https://autopart.tn/pieces/4455/BSG%2085-135-003_1.webp,404 Client Error: Not Found for url: https://autopart.tn/pieces/4455/BSG%2085-135-003_1.webp
51823,https://autopart.tn/pieces/4455/BSG%2085-135-007_1.webp,404 Client Error: Not Found for url: https://autopart.tn/pieces/4455/BSG%2085-135-007_1.webp
76702,https://autopart.tn/pieces/6752/BF0427400178_1.webp,404 Client Error: Not Found for url: https://autopart.tn/pieces/6752/BF0427400178_1.webp
76703,https://autopart.tn/pieces/6752/BF0427400293_1.webp,404 Client Error: Not Found for url: https://autopart.tn/pieces/6752/BF0427400293_1.webp
77143,https://autopart.tn/pieces/201/FAF-10039_1.webp,404 Client Error: Not Found for url: https://autopart.tn/pieces/201/FAF-10039_1.webp
77180,https://autopart.tn/pieces/201/FAF-10393_1.webp,404 Client Error: Not Found for url: https://autopart.tn/pieces/201/FAF-10393_1.webp
77183,https://autopart.tn/pieces/201/FAF-10412_1.webp,404 Client Error: Not Found for url: https://autopart.tn/pieces/201/FAF-10412_1.webp
77199,https://autopart.tn/pieces/201/FAF-10748_1.webp,404 Client Error: Not Found for url: https://autopart.tn/pieces/201/FAF-10748_1.webp
77196,https://autopart.tn/pieces/201/FAF-10695_1.webp,404 Client Error: Not Found for url: https://autopart.tn/pieces/201/FAF-10695_1.webp
77211,https://autopart.tn/pieces/201/FAF-11010_1.webp,404 Client Error: Not Found for url: https://autopart.tn/pieces/201/FAF-11010_1.webp
82774,https://autopart.tn/pieces/6752/BF0427400005_1.webp,404 Client Error: Not Found for url: https://autopart.tn/pieces/6752/BF0427400005_1.webp
84148,https://autopart.tn/pieces/6752/BACB12-939001_1.webp,404 Client Error: Not Found for url: https://autopart.tn/pieces/6752/BACB12-939001_1.webp
84328,https://autopart.tn/pieces/6752/BF0427400683_1.webp,404 Client Error: Not Found for url: https://autopart.tn/pieces/6752/BF0427400683_1.webp
85984,https://autopart.tn/pieces/6752/BF0427400143_1.webp,404 Client Error: Not Found for url: https://autopart.tn/pieces/6752/BF0427400143_1.webp
86642,https://autopart.tn/pieces/301/501%20158_1.webp,404 Client Error: Not Found for url: https://autopart.tn/pieces/301/501%20158_1.webp
86053,https://autopart.tn/pieces/6752/BF0736520065_1.webp,404 Client Error: Not Found for url: https://autopart.tn/pieces/6752/BF0736520065_1.webp
51826,https://autopart.tn/pieces/4455/BSG%2041-135-001_1.webp,404 Client Error: Not Found for url: https://autopart.tn/pieces/4455/BSG%2041-135-001_1.webp
76705,https://autopart.tn/pieces/6752/BF0427400665_1.webp,404 Client Error: Not Found for url: https://autopart.tn/pieces/6752/BF0427400665_1.webp
77206,https://autopart.tn/pieces/201/FAF-10835_1.webp,404 Client Error: Not Found for url: https://autopart.tn/pieces/201/FAF-10835_1.webp
79088,https://autopart.tn/pieces/6752/BF0427400325_1.webp,404 Client Error: Not Found for url: https://autopart.tn/pieces/6752/BF0427400325_1.webp
80166,https://autopart.tn/pieces/185/F254401_1.webp,404 Client Error: Not Found for url: https://autopart.tn/pieces/185/F254401_1.webp
80326,https://autopart.tn/pieces/6752/BF0427400445_1.webp,404 Client Error: Not Found for url: https://autopart.tn/pieces/6752/BF0427400445_1.webp
82775,https://autopart.tn/pieces/6752/BF0427400402_1.webp,404 Client Error: Not Found for url: https://autopart.tn/pieces/6752/BF0427400402_1.webp
82776,https://autopart.tn/pieces/6752/BF0427400680_1.webp,404 Client Error: Not Found for url: https://autopart.tn/pieces/6752/BF0427400680_1.webp
83309,https://autopart.tn/pieces/6752/BF0427400476_1.webp,404 Client Error: Not Found for url: https://autopart.tn/pieces/6752/BF0427400476_1.webp
87548,https://autopart.tn/pieces/6752/BF0427400661_1.webp,404 Client Error: Not Found for url: https://autopart.tn/pieces/6752/BF0427400661_1.webp
88795,https://autopart.tn/pieces/201/FAF-10167_1.webp,404 Client Error: Not Found for url: https://autopart.tn/pieces/201/FAF-10167_1.webp
89270,https://autopart.tn/pieces/387/FA068Z_1.webp,404 Client Error: Not Found for url: https://autopart.tn/pieces/387/FA068Z_1.webp
89802,https://autopart.tn/pieces/6752/BF0427400247_1.webp,404 Client Error: Not Found for url: https://autopart.tn/pieces/6752/BF0427400247_1.webp
89801,https://autopart.tn/pieces/6752/BF0427400233_1.webp,404 Client Error: Not Found for url: https://autopart.tn/pieces/6752/BF0427400233_1.webp
89800,https://autopart.tn/pieces/6752/BF0427400182_1.webp,404 Client Error: Not Found for url: https://autopart.tn/pieces/6752/BF0427400182_1.webp
89804,https://autopart.tn/pieces/6752/BF0427400677_1.webp,404 Client Error: Not Found for url: https://autopart.tn/pieces/6752/BF0427400677_1.webp
89803,https://autopart.tn/pieces/6752/BF0427400671_1.webp,404 Client Error: Not Found for url: https://autopart.tn/pieces/6752/BF0427400671_1.webp
90056,https://autopart.tn/pieces/101/24396_1.webp,404 Client Error: Not Found for url: https://autopart.tn/pieces/101/24396_1.webp
89886,https://autopart.tn/pieces/201/FAF-10108_1.webp,404 Client Error: Not Found for url: https://autopart.tn/pieces/201/FAF-10108_1.webp
89805,https://autopart.tn/pieces/6752/BF0427400701_1.webp,404 Client Error: Not Found for url: https://autopart.tn/pieces/6752/BF0427400701_1.webp
90310,https://autopart.tn/pieces/432/50013986_1.webp,404 Client Error: Not Found for url: https://autopart.tn/pieces/432/50013986_1.webp
90074,https://autopart.tn/pieces/5349/A8111101_1.webp,404 Client Error: Not Found for url: https://autopart.tn/pieces/5349/A8111101_1.webp
90079,https://autopart.tn/pieces/5349/C8111176_1.webp,404 Client Error: Not Found for url: https://autopart.tn/pieces/5349/C8111176_1.webp
85985,https://autopart.tn/pieces/6752/BF0427400183_1.webp,404 Client Error: Not Found for url: https://autopart.tn/pieces/6752/BF0427400183_1.webp
85987,https://autopart.tn/pieces/6752/BF0427400528_1.webp,404 Client Error: Not Found for url: https://autopart.tn/pieces/6752/BF0427400528_1.webp
4164,https://autopart.tn/pieces/185/F321401_1.webp,404 Client Error: Not Found for url: https://autopart.tn/pieces/185/F321401_1.webp
51848,https://autopart.tn/pieces/4455/BSG%2085-130-005_1.webp,404 Client Error: Not Found for url: https://autopart.tn/pieces/4455/BSG%2085-130-005_1.webp
51855,https://autopart.tn/pieces/4455/BSG%2063-130-001_1.webp,404 Client Error: Not Found for url: https://autopart.tn/pieces/4455/BSG%2063-130-001_1.webp
50113,https://autopart.tn/pieces/4/WK%205002_1.webp,404 Client Error: Not Found for url: https://autopart.tn/pieces/4/WK%205002_1.webp
77230,https://autopart.tn/pieces/201/FFF-10069_1.webp,404 Client Error: Not Found for url: https://autopart.tn/pieces/201/FFF-10069_1.webp
77242,https://autopart.tn/pieces/201/FFF-10213_1.webp,404 Client Error: Not Found for url: https://autopart.tn/pieces/201/FFF-10213_1.webp
77245,https://autopart.tn/pieces/201/FFF-10258_1.webp,404 Client Error: Not Found for url: https://autopart.tn/pieces/201/FFF-10258_1.webp
77251,https://autopart.tn/pieces/201/FFF-10498_1.webp,404 Client Error: Not Found for url: https://autopart.tn/pieces/201/FFF-10498_1.webp
83213,https://autopart.tn/pieces/6752/BF0423940115_1.webp,404 Client Error: Not Found for url: https://autopart.tn/pieces/6752/BF0423940115_1.webp
82822,https://autopart.tn/pieces/6752/BF0423940066_1.webp,404 Client Error: Not Found for url: https://autopart.tn/pieces/6752/BF0423940066_1.webp
83208,https://autopart.tn/pieces/6752/BF0423940032_1.webp,404 Client Error: Not Found for url: https://autopart.tn/pieces/6752/BF0423940032_1.webp
87671,https://autopart.tn/pieces/6752/BF0423940203_1.webp,404 Client Error: Not Found for url: https://autopart.tn/pieces/6752/BF0423940203_1.webp
87734,https://autopart.tn/pieces/405/758820_1.webp,404 Client Error: Not Found for url: https://autopart.tn/pieces/405/758820_1.webp
90071,https://autopart.tn/pieces/287/KX%20192D_1.webp,404 Client Error: Not Found for url: https://autopart.tn/pieces/287/KX%20192D_1.webp
90069,https://autopart.tn/pieces/301/117%20787_1.webp,404 Client Error: Not Found for url: https://autopart.tn/pieces/301/117%20787_1.webp
90096,https://autopart.tn/pieces/101/100473_1.webp,404 Client Error: Not Found for url: https://autopart.tn/pieces/101/100473_1.webp
76602,https://autopart.tn/pieces/6752/BF0423940059_1.webp,404 Client Error: Not Found for url: https://autopart.tn/pieces/6752/BF0423940059_1.webp
77231,https://autopart.tn/pieces/201/FFF-10072_1.webp,404 Client Error: Not Found for url: https://autopart.tn/pieces/201/FFF-10072_1.webp
82821,https://autopart.tn/pieces/6752/BF0423940044_1.webp,404 Client Error: Not Found for url: https://autopart.tn/pieces/6752/BF0423940044_1.webp
82824,https://autopart.tn/pieces/6752/BF0423940211_1.webp,404 Client Error: Not Found for url: https://autopart.tn/pieces/6752/BF0423940211_1.webp
82826,https://autopart.tn/pieces/6752/BF0423940221_1.webp,404 Client Error: Not Found for url: https://autopart.tn/pieces/6752/BF0423940221_1.webp
82825,https://autopart.tn/pieces/6752/BF0423940220_1.webp,404 Client Error: Not Found for url: https://autopart.tn/pieces/6752/BF0423940220_1.webp
89634,https://autopart.tn/pieces/6752/BF0423940268_1.webp,404 Client Error: Not Found for url: https://autopart.tn/pieces/6752/BF0423940268_1.webp
90054,https://autopart.tn/pieces/201/FFF-10506_1.webp,404 Client Error: Not Found for url: https://autopart.tn/pieces/201/FFF-10506_1.webp
73414,https://autopart.tn/pieces/6752/BF0423940116_1.webp,404 Client Error: Not Found for url: https://autopart.tn/pieces/6752/BF0423940116_1.webp
74045,https://autopart.tn/pieces/6752/BF0423940085_1.webp,404 Client Error: Not Found for url: https://autopart.tn/pieces/6752/BF0423940085_1.webp
77235,https://autopart.tn/pieces/201/FFF-10162_1.webp,404 Client Error: Not Found for url: https://autopart.tn/pieces/201/FFF-10162_1.webp
77237,https://autopart.tn/pieces/201/FFF-10168_1.webp,404 Client Error: Not Found for url: https://autopart.tn/pieces/201/FFF-10168_1.webp
90070,https://autopart.tn/pieces/201/FFF-10188_1.webp,404 Client Error: Not Found for url: https://autopart.tn/pieces/201/FFF-10188_1.webp
72897,https://autopart.tn/pieces/33/8453PF_1.webp,404 Client Error: Not Found for url: https://autopart.tn/pieces/33/8453PF_1.webp
65597,https://autopart.tn/pieces/185/T8004_1.webp,404 Client Error: Not Found for url: https://autopart.tn/pieces/185/T8004_1.webp
65598,https://autopart.tn/pieces/185/T8005_1.webp,404 Client Error: Not Found for url: https://autopart.tn/pieces/185/T8005_1.webp
65599,https://autopart.tn/pieces/185/T8007_1.webp,404 Client Error: Not Found for url: https://autopart.tn/pieces/185/T8007_1.webp
65600,https://autopart.tn/pieces/185/T8008_1.webp,404 Client Error: Not Found for url: https://autopart.tn/pieces/185/T8008_1.webp
76641,https://autopart.tn/pieces/6752/BF0426230037_1.webp,404 Client Error: Not Found for url: https://autopart.tn/pieces/6752/BF0426230037_1.webp
76644,https://autopart.tn/pieces/6752/BF0426230094_1.webp,404 Client Error: Not Found for url: https://autopart.tn/pieces/6752/BF0426230094_1.webp
79209,https://autopart.tn/pieces/6752/BF0426230045_1.webp,404 Client Error: Not Found for url: https://autopart.tn/pieces/6752/BF0426230045_1.webp
41579,https://autopart.tn/pieces/30/K%20S00%20001%20734_1.webp,404 Client Error: Not Found for url: https://autopart.tn/pieces/30/K%20S00%20001%20734_1.webp
76520,https://autopart.tn/pieces/6752/BF0318120011_1.webp,404 Client Error: Not Found for url: https://autopart.tn/pieces/6752/BF0318120011_1.webp
81932,https://autopart.tn/pieces/6752/BF0318120013_1.webp,404 Client Error: Not Found for url: https://autopart.tn/pieces/6752/BF0318120013_1.webp
82801,https://autopart.tn/pieces/6752/BF0339320016_1.webp,404 Client Error: Not Found for url: https://autopart.tn/pieces/6752/BF0339320016_1.webp
81933,https://autopart.tn/pieces/6752/BF0318120098_1.webp,404 Client Error: Not Found for url: https://autopart.tn/pieces/6752/BF0318120098_1.webp
83015,https://autopart.tn/pieces/6752/BACB12-492008_1.webp,404 Client Error: Not Found for url: https://autopart.tn/pieces/6752/BACB12-492008_1.webp
46562,https://autopart.tn/pieces/121/17-1368_1.webp,404 Client Error: Not Found for url: https://autopart.tn/pieces/121/17-1368_1.webp
63868,https://autopart.tn/pieces/6752/BF0319860078_1.webp,404 Client Error: Not Found for url: https://autopart.tn/pieces/6752/BF0319860078_1.webp
63867,https://autopart.tn/pieces/6752/BF0319860077_1.webp,404 Client Error: Not Found for url: https://autopart.tn/pieces/6752/BF0319860077_1.webp
63869,https://autopart.tn/pieces/6752/BF0319980008_1.webp,404 Client Error: Not Found for url: https://autopart.tn/pieces/6752/BF0319980008_1.webp
73388,https://autopart.tn/pieces/6752/BF0319980035_1.webp,404 Client Error: Not Found for url: https://autopart.tn/pieces/6752/BF0319980035_1.webp
76546,https://autopart.tn/pieces/6752/BF0319860223_1.webp,404 Client Error: Not Found for url: https://autopart.tn/pieces/6752/BF0319860223_1.webp
76544,https://autopart.tn/pieces/6752/BF0319860130_1.webp,404 Client Error: Not Found for url: https://autopart.tn/pieces/6752/BF0319860130_1.webp
73389,https://autopart.tn/pieces/6752/BF0319980036_1.webp,404 Client Error: Not Found for url: https://autopart.tn/pieces/6752/BF0319980036_1.webp
76545,https://autopart.tn/pieces/6752/BF0319860132_1.webp,404 Client Error: Not Found for url: https://autopart.tn/pieces/6752/BF0319860132_1.webp
81830,https://autopart.tn/pieces/6752/BF0319860042_1.webp,404 Client Error: Not Found for url: https://autopart.tn/pieces/6752/BF0319860042_1.webp
81837,https://autopart.tn/pieces/6752/BF0319980032_1.webp,404 Client Error: Not Found for url: https://autopart.tn/pieces/6752/BF0319980032_1.webp
81832,https://autopart.tn/pieces/6752/BF0319860242_1.webp,404 Client Error: Not Found for url: https://autopart.tn/pieces/6752/BF0319860242_1.webp
81831,https://autopart.tn/pieces/6752/BF0319860220_1.webp,404 Client Error: Not Found for url: https://autopart.tn/pieces/6752/BF0319860220_1.webp
83872,https://autopart.tn/pieces/185/5010013_1.webp,404 Client Error: Not Found for url: https://autopart.tn/pieces/185/5010013_1.webp
83871,https://autopart.tn/pieces/185/5010012_1.webp,404 Client Error: Not Found for url: https://autopart.tn/pieces/185/5010012_1.webp
83874,https://autopart.tn/pieces/185/5010079_1.webp,404 Client Error: Not Found for url: https://autopart.tn/pieces/185/5010079_1.webp
83875,https://autopart.tn/pieces/185/5010084_1.webp,404 Client Error: Not Found for url: https://autopart.tn/pieces/185/5010084_1.webp
83873,https://autopart.tn/pieces/185/5010034_1.webp,404 Client Error: Not Found for url: https://autopart.tn/pieces/185/5010034_1.webp
83884,https://autopart.tn/pieces/185/5010226_1.webp,404 Client Error: Not Found for url: https://autopart.tn/pieces/185/5010226_1.webp
83885,https://autopart.tn/pieces/185/5010227_1.webp,404 Client Error: Not Found for url: https://autopart.tn/pieces/185/5010227_1.webp
83883,https://autopart.tn/pieces/185/5010221_1.webp,404 Client Error: Not Found for url: https://autopart.tn/pieces/185/5010221_1.webp
83888,https://autopart.tn/pieces/185/5010231_1.webp,404 Client Error: Not Found for url: https://autopart.tn/pieces/185/5010231_1.webp
83892,https://autopart.tn/pieces/185/5010278_1.webp,404 Client Error: Not Found for url: https://autopart.tn/pieces/185/5010278_1.webp
83893,https://autopart.tn/pieces/185/5011436_1.webp,404 Client Error: Not Found for url: https://autopart.tn/pieces/185/5011436_1.webp
83890,https://autopart.tn/pieces/185/5010277_1.webp,404 Client Error: Not Found for url: https://autopart.tn/pieces/185/5010277_1.webp
83894,https://autopart.tn/pieces/185/5011441_1.webp,404 Client Error: Not Found for url: https://autopart.tn/pieces/185/5011441_1.webp
83891,https://autopart.tn/pieces/185/5010309_1.webp,404 Client Error: Not Found for url: https://autopart.tn/pieces/185/5010309_1.webp
83896,https://autopart.tn/pieces/185/5011583_1.webp,404 Client Error: Not Found for url: https://autopart.tn/pieces/185/5011583_1.webp
84428,https://autopart.tn/pieces/185/5010062_1.webp,404 Client Error: Not Found for url: https://autopart.tn/pieces/185/5010062_1.webp
84431,https://autopart.tn/pieces/185/5010067_1.webp,404 Client Error: Not Found for url: https://autopart.tn/pieces/185/5010067_1.webp
84466,https://autopart.tn/pieces/185/5010165_1.webp,404 Client Error: Not Found for url: https://autopart.tn/pieces/185/5010165_1.webp
84468,https://autopart.tn/pieces/185/5010169_1.webp,404 Client Error: Not Found for url: https://autopart.tn/pieces/185/5010169_1.webp
84473,https://autopart.tn/pieces/185/5010179_1.webp,404 Client Error: Not Found for url: https://autopart.tn/pieces/185/5010179_1.webp
84474,https://autopart.tn/pieces/185/5010183_1.webp,404 Client Error: Not Found for url: https://autopart.tn/pieces/185/5010183_1.webp
84478,https://autopart.tn/pieces/185/5010195_1.webp,404 Client Error: Not Found for url: https://autopart.tn/pieces/185/5010195_1.webp
84479,https://autopart.tn/pieces/185/5010197_1.webp,404 Client Error: Not Found for url: https://autopart.tn/pieces/185/5010197_1.webp
84477,https://autopart.tn/pieces/185/5010193_1.webp,404 Client Error: Not Found for url: https://autopart.tn/pieces/185/5010193_1.webp
84503,https://autopart.tn/pieces/185/5010316_1.webp,404 Client Error: Not Found for url: https://autopart.tn/pieces/185/5010316_1.webp
84504,https://autopart.tn/pieces/185/5010317_1.webp,404 Client Error: Not Found for url: https://autopart.tn/pieces/185/5010317_1.webp
84535,https://autopart.tn/pieces/185/5010004_1.webp,404 Client Error: Not Found for url: https://autopart.tn/pieces/185/5010004_1.webp
84546,https://autopart.tn/pieces/185/5010032_1.webp,404 Client Error: Not Found for url: https://autopart.tn/pieces/185/5010032_1.webp
84544,https://autopart.tn/pieces/185/5010019_1.webp,404 Client Error: Not Found for url: https://autopart.tn/pieces/185/5010019_1.webp
84555,https://autopart.tn/pieces/185/5010047_1.webp,404 Client Error: Not Found for url: https://autopart.tn/pieces/185/5010047_1.webp
84557,https://autopart.tn/pieces/185/5010049_1.webp,404 Client Error: Not Found for url: https://autopart.tn/pieces/185/5010049_1.webp
84559,https://autopart.tn/pieces/185/5010052_1.webp,404 Client Error: Not Found for url: https://autopart.tn/pieces/185/5010052_1.webp
84563,https://autopart.tn/pieces/185/5010134_1.webp,404 Client Error: Not Found for url: https://autopart.tn/pieces/185/5010134_1.webp
84569,https://autopart.tn/pieces/185/5010141_1.webp,404 Client Error: Not Found for url: https://autopart.tn/pieces/185/5010141_1.webp
84572,https://autopart.tn/pieces/185/5010146_1.webp,404 Client Error: Not Found for url: https://autopart.tn/pieces/185/5010146_1.webp
84589,https://autopart.tn/pieces/185/5010235_1.webp,404 Client Error: Not Found for url: https://autopart.tn/pieces/185/5010235_1.webp
84601,https://autopart.tn/pieces/185/5010254_1.webp,404 Client Error: Not Found for url: https://autopart.tn/pieces/185/5010254_1.webp
84628,https://autopart.tn/pieces/185/5011731_1.webp,404 Client Error: Not Found for url: https://autopart.tn/pieces/185/5011731_1.webp
84631,https://autopart.tn/pieces/185/5011763_1.webp,404 Client Error: Not Found for url: https://autopart.tn/pieces/185/5011763_1.webp
84632,https://autopart.tn/pieces/185/5011764_1.webp,404 Client Error: Not Found for url: https://autopart.tn/pieces/185/5011764_1.webp
86322,https://autopart.tn/pieces/185/5010136_1.webp,404 Client Error: Not Found for url: https://autopart.tn/pieces/185/5010136_1.webp
83887,https://autopart.tn/pieces/185/5010232_1.webp,404 Client Error: Not Found for url: https://autopart.tn/pieces/185/5010232_1.webp
84433,https://autopart.tn/pieces/185/5010074_1.webp,404 Client Error: Not Found for url: https://autopart.tn/pieces/185/5010074_1.webp
84464,https://autopart.tn/pieces/185/5010131_1.webp,404 Client Error: Not Found for url: https://autopart.tn/pieces/185/5010131_1.webp
76465,https://autopart.tn/pieces/6752/BF0216110075_1.webp,404 Client Error: Not Found for url: https://autopart.tn/pieces/6752/BF0216110075_1.webp
76466,https://autopart.tn/pieces/6752/BF0216110076_1.webp,404 Client Error: Not Found for url: https://autopart.tn/pieces/6752/BF0216110076_1.webp
83012,https://autopart.tn/pieces/6752/ATPP1112185008_1.webp,404 Client Error: Not Found for url: https://autopart.tn/pieces/6752/ATPP1112185008_1.webp
83013,https://autopart.tn/pieces/6752/ATPP1112186008_1.webp,404 Client Error: Not Found for url: https://autopart.tn/pieces/6752/ATPP1112186008_1.webp
76378,https://autopart.tn/pieces/6752/BF0112150108_1.webp,404 Client Error: Not Found for url: https://autopart.tn/pieces/6752/BF0112150108_1.webp
76379,https://autopart.tn/pieces/6752/BF0112150178_1.webp,404 Client Error: Not Found for url: https://autopart.tn/pieces/6752/BF0112150178_1.webp
51762,https://autopart.tn/pieces/4455/BSG%2015-915-018_1.webp,404 Client Error: Not Found for url: https://autopart.tn/pieces/4455/BSG%2015-915-018_1.webp
51763,https://autopart.tn/pieces/4455/BSG%2015-915-012_1.webp,404 Client Error: Not Found for url: https://autopart.tn/pieces/4455/BSG%2015-915-012_1.webp
51764,https://autopart.tn/pieces/4455/BSG%2015-915-002_1.webp,404 Client Error: Not Found for url: https://autopart.tn/pieces/4455/BSG%2015-915-002_1.webp
73580,https://autopart.tn/pieces/6752/ATPP1283141006_1.webp,404 Client Error: Not Found for url: https://autopart.tn/pieces/6752/ATPP1283141006_1.webp
76342,https://autopart.tn/pieces/6752/BF0111060039_1.webp,404 Client Error: Not Found for url: https://autopart.tn/pieces/6752/BF0111060039_1.webp
85795,https://autopart.tn/pieces/6752/BF0340140005_1.webp,404 Client Error: Not Found for url: https://autopart.tn/pieces/6752/BF0340140005_1.webp
86682,https://autopart.tn/pieces/10/445.130_1.webp,404 Client Error: Not Found for url: https://autopart.tn/pieces/10/445.130_1.webp
27093,https://autopart.tn/pieces/21/1101434_1.webp,404 Client Error: Not Found for url: https://autopart.tn/pieces/21/1101434_1.webp
84566,https://autopart.tn/pieces/185/5010138_1.webp,404 Client Error: Not Found for url: https://autopart.tn/pieces/185/5010138_1.webp
28366,https://autopart.tn/pieces/21/810239_1.webp,404 Client Error: Not Found for url: https://autopart.tn/pieces/21/810239_1.webp
44843,https://autopart.tn/pieces/21/810234_1.webp,404 Client Error: Not Found for url: https://autopart.tn/pieces/21/810234_1.webp
44840,https://autopart.tn/pieces/21/810233_1.webp,404 Client Error: Not Found for url: https://autopart.tn/pieces/21/810233_1.webp
75729,https://autopart.tn/pieces/185/CC044_1.webp,404 Client Error: Not Found for url: https://autopart.tn/pieces/185/CC044_1.webp
80086,https://autopart.tn/pieces/185/CC066_1.webp,404 Client Error: Not Found for url: https://autopart.tn/pieces/185/CC066_1.webp
80088,https://autopart.tn/pieces/185/CC092_1.webp,404 Client Error: Not Found for url: https://autopart.tn/pieces/185/CC092_1.webp
18412,https://autopart.tn/pieces/32/3151%20028%20043_1.webp,404 Client Error: Not Found for url: https://autopart.tn/pieces/32/3151%20028%20043_1.webp
28320,https://autopart.tn/pieces/21/804215_1.webp,404 Client Error: Not Found for url: https://autopart.tn/pieces/21/804215_1.webp
46111,https://autopart.tn/pieces/50/VKC%202189_1.webp,404 Client Error: Not Found for url: https://autopart.tn/pieces/50/VKC%202189_1.webp
89324,https://autopart.tn/pieces/362/6126138_1.webp,404 Client Error: Not Found for url: https://autopart.tn/pieces/362/6126138_1.webp
87760,https://autopart.tn/pieces/6/510%200250%2010_1.webp,404 Client Error: Not Found for url: https://autopart.tn/pieces/6/510%200250%2010_1.webp
7075,https://autopart.tn/pieces/185/995719_1.webp,404 Client Error: Not Found for url: https://autopart.tn/pieces/185/995719_1.webp
7079,https://autopart.tn/pieces/185/995818_1.webp,404 Client Error: Not Found for url: https://autopart.tn/pieces/185/995818_1.webp
7077,https://autopart.tn/pieces/185/995812_1.webp,404 Client Error: Not Found for url: https://autopart.tn/pieces/185/995812_1.webp
7095,https://autopart.tn/pieces/185/9981112_1.webp,404 Client Error: Not Found for url: https://autopart.tn/pieces/185/9981112_1.webp
7096,https://autopart.tn/pieces/185/9981113_1.webp,404 Client Error: Not Found for url: https://autopart.tn/pieces/185/9981113_1.webp
7085,https://autopart.tn/pieces/185/9963338A_1.webp,404 Client Error: Not Found for url: https://autopart.tn/pieces/185/9963338A_1.webp
7097,https://autopart.tn/pieces/185/9981116_1.webp,404 Client Error: Not Found for url: https://autopart.tn/pieces/185/9981116_1.webp
6999,https://autopart.tn/pieces/185/9919237A_1.webp,404 Client Error: Not Found for url: https://autopart.tn/pieces/185/9919237A_1.webp
7044,https://autopart.tn/pieces/185/9953018_1.webp,404 Client Error: Not Found for url: https://autopart.tn/pieces/185/9953018_1.webp
7078,https://autopart.tn/pieces/185/995814_1.webp,404 Client Error: Not Found for url: https://autopart.tn/pieces/185/995814_1.webp
52566,https://autopart.tn/pieces/387/47491z_1.webp,404 Client Error: Not Found for url: https://autopart.tn/pieces/387/47491z_1.webp
73381,https://autopart.tn/pieces/6752/BF0318260039_1.webp,404 Client Error: Not Found for url: https://autopart.tn/pieces/6752/BF0318260039_1.webp
77740,https://autopart.tn/pieces/201/STR-9105_1.webp,404 Client Error: Not Found for url: https://autopart.tn/pieces/201/STR-9105_1.webp
46942,https://autopart.tn/pieces/201/STR-3063_1.webp,404 Client Error: Not Found for url: https://autopart.tn/pieces/201/STR-3063_1.webp
84771,https://autopart.tn/pieces/185/9020273_1.webp,404 Client Error: Not Found for url: https://autopart.tn/pieces/185/9020273_1.webp
86385,https://autopart.tn/pieces/185/9020362_1.webp,404 Client Error: Not Found for url: https://autopart.tn/pieces/185/9020362_1.webp
62300,https://autopart.tn/pieces/185/7729017_1.webp,404 Client Error: Not Found for url: https://autopart.tn/pieces/185/7729017_1.webp
79263,https://autopart.tn/pieces/6752/BF0426730010_1.webp,404 Client Error: Not Found for url: https://autopart.tn/pieces/6752/BF0426730010_1.webp
89259,https://autopart.tn/pieces/405/770420_1.webp,404 Client Error: Not Found for url: https://autopart.tn/pieces/405/770420_1.webp
41640,https://autopart.tn/pieces/30/1%20305%20233%20910_1.webp,404 Client Error: Not Found for url: https://autopart.tn/pieces/30/1%20305%20233%20910_1.webp
86380,https://autopart.tn/pieces/185/9020296_1.webp,404 Client Error: Not Found for url: https://autopart.tn/pieces/185/9020296_1.webp
83290,https://autopart.tn/pieces/6752/BF0426730018_1.webp,404 Client Error: Not Found for url: https://autopart.tn/pieces/6752/BF0426730018_1.webp
85958,https://autopart.tn/pieces/6752/BF0426730004_1.webp,404 Client Error: Not Found for url: https://autopart.tn/pieces/6752/BF0426730004_1.webp
44682,https://autopart.tn/pieces/21/118000_1.webp,404 Client Error: Not Found for url: https://autopart.tn/pieces/21/118000_1.webp
76684,https://autopart.tn/pieces/6752/BF0426730009_1.webp,404 Client Error: Not Found for url: https://autopart.tn/pieces/6752/BF0426730009_1.webp
87710,https://autopart.tn/pieces/6752/BF0426730027_1.webp,404 Client Error: Not Found for url: https://autopart.tn/pieces/6752/BF0426730027_1.webp
68453,https://autopart.tn/pieces/161/PSA572_1.webp,404 Client Error: Not Found for url: https://autopart.tn/pieces/161/PSA572_1.webp
36213,https://autopart.tn/pieces/30/0%20986%20487%20835_1.webp,404 Client Error: Not Found for url: https://autopart.tn/pieces/30/0%20986%20487%20835_1.webp
57072,https://autopart.tn/pieces/185/JBC1371_1.webp,404 Client Error: Not Found for url: https://autopart.tn/pieces/185/JBC1371_1.webp
65569,https://autopart.tn/pieces/185/JBC1372_1.webp,404 Client Error: Not Found for url: https://autopart.tn/pieces/185/JBC1372_1.webp
65568,https://autopart.tn/pieces/185/JBC1347_1.webp,404 Client Error: Not Found for url: https://autopart.tn/pieces/185/JBC1347_1.webp
66711,https://autopart.tn/pieces/185/JBC0016_1.webp,404 Client Error: Not Found for url: https://autopart.tn/pieces/185/JBC0016_1.webp
66722,https://autopart.tn/pieces/185/JBC1460_1.webp,404 Client Error: Not Found for url: https://autopart.tn/pieces/185/JBC1460_1.webp
66723,https://autopart.tn/pieces/185/JBC1483_1.webp,404 Client Error: Not Found for url: https://autopart.tn/pieces/185/JBC1483_1.webp
67023,https://autopart.tn/pieces/185/JBC1348_1.webp,404 Client Error: Not Found for url: https://autopart.tn/pieces/185/JBC1348_1.webp
67020,https://autopart.tn/pieces/185/JBC0015_1.webp,404 Client Error: Not Found for url: https://autopart.tn/pieces/185/JBC0015_1.webp
66724,https://autopart.tn/pieces/185/JBC1484_1.webp,404 Client Error: Not Found for url: https://autopart.tn/pieces/185/JBC1484_1.webp
65564,https://autopart.tn/pieces/185/JBC1189_1.webp,404 Client Error: Not Found for url: https://autopart.tn/pieces/185/JBC1189_1.webp
24398,https://autopart.tn/pieces/257/60-00-034_1.webp,404 Client Error: Not Found for url: https://autopart.tn/pieces/257/60-00-034_1.webp
24401,https://autopart.tn/pieces/257/60-02-207_1.webp,404 Client Error: Not Found for url: https://autopart.tn/pieces/257/60-02-207_1.webp
24405,https://autopart.tn/pieces/257/60-05-521_1.webp,404 Client Error: Not Found for url: https://autopart.tn/pieces/257/60-05-521_1.webp
24397,https://autopart.tn/pieces/257/60-00-013_1.webp,404 Client Error: Not Found for url: https://autopart.tn/pieces/257/60-00-013_1.webp
24403,https://autopart.tn/pieces/257/60-02-223_1.webp,404 Client Error: Not Found for url: https://autopart.tn/pieces/257/60-02-223_1.webp
43245,https://autopart.tn/pieces/6399/10-50334_1.webp,404 Client Error: Not Found for url: https://autopart.tn/pieces/6399/10-50334_1.webp
43246,https://autopart.tn/pieces/6399/10-50231_1.webp,404 Client Error: Not Found for url: https://autopart.tn/pieces/6399/10-50231_1.webp
43252,https://autopart.tn/pieces/6399/10-50220_1.webp,404 Client Error: Not Found for url: https://autopart.tn/pieces/6399/10-50220_1.webp
43248,https://autopart.tn/pieces/6399/10-50150_1.webp,404 Client Error: Not Found for url: https://autopart.tn/pieces/6399/10-50150_1.webp
43255,https://autopart.tn/pieces/6399/10-50278_1.webp,404 Client Error: Not Found for url: https://autopart.tn/pieces/6399/10-50278_1.webp
43251,https://autopart.tn/pieces/6399/10-50152_1.webp,404 Client Error: Not Found for url: https://autopart.tn/pieces/6399/10-50152_1.webp
43253,https://autopart.tn/pieces/6399/10-50187_1.webp,404 Client Error: Not Found for url: https://autopart.tn/pieces/6399/10-50187_1.webp
43266,https://autopart.tn/pieces/6399/10-50176_1.webp,404 Client Error: Not Found for url: https://autopart.tn/pieces/6399/10-50176_1.webp
43260,https://autopart.tn/pieces/6399/10-50205_1.webp,404 Client Error: Not Found for url: https://autopart.tn/pieces/6399/10-50205_1.webp
43274,https://autopart.tn/pieces/6399/10-50270_1.webp,404 Client Error: Not Found for url: https://autopart.tn/pieces/6399/10-50270_1.webp
43270,https://autopart.tn/pieces/6399/10-50206_1.webp,404 Client Error: Not Found for url: https://autopart.tn/pieces/6399/10-50206_1.webp
43276,https://autopart.tn/pieces/6399/10-50291_1.webp,404 Client Error: Not Found for url: https://autopart.tn/pieces/6399/10-50291_1.webp
43275,https://autopart.tn/pieces/6399/10-50282_1.webp,404 Client Error: Not Found for url: https://autopart.tn/pieces/6399/10-50282_1.webp
43279,https://autopart.tn/pieces/6399/10-50458_1.webp,404 Client Error: Not Found for url: https://autopart.tn/pieces/6399/10-50458_1.webp
43278,https://autopart.tn/pieces/6399/10-50454_1.webp,404 Client Error: Not Found for url: https://autopart.tn/pieces/6399/10-50454_1.webp
43649,https://autopart.tn/pieces/6399/10-50160_1.webp,404 Client Error: Not Found for url: https://autopart.tn/pieces/6399/10-50160_1.webp
43288,https://autopart.tn/pieces/6399/10-50360_1.webp,404 Client Error: Not Found for url: https://autopart.tn/pieces/6399/10-50360_1.webp
43751,https://autopart.tn/pieces/6399/10-50204_1.webp,404 Client Error: Not Found for url: https://autopart.tn/pieces/6399/10-50204_1.webp
43650,https://autopart.tn/pieces/6399/10-50181_1.webp,404 Client Error: Not Found for url: https://autopart.tn/pieces/6399/10-50181_1.webp
43766,https://autopart.tn/pieces/6399/10-50153_1.webp,404 Client Error: Not Found for url: https://autopart.tn/pieces/6399/10-50153_1.webp
43654,https://autopart.tn/pieces/6399/10-50241_1.webp,404 Client Error: Not Found for url: https://autopart.tn/pieces/6399/10-50241_1.webp
43860,https://autopart.tn/pieces/6399/10-50361_1.webp,404 Client Error: Not Found for url: https://autopart.tn/pieces/6399/10-50361_1.webp
43857,https://autopart.tn/pieces/6399/10-50168_1.webp,404 Client Error: Not Found for url: https://autopart.tn/pieces/6399/10-50168_1.webp
43249,https://autopart.tn/pieces/6399/10-50233_1.webp,404 Client Error: Not Found for url: https://autopart.tn/pieces/6399/10-50233_1.webp
43262,https://autopart.tn/pieces/6399/10-50502_1.webp,404 Client Error: Not Found for url: https://autopart.tn/pieces/6399/10-50502_1.webp
43261,https://autopart.tn/pieces/6399/10-50386B_1.webp,404 Client Error: Not Found for url: https://autopart.tn/pieces/6399/10-50386B_1.webp
43264,https://autopart.tn/pieces/6399/10-50164_1.webp,404 Client Error: Not Found for url: https://autopart.tn/pieces/6399/10-50164_1.webp
43267,https://autopart.tn/pieces/6399/10-50179_1.webp,404 Client Error: Not Found for url: https://autopart.tn/pieces/6399/10-50179_1.webp
43273,https://autopart.tn/pieces/6399/10-50250_1.webp,404 Client Error: Not Found for url: https://autopart.tn/pieces/6399/10-50250_1.webp
43286,https://autopart.tn/pieces/6399/10-50156_1.webp,404 Client Error: Not Found for url: https://autopart.tn/pieces/6399/10-50156_1.webp
43281,https://autopart.tn/pieces/6399/10-50763B_1.webp,404 Client Error: Not Found for url: https://autopart.tn/pieces/6399/10-50763B_1.webp
43277,https://autopart.tn/pieces/6399/10-50363_1.webp,404 Client Error: Not Found for url: https://autopart.tn/pieces/6399/10-50363_1.webp
43648,https://autopart.tn/pieces/6399/10-50157_1.webp,404 Client Error: Not Found for url: https://autopart.tn/pieces/6399/10-50157_1.webp
43752,https://autopart.tn/pieces/6399/10-50305_1.webp,404 Client Error: Not Found for url: https://autopart.tn/pieces/6399/10-50305_1.webp
43750,https://autopart.tn/pieces/6399/10-50183_1.webp,404 Client Error: Not Found for url: https://autopart.tn/pieces/6399/10-50183_1.webp
43806,https://autopart.tn/pieces/6399/10-50269_1.webp,404 Client Error: Not Found for url: https://autopart.tn/pieces/6399/10-50269_1.webp
48609,https://autopart.tn/pieces/185/103090_1.webp,404 Client Error: Not Found for url: https://autopart.tn/pieces/185/103090_1.webp
50041,https://autopart.tn/pieces/6358/82B1678_1.webp,404 Client Error: Not Found for url: https://autopart.tn/pieces/6358/82B1678_1.webp
51786,https://autopart.tn/pieces/4455/BSG%2063-210-018_1.webp,404 Client Error: Not Found for url: https://autopart.tn/pieces/4455/BSG%2063-210-018_1.webp
76552,https://autopart.tn/pieces/6752/BF0320110193_1.webp,404 Client Error: Not Found for url: https://autopart.tn/pieces/6752/BF0320110193_1.webp
79254,https://autopart.tn/pieces/6752/BF0320110134_1.webp,404 Client Error: Not Found for url: https://autopart.tn/pieces/6752/BF0320110134_1.webp
82000,https://autopart.tn/pieces/6399/10-50497_1.webp,404 Client Error: Not Found for url: https://autopart.tn/pieces/6399/10-50497_1.webp
35237,https://autopart.tn/pieces/197/O1029P_1.webp,404 Client Error: Not Found for url: https://autopart.tn/pieces/197/O1029P_1.webp
43268,https://autopart.tn/pieces/6399/10-50182_1.webp,404 Client Error: Not Found for url: https://autopart.tn/pieces/6399/10-50182_1.webp
43285,https://autopart.tn/pieces/6399/10-50350_1.webp,404 Client Error: Not Found for url: https://autopart.tn/pieces/6399/10-50350_1.webp
43291,https://autopart.tn/pieces/6399/10-50175_1.webp,404 Client Error: Not Found for url: https://autopart.tn/pieces/6399/10-50175_1.webp
43289,https://autopart.tn/pieces/6399/10-50464_1.webp,404 Client Error: Not Found for url: https://autopart.tn/pieces/6399/10-50464_1.webp
83140,https://autopart.tn/pieces/6752/BF0320110136_1.webp,404 Client Error: Not Found for url: https://autopart.tn/pieces/6752/BF0320110136_1.webp
87642,https://autopart.tn/pieces/6752/BF0320110445_1.webp,404 Client Error: Not Found for url: https://autopart.tn/pieces/6752/BF0320110445_1.webp
87637,https://autopart.tn/pieces/6752/BF0320110115_1.webp,404 Client Error: Not Found for url: https://autopart.tn/pieces/6752/BF0320110115_1.webp
63896,https://autopart.tn/pieces/6752/BF0321080153_1.webp,404 Client Error: Not Found for url: https://autopart.tn/pieces/6752/BF0321080153_1.webp
67243,https://autopart.tn/pieces/121/23-1812C_1.webp,404 Client Error: Not Found for url: https://autopart.tn/pieces/121/23-1812C_1.webp
76852,https://autopart.tn/pieces/201/BR-7713-C_1.webp,404 Client Error: Not Found for url: https://autopart.tn/pieces/201/BR-7713-C_1.webp
76974,https://autopart.tn/pieces/201/BR-9555-C_1.webp,404 Client Error: Not Found for url: https://autopart.tn/pieces/201/BR-9555-C_1.webp
82002,https://autopart.tn/pieces/6399/10-50249_1.webp,404 Client Error: Not Found for url: https://autopart.tn/pieces/6399/10-50249_1.webp
83167,https://autopart.tn/pieces/6752/BF0321080023_1.webp,404 Client Error: Not Found for url: https://autopart.tn/pieces/6752/BF0321080023_1.webp
57641,https://autopart.tn/pieces/201/BR-7715-C_1.webp,404 Client Error: Not Found for url: https://autopart.tn/pieces/201/BR-7715-C_1.webp
81990,https://autopart.tn/pieces/6399/10-50413_1.webp,404 Client Error: Not Found for url: https://autopart.tn/pieces/6399/10-50413_1.webp
82256,https://autopart.tn/pieces/6399/10-50535_1.webp,404 Client Error: Not Found for url: https://autopart.tn/pieces/6399/10-50535_1.webp
85740,https://autopart.tn/pieces/6752/BF0320280445_1.webp,404 Client Error: Not Found for url: https://autopart.tn/pieces/6752/BF0320280445_1.webp
76972,https://autopart.tn/pieces/201/BR-9517-C_1.webp,404 Client Error: Not Found for url: https://autopart.tn/pieces/201/BR-9517-C_1.webp
89755,https://autopart.tn/pieces/6752/BF0321080057_1.webp,404 Client Error: Not Found for url: https://autopart.tn/pieces/6752/BF0321080057_1.webp
73951,https://autopart.tn/pieces/6752/BF0318950005_1.webp,404 Client Error: Not Found for url: https://autopart.tn/pieces/6752/BF0318950005_1.webp
88796,https://autopart.tn/pieces/340/BM0464914_1.webp,404 Client Error: Not Found for url: https://autopart.tn/pieces/340/BM0464914_1.webp
76381,https://autopart.tn/pieces/6752/BF0112180055_1.webp,404 Client Error: Not Found for url: https://autopart.tn/pieces/6752/BF0112180055_1.webp
1675,https://autopart.tn/pieces/2/8GA%20002%20073-271_1.webp,404 Client Error: Not Found for url: https://autopart.tn/pieces/2/8GA%20002%20073-271_1.webp
76469,https://autopart.tn/pieces/6752/BF0216160004_1.webp,404 Client Error: Not Found for url: https://autopart.tn/pieces/6752/BF0216160004_1.webp
76934,https://autopart.tn/pieces/201/BD-9660_1.webp,404 Client Error: Not Found for url: https://autopart.tn/pieces/201/BD-9660_1.webp
89735,https://autopart.tn/pieces/6752/BF0320110225_1.webp,404 Client Error: Not Found for url: https://autopart.tn/pieces/6752/BF0320110225_1.webp
89732,https://autopart.tn/pieces/6752/BF0320110096_1.webp,404 Client Error: Not Found for url: https://autopart.tn/pieces/6752/BF0320110096_1.webp
89736,https://autopart.tn/pieces/6752/BF0320110309_1.webp,404 Client Error: Not Found for url: https://autopart.tn/pieces/6752/BF0320110309_1.webp
90061,https://autopart.tn/pieces/3/24.0110-0278.1_1.webp,404 Client Error: Not Found for url: https://autopart.tn/pieces/3/24.0110-0278.1_1.webp
89757,https://autopart.tn/pieces/6752/BF0321080069_1.webp,404 Client Error: Not Found for url: https://autopart.tn/pieces/6752/BF0321080069_1.webp
64913,https://autopart.tn/pieces/185/1170028_1.webp,404 Client Error: Not Found for url: https://autopart.tn/pieces/185/1170028_1.webp
64920,https://autopart.tn/pieces/185/1170035_1.webp,404 Client Error: Not Found for url: https://autopart.tn/pieces/185/1170035_1.webp
64914,https://autopart.tn/pieces/185/1170029_1.webp,404 Client Error: Not Found for url: https://autopart.tn/pieces/185/1170029_1.webp
66498,https://autopart.tn/pieces/185/1190587_1.webp,404 Client Error: Not Found for url: https://autopart.tn/pieces/185/1190587_1.webp
66777,https://autopart.tn/pieces/185/1190141_1.webp,404 Client Error: Not Found for url: https://autopart.tn/pieces/185/1190141_1.webp
66779,https://autopart.tn/pieces/185/1190174_1.webp,404 Client Error: Not Found for url: https://autopart.tn/pieces/185/1190174_1.webp
66500,https://autopart.tn/pieces/185/1190690_1.webp,404 Client Error: Not Found for url: https://autopart.tn/pieces/185/1190690_1.webp
66783,https://autopart.tn/pieces/185/1190344_1.webp,404 Client Error: Not Found for url: https://autopart.tn/pieces/185/1190344_1.webp
66499,https://autopart.tn/pieces/185/1190588_1.webp,404 Client Error: Not Found for url: https://autopart.tn/pieces/185/1190588_1.webp
66493,https://autopart.tn/pieces/185/1190173_1.webp,404 Client Error: Not Found for url: https://autopart.tn/pieces/185/1190173_1.webp
66778,https://autopart.tn/pieces/185/1190142_1.webp,404 Client Error: Not Found for url: https://autopart.tn/pieces/185/1190142_1.webp
67582,https://autopart.tn/pieces/185/1190467_1.webp,404 Client Error: Not Found for url: https://autopart.tn/pieces/185/1190467_1.webp
87647,https://autopart.tn/pieces/6752/BF0321050006_1.webp,404 Client Error: Not Found for url: https://autopart.tn/pieces/6752/BF0321050006_1.webp
66784,https://autopart.tn/pieces/185/1190347_1.webp,404 Client Error: Not Found for url: https://autopart.tn/pieces/185/1190347_1.webp
90083,https://autopart.tn/pieces/101/183833_1.webp,404 Client Error: Not Found for url: https://autopart.tn/pieces/101/183833_1.webp
65020,https://autopart.tn/pieces/185/1190294_1.webp,404 Client Error: Not Found for url: https://autopart.tn/pieces/185/1190294_1.webp
1420,https://autopart.tn/pieces/60/22-26689-00-0_1.webp,404 Client Error: Not Found for url: https://autopart.tn/pieces/60/22-26689-00-0_1.webp
1421,https://autopart.tn/pieces/60/22-27311-50-0_1.webp,404 Client Error: Not Found for url: https://autopart.tn/pieces/60/22-27311-50-0_1.webp
67201,https://autopart.tn/pieces/287/209%20SK%2050011%20000_1.webp,404 Client Error: Not Found for url: https://autopart.tn/pieces/287/209%20SK%2050011%20000_1.webp
57447,https://autopart.tn/pieces/287/209%20SK%2050042%20000_1.webp,404 Client Error: Not Found for url: https://autopart.tn/pieces/287/209%20SK%2050042%20000_1.webp
57448,https://autopart.tn/pieces/287/209%20SK%2050043%20000_1.webp,404 Client Error: Not Found for url: https://autopart.tn/pieces/287/209%20SK%2050043%20000_1.webp
86685,https://autopart.tn/pieces/341/7519235_1.webp,404 Client Error: Not Found for url: https://autopart.tn/pieces/341/7519235_1.webp
65131,https://autopart.tn/pieces/185/2110368_1.webp,404 Client Error: Not Found for url: https://autopart.tn/pieces/185/2110368_1.webp
65137,https://autopart.tn/pieces/185/2110417_1.webp,404 Client Error: Not Found for url: https://autopart.tn/pieces/185/2110417_1.webp
65140,https://autopart.tn/pieces/185/2110425_1.webp,404 Client Error: Not Found for url: https://autopart.tn/pieces/185/2110425_1.webp
65146,https://autopart.tn/pieces/185/2110444_1.webp,404 Client Error: Not Found for url: https://autopart.tn/pieces/185/2110444_1.webp
65161,https://autopart.tn/pieces/185/2110523_1.webp,404 Client Error: Not Found for url: https://autopart.tn/pieces/185/2110523_1.webp
65160,https://autopart.tn/pieces/185/2110517_1.webp,404 Client Error: Not Found for url: https://autopart.tn/pieces/185/2110517_1.webp
65166,https://autopart.tn/pieces/185/2110564_1.webp,404 Client Error: Not Found for url: https://autopart.tn/pieces/185/2110564_1.webp
65175,https://autopart.tn/pieces/185/2110650_1.webp,404 Client Error: Not Found for url: https://autopart.tn/pieces/185/2110650_1.webp
65180,https://autopart.tn/pieces/185/2110657_1.webp,404 Client Error: Not Found for url: https://autopart.tn/pieces/185/2110657_1.webp
65171,https://autopart.tn/pieces/185/2110590_1.webp,404 Client Error: Not Found for url: https://autopart.tn/pieces/185/2110590_1.webp
65184,https://autopart.tn/pieces/185/2110677_1.webp,404 Client Error: Not Found for url: https://autopart.tn/pieces/185/2110677_1.webp
65188,https://autopart.tn/pieces/185/2110701_1.webp,404 Client Error: Not Found for url: https://autopart.tn/pieces/185/2110701_1.webp
65197,https://autopart.tn/pieces/185/2110725_1.webp,404 Client Error: Not Found for url: https://autopart.tn/pieces/185/2110725_1.webp
63939,https://autopart.tn/pieces/6752/BF0425290025_1.webp,404 Client Error: Not Found for url: https://autopart.tn/pieces/6752/BF0425290025_1.webp
74052,https://autopart.tn/pieces/6752/BF0425290015_1.webp,404 Client Error: Not Found for url: https://autopart.tn/pieces/6752/BF0425290015_1.webp
1419,https://autopart.tn/pieces/60/22-23925-03-0_1.webp,404 Client Error: Not Found for url: https://autopart.tn/pieces/60/22-23925-03-0_1.webp
45740,https://autopart.tn/pieces/10/445.250_1.webp,404 Client Error: Not Found for url: https://autopart.tn/pieces/10/445.250_1.webp
57445,https://autopart.tn/pieces/287/037%20SK%2050030%20000_1.webp,404 Client Error: Not Found for url: https://autopart.tn/pieces/287/037%20SK%2050030%20000_1.webp
84514,https://autopart.tn/pieces/185/112098_1.webp,404 Client Error: Not Found for url: https://autopart.tn/pieces/185/112098_1.webp
65142,https://autopart.tn/pieces/185/2110437_1.webp,404 Client Error: Not Found for url: https://autopart.tn/pieces/185/2110437_1.webp
65145,https://autopart.tn/pieces/185/2110443_1.webp,404 Client Error: Not Found for url: https://autopart.tn/pieces/185/2110443_1.webp
65165,https://autopart.tn/pieces/185/2110563_1.webp,404 Client Error: Not Found for url: https://autopart.tn/pieces/185/2110563_1.webp
65181,https://autopart.tn/pieces/185/2110663_1.webp,404 Client Error: Not Found for url: https://autopart.tn/pieces/185/2110663_1.webp
65187,https://autopart.tn/pieces/185/2110698_1.webp,404 Client Error: Not Found for url: https://autopart.tn/pieces/185/2110698_1.webp
65190,https://autopart.tn/pieces/185/2110703_1.webp,404 Client Error: Not Found for url: https://autopart.tn/pieces/185/2110703_1.webp
65201,https://autopart.tn/pieces/185/2110735_1.webp,404 Client Error: Not Found for url: https://autopart.tn/pieces/185/2110735_1.webp
65200,https://autopart.tn/pieces/185/2110734_1.webp,404 Client Error: Not Found for url: https://autopart.tn/pieces/185/2110734_1.webp
65206,https://autopart.tn/pieces/185/2110754_1.webp,404 Client Error: Not Found for url: https://autopart.tn/pieces/185/2110754_1.webp
73693,https://autopart.tn/pieces/6752/BF0425980004_1.webp,404 Client Error: Not Found for url: https://autopart.tn/pieces/6752/BF0425980004_1.webp
80719,https://autopart.tn/pieces/10/104.280_1.webp,404 Client Error: Not Found for url: https://autopart.tn/pieces/10/104.280_1.webp
67195,https://autopart.tn/pieces/287/061%20SK%2050108%20000_1.webp,404 Client Error: Not Found for url: https://autopart.tn/pieces/287/061%20SK%2050108%20000_1.webp
83305,https://autopart.tn/pieces/6752/BF0427170073_1.webp,404 Client Error: Not Found for url: https://autopart.tn/pieces/6752/BF0427170073_1.webp
73683,https://autopart.tn/pieces/6752/BF0425290016_1.webp,404 Client Error: Not Found for url: https://autopart.tn/pieces/6752/BF0425290016_1.webp
57446,https://autopart.tn/pieces/287/037%20SK%2050031%20000_1.webp,404 Client Error: Not Found for url: https://autopart.tn/pieces/287/037%20SK%2050031%20000_1.webp
65133,https://autopart.tn/pieces/185/2110407_1.webp,404 Client Error: Not Found for url: https://autopart.tn/pieces/185/2110407_1.webp
65154,https://autopart.tn/pieces/185/2110475_1.webp,404 Client Error: Not Found for url: https://autopart.tn/pieces/185/2110475_1.webp
65163,https://autopart.tn/pieces/185/2110555_1.webp,404 Client Error: Not Found for url: https://autopart.tn/pieces/185/2110555_1.webp
65164,https://autopart.tn/pieces/185/2110560_1.webp,404 Client Error: Not Found for url: https://autopart.tn/pieces/185/2110560_1.webp
65179,https://autopart.tn/pieces/185/2110656_1.webp,404 Client Error: Not Found for url: https://autopart.tn/pieces/185/2110656_1.webp
65183,https://autopart.tn/pieces/185/2110676_1.webp,404 Client Error: Not Found for url: https://autopart.tn/pieces/185/2110676_1.webp
65209,https://autopart.tn/pieces/185/2110767_1.webp,404 Client Error: Not Found for url: https://autopart.tn/pieces/185/2110767_1.webp
65214,https://autopart.tn/pieces/185/2110817_1.webp,404 Client Error: Not Found for url: https://autopart.tn/pieces/185/2110817_1.webp
65210,https://autopart.tn/pieces/185/2110768_1.webp,404 Client Error: Not Found for url: https://autopart.tn/pieces/185/2110768_1.webp
65257,https://autopart.tn/pieces/185/2120358_1.webp,404 Client Error: Not Found for url: https://autopart.tn/pieces/185/2120358_1.webp
65260,https://autopart.tn/pieces/185/2120371_1.webp,404 Client Error: Not Found for url: https://autopart.tn/pieces/185/2120371_1.webp
65264,https://autopart.tn/pieces/185/2120386_1.webp,404 Client Error: Not Found for url: https://autopart.tn/pieces/185/2120386_1.webp
65269,https://autopart.tn/pieces/185/2120393_1.webp,404 Client Error: Not Found for url: https://autopart.tn/pieces/185/2120393_1.webp
65279,https://autopart.tn/pieces/185/2120418_1.webp,404 Client Error: Not Found for url: https://autopart.tn/pieces/185/2120418_1.webp
65278,https://autopart.tn/pieces/185/2120417_1.webp,404 Client Error: Not Found for url: https://autopart.tn/pieces/185/2120417_1.webp
65283,https://autopart.tn/pieces/185/2120432_1.webp,404 Client Error: Not Found for url: https://autopart.tn/pieces/185/2120432_1.webp
65284,https://autopart.tn/pieces/185/2120434_1.webp,404 Client Error: Not Found for url: https://autopart.tn/pieces/185/2120434_1.webp
65285,https://autopart.tn/pieces/185/2120435_1.webp,404 Client Error: Not Found for url: https://autopart.tn/pieces/185/2120435_1.webp
65298,https://autopart.tn/pieces/185/2120542_1.webp,404 Client Error: Not Found for url: https://autopart.tn/pieces/185/2120542_1.webp
65297,https://autopart.tn/pieces/185/2120541_1.webp,404 Client Error: Not Found for url: https://autopart.tn/pieces/185/2120541_1.webp
65299,https://autopart.tn/pieces/185/2120547_1.webp,404 Client Error: Not Found for url: https://autopart.tn/pieces/185/2120547_1.webp
65300,https://autopart.tn/pieces/185/2120557_1.webp,404 Client Error: Not Found for url: https://autopart.tn/pieces/185/2120557_1.webp
65304,https://autopart.tn/pieces/185/2120577_1.webp,404 Client Error: Not Found for url: https://autopart.tn/pieces/185/2120577_1.webp
65308,https://autopart.tn/pieces/185/2120585_1.webp,404 Client Error: Not Found for url: https://autopart.tn/pieces/185/2120585_1.webp
65316,https://autopart.tn/pieces/185/2120614_1.webp,404 Client Error: Not Found for url: https://autopart.tn/pieces/185/2120614_1.webp
65320,https://autopart.tn/pieces/185/2120621_1.webp,404 Client Error: Not Found for url: https://autopart.tn/pieces/185/2120621_1.webp
65319,https://autopart.tn/pieces/185/2120620_1.webp,404 Client Error: Not Found for url: https://autopart.tn/pieces/185/2120620_1.webp
65309,https://autopart.tn/pieces/185/2120586_1.webp,404 Client Error: Not Found for url: https://autopart.tn/pieces/185/2120586_1.webp
65323,https://autopart.tn/pieces/185/2120672_1.webp,404 Client Error: Not Found for url: https://autopart.tn/pieces/185/2120672_1.webp
66533,https://autopart.tn/pieces/185/2110535_1.webp,404 Client Error: Not Found for url: https://autopart.tn/pieces/185/2110535_1.webp
66532,https://autopart.tn/pieces/185/2110452_1.webp,404 Client Error: Not Found for url: https://autopart.tn/pieces/185/2110452_1.webp
66536,https://autopart.tn/pieces/185/2110607_1.webp,404 Client Error: Not Found for url: https://autopart.tn/pieces/185/2110607_1.webp
66541,https://autopart.tn/pieces/185/2110720_1.webp,404 Client Error: Not Found for url: https://autopart.tn/pieces/185/2110720_1.webp
66538,https://autopart.tn/pieces/185/2110644_1.webp,404 Client Error: Not Found for url: https://autopart.tn/pieces/185/2110644_1.webp
66542,https://autopart.tn/pieces/185/2110753_1.webp,404 Client Error: Not Found for url: https://autopart.tn/pieces/185/2110753_1.webp
66837,https://autopart.tn/pieces/185/2110552_1.webp,404 Client Error: Not Found for url: https://autopart.tn/pieces/185/2110552_1.webp
66549,https://autopart.tn/pieces/185/2120714_1.webp,404 Client Error: Not Found for url: https://autopart.tn/pieces/185/2120714_1.webp
66550,https://autopart.tn/pieces/185/2120736_1.webp,404 Client Error: Not Found for url: https://autopart.tn/pieces/185/2120736_1.webp
67629,https://autopart.tn/pieces/185/2110737_1.webp,404 Client Error: Not Found for url: https://autopart.tn/pieces/185/2110737_1.webp
65155,https://autopart.tn/pieces/185/2110476_1.webp,404 Client Error: Not Found for url: https://autopart.tn/pieces/185/2110476_1.webp
65186,https://autopart.tn/pieces/185/2110697_1.webp,404 Client Error: Not Found for url: https://autopart.tn/pieces/185/2110697_1.webp
65172,https://autopart.tn/pieces/185/2110591_1.webp,404 Client Error: Not Found for url: https://autopart.tn/pieces/185/2110591_1.webp
65207,https://autopart.tn/pieces/185/2110755_1.webp,404 Client Error: Not Found for url: https://autopart.tn/pieces/185/2110755_1.webp
65211,https://autopart.tn/pieces/185/2110769_1.webp,404 Client Error: Not Found for url: https://autopart.tn/pieces/185/2110769_1.webp
65216,https://autopart.tn/pieces/185/2110820_1.webp,404 Client Error: Not Found for url: https://autopart.tn/pieces/185/2110820_1.webp
65224,https://autopart.tn/pieces/185/2110833_1.webp,404 Client Error: Not Found for url: https://autopart.tn/pieces/185/2110833_1.webp
65229,https://autopart.tn/pieces/185/2110843_1.webp,404 Client Error: Not Found for url: https://autopart.tn/pieces/185/2110843_1.webp
65254,https://autopart.tn/pieces/185/2120349_1.webp,404 Client Error: Not Found for url: https://autopart.tn/pieces/185/2120349_1.webp
65262,https://autopart.tn/pieces/185/2120382_1.webp,404 Client Error: Not Found for url: https://autopart.tn/pieces/185/2120382_1.webp
65265,https://autopart.tn/pieces/185/2120387_1.webp,404 Client Error: Not Found for url: https://autopart.tn/pieces/185/2120387_1.webp
65267,https://autopart.tn/pieces/185/2120389_1.webp,404 Client Error: Not Found for url: https://autopart.tn/pieces/185/2120389_1.webp
65272,https://autopart.tn/pieces/185/2120400_1.webp,404 Client Error: Not Found for url: https://autopart.tn/pieces/185/2120400_1.webp
65276,https://autopart.tn/pieces/185/2120415_1.webp,404 Client Error: Not Found for url: https://autopart.tn/pieces/185/2120415_1.webp
65289,https://autopart.tn/pieces/185/2120467_1.webp,404 Client Error: Not Found for url: https://autopart.tn/pieces/185/2120467_1.webp
65290,https://autopart.tn/pieces/185/2120468_1.webp,404 Client Error: Not Found for url: https://autopart.tn/pieces/185/2120468_1.webp
65295,https://autopart.tn/pieces/185/2120491_1.webp,404 Client Error: Not Found for url: https://autopart.tn/pieces/185/2120491_1.webp
65327,https://autopart.tn/pieces/185/2120688_1.webp,404 Client Error: Not Found for url: https://autopart.tn/pieces/185/2120688_1.webp
65329,https://autopart.tn/pieces/185/2120718_1.webp,404 Client Error: Not Found for url: https://autopart.tn/pieces/185/2120718_1.webp
66535,https://autopart.tn/pieces/185/2110574_1.webp,404 Client Error: Not Found for url: https://autopart.tn/pieces/185/2110574_1.webp
66540,https://autopart.tn/pieces/185/2110678_1.webp,404 Client Error: Not Found for url: https://autopart.tn/pieces/185/2110678_1.webp
66546,https://autopart.tn/pieces/185/2120391_1.webp,404 Client Error: Not Found for url: https://autopart.tn/pieces/185/2120391_1.webp
66548,https://autopart.tn/pieces/185/2120539_1.webp,404 Client Error: Not Found for url: https://autopart.tn/pieces/185/2120539_1.webp
66838,https://autopart.tn/pieces/185/2110699_1.webp,404 Client Error: Not Found for url: https://autopart.tn/pieces/185/2110699_1.webp
66840,https://autopart.tn/pieces/185/2120347_1.webp,404 Client Error: Not Found for url: https://autopart.tn/pieces/185/2120347_1.webp
67628,https://autopart.tn/pieces/185/2110525_1.webp,404 Client Error: Not Found for url: https://autopart.tn/pieces/185/2110525_1.webp
65213,https://autopart.tn/pieces/185/2110778_1.webp,404 Client Error: Not Found for url: https://autopart.tn/pieces/185/2110778_1.webp
65212,https://autopart.tn/pieces/185/2110771_1.webp,404 Client Error: Not Found for url: https://autopart.tn/pieces/185/2110771_1.webp
65231,https://autopart.tn/pieces/185/2110852_1.webp,404 Client Error: Not Found for url: https://autopart.tn/pieces/185/2110852_1.webp
65266,https://autopart.tn/pieces/185/2120388_1.webp,404 Client Error: Not Found for url: https://autopart.tn/pieces/185/2120388_1.webp
65248,https://autopart.tn/pieces/185/2120340_1.webp,404 Client Error: Not Found for url: https://autopart.tn/pieces/185/2120340_1.webp
65282,https://autopart.tn/pieces/185/2120429_1.webp,404 Client Error: Not Found for url: https://autopart.tn/pieces/185/2120429_1.webp
66547,https://autopart.tn/pieces/185/2120436_1.webp,404 Client Error: Not Found for url: https://autopart.tn/pieces/185/2120436_1.webp
90104,https://autopart.tn/pieces/121/14-0038_1.webp,404 Client Error: Not Found for url: https://autopart.tn/pieces/121/14-0038_1.webp
76411,https://autopart.tn/pieces/6752/BF0112440026_1.webp,404 Client Error: Not Found for url: https://autopart.tn/pieces/6752/BF0112440026_1.webp
73922,https://autopart.tn/pieces/6752/BF0115700005_1.webp,404 Client Error: Not Found for url: https://autopart.tn/pieces/6752/BF0115700005_1.webp
81833,https://autopart.tn/pieces/6752/BF0319900025_1.webp,404 Client Error: Not Found for url: https://autopart.tn/pieces/6752/BF0319900025_1.webp
81834,https://autopart.tn/pieces/6752/BF0319930044_1.webp,404 Client Error: Not Found for url: https://autopart.tn/pieces/6752/BF0319930044_1.webp
73364,https://autopart.tn/pieces/6752/BF0135450080_1.webp,404 Client Error: Not Found for url: https://autopart.tn/pieces/6752/BF0135450080_1.webp
73355,https://autopart.tn/pieces/6752/BF0113480290_1.webp,404 Client Error: Not Found for url: https://autopart.tn/pieces/6752/BF0113480290_1.webp
78946,https://autopart.tn/pieces/6752/BF0113480289_1.webp,404 Client Error: Not Found for url: https://autopart.tn/pieces/6752/BF0113480289_1.webp
78877,https://autopart.tn/pieces/6752/BF0113480157_1.webp,404 Client Error: Not Found for url: https://autopart.tn/pieces/6752/BF0113480157_1.webp
78945,https://autopart.tn/pieces/6752/BF0113480165_1.webp,404 Client Error: Not Found for url: https://autopart.tn/pieces/6752/BF0113480165_1.webp
72263,https://autopart.tn/pieces/21/804944_1.webp,404 Client Error: Not Found for url: https://autopart.tn/pieces/21/804944_1.webp
75383,https://autopart.tn/pieces/185/5750015_1.webp,404 Client Error: Not Found for url: https://autopart.tn/pieces/185/5750015_1.webp
75386,https://autopart.tn/pieces/185/5750018_1.webp,404 Client Error: Not Found for url: https://autopart.tn/pieces/185/5750018_1.webp
75389,https://autopart.tn/pieces/185/5750023_1.webp,404 Client Error: Not Found for url: https://autopart.tn/pieces/185/5750023_1.webp
75394,https://autopart.tn/pieces/185/5750031_1.webp,404 Client Error: Not Found for url: https://autopart.tn/pieces/185/5750031_1.webp
75397,https://autopart.tn/pieces/185/5750036_1.webp,404 Client Error: Not Found for url: https://autopart.tn/pieces/185/5750036_1.webp
75417,https://autopart.tn/pieces/185/5750067_1.webp,404 Client Error: Not Found for url: https://autopart.tn/pieces/185/5750067_1.webp
75416,https://autopart.tn/pieces/185/5750062_1.webp,404 Client Error: Not Found for url: https://autopart.tn/pieces/185/5750062_1.webp
75419,https://autopart.tn/pieces/185/5750070_1.webp,404 Client Error: Not Found for url: https://autopart.tn/pieces/185/5750070_1.webp
75415,https://autopart.tn/pieces/185/5750061_1.webp,404 Client Error: Not Found for url: https://autopart.tn/pieces/185/5750061_1.webp
75426,https://autopart.tn/pieces/185/5750081_1.webp,404 Client Error: Not Found for url: https://autopart.tn/pieces/185/5750081_1.webp
75428,https://autopart.tn/pieces/185/5750084_1.webp,404 Client Error: Not Found for url: https://autopart.tn/pieces/185/5750084_1.webp
75432,https://autopart.tn/pieces/185/5750088_1.webp,404 Client Error: Not Found for url: https://autopart.tn/pieces/185/5750088_1.webp
75436,https://autopart.tn/pieces/185/5750093_1.webp,404 Client Error: Not Found for url: https://autopart.tn/pieces/185/5750093_1.webp
75438,https://autopart.tn/pieces/185/5750095_1.webp,404 Client Error: Not Found for url: https://autopart.tn/pieces/185/5750095_1.webp
75439,https://autopart.tn/pieces/185/5750098_1.webp,404 Client Error: Not Found for url: https://autopart.tn/pieces/185/5750098_1.webp
75445,https://autopart.tn/pieces/185/5750107_1.webp,404 Client Error: Not Found for url: https://autopart.tn/pieces/185/5750107_1.webp
75450,https://autopart.tn/pieces/185/5750116_1.webp,404 Client Error: Not Found for url: https://autopart.tn/pieces/185/5750116_1.webp
75454,https://autopart.tn/pieces/185/5750122_1.webp,404 Client Error: Not Found for url: https://autopart.tn/pieces/185/5750122_1.webp
75460,https://autopart.tn/pieces/185/5750130_1.webp,404 Client Error: Not Found for url: https://autopart.tn/pieces/185/5750130_1.webp
75461,https://autopart.tn/pieces/185/5750131_1.webp,404 Client Error: Not Found for url: https://autopart.tn/pieces/185/5750131_1.webp
75466,https://autopart.tn/pieces/185/5750137_1.webp,404 Client Error: Not Found for url: https://autopart.tn/pieces/185/5750137_1.webp
75468,https://autopart.tn/pieces/185/5750139_1.webp,404 Client Error: Not Found for url: https://autopart.tn/pieces/185/5750139_1.webp
75457,https://autopart.tn/pieces/185/5750127_1.webp,404 Client Error: Not Found for url: https://autopart.tn/pieces/185/5750127_1.webp
75483,https://autopart.tn/pieces/185/5750174_1.webp,404 Client Error: Not Found for url: https://autopart.tn/pieces/185/5750174_1.webp
75473,https://autopart.tn/pieces/185/5750150_1.webp,404 Client Error: Not Found for url: https://autopart.tn/pieces/185/5750150_1.webp
75492,https://autopart.tn/pieces/185/5750206_1.webp,404 Client Error: Not Found for url: https://autopart.tn/pieces/185/5750206_1.webp
75494,https://autopart.tn/pieces/185/5750212_1.webp,404 Client Error: Not Found for url: https://autopart.tn/pieces/185/5750212_1.webp
75503,https://autopart.tn/pieces/185/5750301_1.webp,404 Client Error: Not Found for url: https://autopart.tn/pieces/185/5750301_1.webp
75502,https://autopart.tn/pieces/185/5750291_1.webp,404 Client Error: Not Found for url: https://autopart.tn/pieces/185/5750291_1.webp
75500,https://autopart.tn/pieces/185/5750233_1.webp,404 Client Error: Not Found for url: https://autopart.tn/pieces/185/5750233_1.webp
75507,https://autopart.tn/pieces/185/5750320_1.webp,404 Client Error: Not Found for url: https://autopart.tn/pieces/185/5750320_1.webp
76998,https://autopart.tn/pieces/201/CMC-6557_1.webp,404 Client Error: Not Found for url: https://autopart.tn/pieces/201/CMC-6557_1.webp
75511,https://autopart.tn/pieces/185/5750332_1.webp,404 Client Error: Not Found for url: https://autopart.tn/pieces/185/5750332_1.webp
83900,https://autopart.tn/pieces/185/5750269_1.webp,404 Client Error: Not Found for url: https://autopart.tn/pieces/185/5750269_1.webp
78878,https://autopart.tn/pieces/6752/BF0113480162_1.webp,404 Client Error: Not Found for url: https://autopart.tn/pieces/6752/BF0113480162_1.webp
78944,https://autopart.tn/pieces/6752/BF0113480057_1.webp,404 Client Error: Not Found for url: https://autopart.tn/pieces/6752/BF0113480057_1.webp
61196,https://autopart.tn/pieces/21/874643_1.webp,404 Client Error: Not Found for url: https://autopart.tn/pieces/21/874643_1.webp
67257,https://autopart.tn/pieces/121/55-0084_1.webp,404 Client Error: Not Found for url: https://autopart.tn/pieces/121/55-0084_1.webp
73354,https://autopart.tn/pieces/6752/BF0113480072_1.webp,404 Client Error: Not Found for url: https://autopart.tn/pieces/6752/BF0113480072_1.webp
58765,https://autopart.tn/pieces/21/800305_1.webp,404 Client Error: Not Found for url: https://autopart.tn/pieces/21/800305_1.webp
75378,https://autopart.tn/pieces/185/5750004_1.webp,404 Client Error: Not Found for url: https://autopart.tn/pieces/185/5750004_1.webp
75382,https://autopart.tn/pieces/185/5750014_1.webp,404 Client Error: Not Found for url: https://autopart.tn/pieces/185/5750014_1.webp
75396,https://autopart.tn/pieces/185/5750033_1.webp,404 Client Error: Not Found for url: https://autopart.tn/pieces/185/5750033_1.webp
75393,https://autopart.tn/pieces/185/5750030_1.webp,404 Client Error: Not Found for url: https://autopart.tn/pieces/185/5750030_1.webp
75379,https://autopart.tn/pieces/185/5750006_1.webp,404 Client Error: Not Found for url: https://autopart.tn/pieces/185/5750006_1.webp
75392,https://autopart.tn/pieces/185/5750029_1.webp,404 Client Error: Not Found for url: https://autopart.tn/pieces/185/5750029_1.webp
59280,https://autopart.tn/pieces/101/176137_1.webp,404 Client Error: Not Found for url: https://autopart.tn/pieces/101/176137_1.webp
73539,https://autopart.tn/pieces/6752/ATPP1212118014_1.webp,404 Client Error: Not Found for url: https://autopart.tn/pieces/6752/ATPP1212118014_1.webp
73630,https://autopart.tn/pieces/6752/BF0112360334_1.webp,404 Client Error: Not Found for url: https://autopart.tn/pieces/6752/BF0112360334_1.webp
63609,https://autopart.tn/pieces/6752/ATPP1112140003_1.webp,404 Client Error: Not Found for url: https://autopart.tn/pieces/6752/ATPP1112140003_1.webp
73629,https://autopart.tn/pieces/6752/BF0112360333_1.webp,404 Client Error: Not Found for url: https://autopart.tn/pieces/6752/BF0112360333_1.webp
73631,https://autopart.tn/pieces/6752/BF0112360381_1.webp,404 Client Error: Not Found for url: https://autopart.tn/pieces/6752/BF0112360381_1.webp
73350,https://autopart.tn/pieces/6752/BF0112360046_1.webp,404 Client Error: Not Found for url: https://autopart.tn/pieces/6752/BF0112360046_1.webp
73913,https://autopart.tn/pieces/6752/BF0112360380_1.webp,404 Client Error: Not Found for url: https://autopart.tn/pieces/6752/BF0112360380_1.webp
76386,https://autopart.tn/pieces/6752/BF0112240092_1.webp,404 Client Error: Not Found for url: https://autopart.tn/pieces/6752/BF0112240092_1.webp
76409,https://autopart.tn/pieces/6752/BF0112360307_1.webp,404 Client Error: Not Found for url: https://autopart.tn/pieces/6752/BF0112360307_1.webp
81749,https://autopart.tn/pieces/6752/ATPP12KIT052_1.webp,404 Client Error: Not Found for url: https://autopart.tn/pieces/6752/ATPP12KIT052_1.webp
75402,https://autopart.tn/pieces/185/5750042_1.webp,404 Client Error: Not Found for url: https://autopart.tn/pieces/185/5750042_1.webp
75395,https://autopart.tn/pieces/185/5750032_1.webp,404 Client Error: Not Found for url: https://autopart.tn/pieces/185/5750032_1.webp
75406,https://autopart.tn/pieces/185/5750048_1.webp,404 Client Error: Not Found for url: https://autopart.tn/pieces/185/5750048_1.webp
75408,https://autopart.tn/pieces/185/5750050_1.webp,404 Client Error: Not Found for url: https://autopart.tn/pieces/185/5750050_1.webp
75407,https://autopart.tn/pieces/185/5750049_1.webp,404 Client Error: Not Found for url: https://autopart.tn/pieces/185/5750049_1.webp
75411,https://autopart.tn/pieces/185/5750054_1.webp,404 Client Error: Not Found for url: https://autopart.tn/pieces/185/5750054_1.webp
75414,https://autopart.tn/pieces/185/5750058_1.webp,404 Client Error: Not Found for url: https://autopart.tn/pieces/185/5750058_1.webp
75403,https://autopart.tn/pieces/185/5750043_1.webp,404 Client Error: Not Found for url: https://autopart.tn/pieces/185/5750043_1.webp
75421,https://autopart.tn/pieces/185/5750072_1.webp,404 Client Error: Not Found for url: https://autopart.tn/pieces/185/5750072_1.webp
75434,https://autopart.tn/pieces/185/5750090_1.webp,404 Client Error: Not Found for url: https://autopart.tn/pieces/185/5750090_1.webp
75431,https://autopart.tn/pieces/185/5750087_1.webp,404 Client Error: Not Found for url: https://autopart.tn/pieces/185/5750087_1.webp
75440,https://autopart.tn/pieces/185/5750099_1.webp,404 Client Error: Not Found for url: https://autopart.tn/pieces/185/5750099_1.webp
75469,https://autopart.tn/pieces/185/5750141_1.webp,404 Client Error: Not Found for url: https://autopart.tn/pieces/185/5750141_1.webp
75463,https://autopart.tn/pieces/185/5750134_1.webp,404 Client Error: Not Found for url: https://autopart.tn/pieces/185/5750134_1.webp
75443,https://autopart.tn/pieces/185/5750105_1.webp,404 Client Error: Not Found for url: https://autopart.tn/pieces/185/5750105_1.webp
75482,https://autopart.tn/pieces/185/5750172_1.webp,404 Client Error: Not Found for url: https://autopart.tn/pieces/185/5750172_1.webp
75489,https://autopart.tn/pieces/185/5750194_1.webp,404 Client Error: Not Found for url: https://autopart.tn/pieces/185/5750194_1.webp
75515,https://autopart.tn/pieces/185/5750344_1.webp,404 Client Error: Not Found for url: https://autopart.tn/pieces/185/5750344_1.webp
75497,https://autopart.tn/pieces/185/5750219_1.webp,404 Client Error: Not Found for url: https://autopart.tn/pieces/185/5750219_1.webp
75418,https://autopart.tn/pieces/185/5750068_1.webp,404 Client Error: Not Found for url: https://autopart.tn/pieces/185/5750068_1.webp
75430,https://autopart.tn/pieces/185/5750086_1.webp,404 Client Error: Not Found for url: https://autopart.tn/pieces/185/5750086_1.webp
75425,https://autopart.tn/pieces/185/5750077_1.webp,404 Client Error: Not Found for url: https://autopart.tn/pieces/185/5750077_1.webp
75441,https://autopart.tn/pieces/185/5750101_1.webp,404 Client Error: Not Found for url: https://autopart.tn/pieces/185/5750101_1.webp
75495,https://autopart.tn/pieces/185/5750214_1.webp,404 Client Error: Not Found for url: https://autopart.tn/pieces/185/5750214_1.webp
75505,https://autopart.tn/pieces/185/5750307_1.webp,404 Client Error: Not Found for url: https://autopart.tn/pieces/185/5750307_1.webp
75499,https://autopart.tn/pieces/185/5750231_1.webp,404 Client Error: Not Found for url: https://autopart.tn/pieces/185/5750231_1.webp
75493,https://autopart.tn/pieces/185/5750207_1.webp,404 Client Error: Not Found for url: https://autopart.tn/pieces/185/5750207_1.webp
63794,https://autopart.tn/pieces/6752/BF0112360182_1.webp,404 Client Error: Not Found for url: https://autopart.tn/pieces/6752/BF0112360182_1.webp
63796,https://autopart.tn/pieces/6752/BF0112360203_1.webp,404 Client Error: Not Found for url: https://autopart.tn/pieces/6752/BF0112360203_1.webp
73351,https://autopart.tn/pieces/6752/BF0112360080_1.webp,404 Client Error: Not Found for url: https://autopart.tn/pieces/6752/BF0112360080_1.webp
76387,https://autopart.tn/pieces/6752/BF0112240093_1.webp,404 Client Error: Not Found for url: https://autopart.tn/pieces/6752/BF0112240093_1.webp
81761,https://autopart.tn/pieces/6752/ATPP1112118003_1.webp,404 Client Error: Not Found for url: https://autopart.tn/pieces/6752/ATPP1112118003_1.webp
83009,https://autopart.tn/pieces/6752/ATPP1112140002_1.webp,404 Client Error: Not Found for url: https://autopart.tn/pieces/6752/ATPP1112140002_1.webp
81790,https://autopart.tn/pieces/6752/BF0112360424_1.webp,404 Client Error: Not Found for url: https://autopart.tn/pieces/6752/BF0112360424_1.webp
83008,https://autopart.tn/pieces/6752/ATPP1112139002_1.webp,404 Client Error: Not Found for url: https://autopart.tn/pieces/6752/ATPP1112139002_1.webp
78867,https://autopart.tn/pieces/6752/BF0112240305_1.webp,404 Client Error: Not Found for url: https://autopart.tn/pieces/6752/BF0112240305_1.webp
83074,https://autopart.tn/pieces/6752/BF0112360096_1.webp,404 Client Error: Not Found for url: https://autopart.tn/pieces/6752/BF0112360096_1.webp
83073,https://autopart.tn/pieces/6752/BF0112360050_1.webp,404 Client Error: Not Found for url: https://autopart.tn/pieces/6752/BF0112360050_1.webp
63681,https://autopart.tn/pieces/6752/BACB11-205010_1.webp,404 Client Error: Not Found for url: https://autopart.tn/pieces/6752/BACB11-205010_1.webp
66938,https://autopart.tn/pieces/185/890306_1.webp,404 Client Error: Not Found for url: https://autopart.tn/pieces/185/890306_1.webp
73881,https://autopart.tn/pieces/6752/BACB23-205001_1.webp,404 Client Error: Not Found for url: https://autopart.tn/pieces/6752/BACB23-205001_1.webp
79225,https://autopart.tn/pieces/6752/BF0428140543_1.webp,404 Client Error: Not Found for url: https://autopart.tn/pieces/6752/BF0428140543_1.webp
76721,https://autopart.tn/pieces/6752/BF0428140601_1.webp,404 Client Error: Not Found for url: https://autopart.tn/pieces/6752/BF0428140601_1.webp
73766,https://autopart.tn/pieces/6752/BF0428140731_1.webp,404 Client Error: Not Found for url: https://autopart.tn/pieces/6752/BF0428140731_1.webp
76722,https://autopart.tn/pieces/6752/BF0428140737_1.webp,404 Client Error: Not Found for url: https://autopart.tn/pieces/6752/BF0428140737_1.webp
66941,https://autopart.tn/pieces/185/890790_1.webp,404 Client Error: Not Found for url: https://autopart.tn/pieces/185/890790_1.webp
66643,https://autopart.tn/pieces/185/890457_1.webp,404 Client Error: Not Found for url: https://autopart.tn/pieces/185/890457_1.webp
73475,https://autopart.tn/pieces/6752/BF0428140049_1.webp,404 Client Error: Not Found for url: https://autopart.tn/pieces/6752/BF0428140049_1.webp
73775,https://autopart.tn/pieces/6752/BF0530300182_1.webp,404 Client Error: Not Found for url: https://autopart.tn/pieces/6752/BF0530300182_1.webp
74129,https://autopart.tn/pieces/6752/BF0428140276_1.webp,404 Client Error: Not Found for url: https://autopart.tn/pieces/6752/BF0428140276_1.webp
64027,https://autopart.tn/pieces/6752/BF0428140361_1.webp,404 Client Error: Not Found for url: https://autopart.tn/pieces/6752/BF0428140361_1.webp
66942,https://autopart.tn/pieces/185/891087_1.webp,404 Client Error: Not Found for url: https://autopart.tn/pieces/185/891087_1.webp
66939,https://autopart.tn/pieces/185/890386_1.webp,404 Client Error: Not Found for url: https://autopart.tn/pieces/185/890386_1.webp
64029,https://autopart.tn/pieces/6752/BF0428140459_1.webp,404 Client Error: Not Found for url: https://autopart.tn/pieces/6752/BF0428140459_1.webp
76720,https://autopart.tn/pieces/6752/BF0428140510_1.webp,404 Client Error: Not Found for url: https://autopart.tn/pieces/6752/BF0428140510_1.webp
76719,https://autopart.tn/pieces/6752/BF0428140323_1.webp,404 Client Error: Not Found for url: https://autopart.tn/pieces/6752/BF0428140323_1.webp
80063,https://autopart.tn/pieces/185/890335_1.webp,404 Client Error: Not Found for url: https://autopart.tn/pieces/185/890335_1.webp
79224,https://autopart.tn/pieces/6752/BF0428140542_1.webp,404 Client Error: Not Found for url: https://autopart.tn/pieces/6752/BF0428140542_1.webp
79226,https://autopart.tn/pieces/6752/BF0428140713_1.webp,404 Client Error: Not Found for url: https://autopart.tn/pieces/6752/BF0428140713_1.webp
73759,https://autopart.tn/pieces/6752/BF0428140244_1.webp,404 Client Error: Not Found for url: https://autopart.tn/pieces/6752/BF0428140244_1.webp
82880,https://autopart.tn/pieces/6752/BF0428140287_1.webp,404 Client Error: Not Found for url: https://autopart.tn/pieces/6752/BF0428140287_1.webp
86004,https://autopart.tn/pieces/6752/BF0428140590_1.webp,404 Client Error: Not Found for url: https://autopart.tn/pieces/6752/BF0428140590_1.webp
86370,https://autopart.tn/pieces/185/890201_1.webp,404 Client Error: Not Found for url: https://autopart.tn/pieces/185/890201_1.webp
86010,https://autopart.tn/pieces/6752/BF0428140787_1.webp,404 Client Error: Not Found for url: https://autopart.tn/pieces/6752/BF0428140787_1.webp
86013,https://autopart.tn/pieces/6752/BF0428210064_1.webp,404 Client Error: Not Found for url: https://autopart.tn/pieces/6752/BF0428210064_1.webp
87027,https://autopart.tn/pieces/10034/21950B4100_K_1.webp,404 Client Error: Not Found for url: https://autopart.tn/pieces/10034/21950B4100_K_1.webp
87234,https://autopart.tn/pieces/301/634%20536_1.webp,404 Client Error: Not Found for url: https://autopart.tn/pieces/301/634%20536_1.webp
86652,https://autopart.tn/pieces/301/207%20762_1.webp,404 Client Error: Not Found for url: https://autopart.tn/pieces/301/207%20762_1.webp
89184,https://autopart.tn/pieces/185/890970_1.webp,404 Client Error: Not Found for url: https://autopart.tn/pieces/185/890970_1.webp
76255,https://autopart.tn/pieces/6752/BACB11-340007_1.webp,404 Client Error: Not Found for url: https://autopart.tn/pieces/6752/BACB11-340007_1.webp
82898,https://autopart.tn/pieces/6752/BF0530300179_1.webp,404 Client Error: Not Found for url: https://autopart.tn/pieces/6752/BF0530300179_1.webp
82780,https://autopart.tn/pieces/6752/BF0428140234_1.webp,404 Client Error: Not Found for url: https://autopart.tn/pieces/6752/BF0428140234_1.webp
82778,https://autopart.tn/pieces/6752/BF0428140186_1.webp,404 Client Error: Not Found for url: https://autopart.tn/pieces/6752/BF0428140186_1.webp
82883,https://autopart.tn/pieces/6752/BF0428140494_1.webp,404 Client Error: Not Found for url: https://autopart.tn/pieces/6752/BF0428140494_1.webp
82882,https://autopart.tn/pieces/6752/BF0428140540_1.webp,404 Client Error: Not Found for url: https://autopart.tn/pieces/6752/BF0428140540_1.webp
83335,https://autopart.tn/pieces/6752/BF0530450004_1.webp,404 Client Error: Not Found for url: https://autopart.tn/pieces/6752/BF0530450004_1.webp
85995,https://autopart.tn/pieces/6752/BF0428140027_1.webp,404 Client Error: Not Found for url: https://autopart.tn/pieces/6752/BF0428140027_1.webp
86011,https://autopart.tn/pieces/6752/BF0428210063_1.webp,404 Client Error: Not Found for url: https://autopart.tn/pieces/6752/BF0428210063_1.webp
86008,https://autopart.tn/pieces/6752/BF0428140682_1.webp,404 Client Error: Not Found for url: https://autopart.tn/pieces/6752/BF0428140682_1.webp
87718,https://autopart.tn/pieces/6752/BF0530450013_1.webp,404 Client Error: Not Found for url: https://autopart.tn/pieces/6752/BF0530450013_1.webp
90091,https://autopart.tn/pieces/301/205%20857_1.webp,404 Client Error: Not Found for url: https://autopart.tn/pieces/301/205%20857_1.webp
81888,https://autopart.tn/pieces/6752/BACB12-340009_1.webp,404 Client Error: Not Found for url: https://autopart.tn/pieces/6752/BACB12-340009_1.webp
86009,https://autopart.tn/pieces/6752/BF0428140786_1.webp,404 Client Error: Not Found for url: https://autopart.tn/pieces/6752/BF0428140786_1.webp
87557,https://autopart.tn/pieces/6752/BF0428140823_1.webp,404 Client Error: Not Found for url: https://autopart.tn/pieces/6752/BF0428140823_1.webp
52029,https://autopart.tn/pieces/4455/BSG%2015-700-038_1.webp,404 Client Error: Not Found for url: https://autopart.tn/pieces/4455/BSG%2015-700-038_1.webp
52022,https://autopart.tn/pieces/4455/BSG%2040-700-190_1.webp,404 Client Error: Not Found for url: https://autopart.tn/pieces/4455/BSG%2040-700-190_1.webp
72172,https://autopart.tn/pieces/201/SCR-10483_1.webp,404 Client Error: Not Found for url: https://autopart.tn/pieces/201/SCR-10483_1.webp
73392,https://autopart.tn/pieces/6752/BF0320840011_1.webp,404 Client Error: Not Found for url: https://autopart.tn/pieces/6752/BF0320840011_1.webp
81944,https://autopart.tn/pieces/6752/BF0320840047_1.webp,404 Client Error: Not Found for url: https://autopart.tn/pieces/6752/BF0320840047_1.webp
85303,https://autopart.tn/pieces/6101/7-SB848_1.webp,404 Client Error: Not Found for url: https://autopart.tn/pieces/6101/7-SB848_1.webp
85758,https://autopart.tn/pieces/6752/BF0320840034_1.webp,404 Client Error: Not Found for url: https://autopart.tn/pieces/6752/BF0320840034_1.webp
87444,https://autopart.tn/pieces/185/8800471_1.webp,404 Client Error: Not Found for url: https://autopart.tn/pieces/185/8800471_1.webp
87645,https://autopart.tn/pieces/6752/BF0320940207_1.webp,404 Client Error: Not Found for url: https://autopart.tn/pieces/6752/BF0320940207_1.webp
89268,https://autopart.tn/pieces/35/35930%2001_1.webp,404 Client Error: Not Found for url: https://autopart.tn/pieces/35/35930%2001_1.webp
86367,https://autopart.tn/pieces/185/8800472_1.webp,404 Client Error: Not Found for url: https://autopart.tn/pieces/185/8800472_1.webp
35107,https://autopart.tn/pieces/197/1193_1.webp,404 Client Error: Not Found for url: https://autopart.tn/pieces/197/1193_1.webp
81956,https://autopart.tn/pieces/6752/BF0320940133_1.webp,404 Client Error: Not Found for url: https://autopart.tn/pieces/6752/BF0320940133_1.webp
90064,https://autopart.tn/pieces/301/500%20337_1.webp,404 Client Error: Not Found for url: https://autopart.tn/pieces/301/500%20337_1.webp
64859,https://autopart.tn/pieces/185/1121038_1.webp,404 Client Error: Not Found for url: https://autopart.tn/pieces/185/1121038_1.webp
64857,https://autopart.tn/pieces/185/1121030_1.webp,404 Client Error: Not Found for url: https://autopart.tn/pieces/185/1121030_1.webp
66766,https://autopart.tn/pieces/185/1121011_1.webp,404 Client Error: Not Found for url: https://autopart.tn/pieces/185/1121011_1.webp
66770,https://autopart.tn/pieces/185/1121133_1.webp,404 Client Error: Not Found for url: https://autopart.tn/pieces/185/1121133_1.webp
66771,https://autopart.tn/pieces/185/1121134_1.webp,404 Client Error: Not Found for url: https://autopart.tn/pieces/185/1121134_1.webp
1632,https://autopart.tn/pieces/2/1DL%20007%20988-221_1.webp,404 Client Error: Not Found for url: https://autopart.tn/pieces/2/1DL%20007%20988-221_1.webp
1634,https://autopart.tn/pieces/2/1EL%20007%20410-111_1.webp,404 Client Error: Not Found for url: https://autopart.tn/pieces/2/1EL%20007%20410-111_1.webp
1635,https://autopart.tn/pieces/2/1EL%20007%20410-121_1.webp,404 Client Error: Not Found for url: https://autopart.tn/pieces/2/1EL%20007%20410-121_1.webp
1636,https://autopart.tn/pieces/2/1ER%20247%20017-051_1.webp,404 Client Error: Not Found for url: https://autopart.tn/pieces/2/1ER%20247%20017-051_1.webp
1647,https://autopart.tn/pieces/2/1ZS%20354%20983-221_1.webp,404 Client Error: Not Found for url: https://autopart.tn/pieces/2/1ZS%20354%20983-221_1.webp
27604,https://autopart.tn/pieces/21/045105_1.webp,404 Client Error: Not Found for url: https://autopart.tn/pieces/21/045105_1.webp
63835,https://autopart.tn/pieces/6752/BF0216170027_1.webp,404 Client Error: Not Found for url: https://autopart.tn/pieces/6752/BF0216170027_1.webp
75168,https://autopart.tn/pieces/21/450805_1.webp,404 Client Error: Not Found for url: https://autopart.tn/pieces/21/450805_1.webp
75175,https://autopart.tn/pieces/21/046952_1.webp,404 Client Error: Not Found for url: https://autopart.tn/pieces/21/046952_1.webp
78889,https://autopart.tn/pieces/6752/BF0216170020_1.webp,404 Client Error: Not Found for url: https://autopart.tn/pieces/6752/BF0216170020_1.webp
83353,https://autopart.tn/pieces/6752/EF0216170146_1.webp,404 Client Error: Not Found for url: https://autopart.tn/pieces/6752/EF0216170146_1.webp
83355,https://autopart.tn/pieces/6752/EF0216170168_1.webp,404 Client Error: Not Found for url: https://autopart.tn/pieces/6752/EF0216170168_1.webp
83350,https://autopart.tn/pieces/6752/EF0216170001_1.webp,404 Client Error: Not Found for url: https://autopart.tn/pieces/6752/EF0216170001_1.webp
64858,https://autopart.tn/pieces/185/1121035_1.webp,404 Client Error: Not Found for url: https://autopart.tn/pieces/185/1121035_1.webp
66765,https://autopart.tn/pieces/185/1121003_1.webp,404 Client Error: Not Found for url: https://autopart.tn/pieces/185/1121003_1.webp
1629,https://autopart.tn/pieces/2/1AD%20960%20725-311_1.webp,404 Client Error: Not Found for url: https://autopart.tn/pieces/2/1AD%20960%20725-311_1.webp
1630,https://autopart.tn/pieces/2/1AD%20960%20725-321_1.webp,404 Client Error: Not Found for url: https://autopart.tn/pieces/2/1AD%20960%20725-321_1.webp
27602,https://autopart.tn/pieces/21/045101_1.webp,404 Client Error: Not Found for url: https://autopart.tn/pieces/21/045101_1.webp
63834,https://autopart.tn/pieces/6752/BF0216170026_1.webp,404 Client Error: Not Found for url: https://autopart.tn/pieces/6752/BF0216170026_1.webp
50859,https://autopart.tn/pieces/161/PMK500_1.webp,404 Client Error: Not Found for url: https://autopart.tn/pieces/161/PMK500_1.webp
28305,https://autopart.tn/pieces/21/802167_1.webp,404 Client Error: Not Found for url: https://autopart.tn/pieces/21/802167_1.webp
44674,https://autopart.tn/pieces/21/279412_1.webp,404 Client Error: Not Found for url: https://autopart.tn/pieces/21/279412_1.webp
75174,https://autopart.tn/pieces/21/046953_1.webp,404 Client Error: Not Found for url: https://autopart.tn/pieces/21/046953_1.webp
78890,https://autopart.tn/pieces/6752/BF0216170021_1.webp,404 Client Error: Not Found for url: https://autopart.tn/pieces/6752/BF0216170021_1.webp
83351,https://autopart.tn/pieces/6752/EF0216170002_1.webp,404 Client Error: Not Found for url: https://autopart.tn/pieces/6752/EF0216170002_1.webp
83354,https://autopart.tn/pieces/6752/EF0216170167_1.webp,404 Client Error: Not Found for url: https://autopart.tn/pieces/6752/EF0216170167_1.webp
28353,https://autopart.tn/pieces/21/805769_1.webp,404 Client Error: Not Found for url: https://autopart.tn/pieces/21/805769_1.webp
27330,https://autopart.tn/pieces/21/264314_1.webp,404 Client Error: Not Found for url: https://autopart.tn/pieces/21/264314_1.webp
28308,https://autopart.tn/pieces/21/803050_1.webp,404 Client Error: Not Found for url: https://autopart.tn/pieces/21/803050_1.webp
64861,https://autopart.tn/pieces/185/1121135_1.webp,404 Client Error: Not Found for url: https://autopart.tn/pieces/185/1121135_1.webp
64862,https://autopart.tn/pieces/185/1121137_1.webp,404 Client Error: Not Found for url: https://autopart.tn/pieces/185/1121137_1.webp
66486,https://autopart.tn/pieces/185/1121138_1.webp,404 Client Error: Not Found for url: https://autopart.tn/pieces/185/1121138_1.webp
83352,https://autopart.tn/pieces/6752/EF0216170045_1.webp,404 Client Error: Not Found for url: https://autopart.tn/pieces/6752/EF0216170045_1.webp
27336,https://autopart.tn/pieces/21/266133_1.webp,404 Client Error: Not Found for url: https://autopart.tn/pieces/21/266133_1.webp
28355,https://autopart.tn/pieces/21/806294_1.webp,404 Client Error: Not Found for url: https://autopart.tn/pieces/21/806294_1.webp
44447,https://autopart.tn/pieces/32/1862%20371%20031_1.webp,404 Client Error: Not Found for url: https://autopart.tn/pieces/32/1862%20371%20031_1.webp
76735,https://autopart.tn/pieces/6752/BF0528970001_1.webp,404 Client Error: Not Found for url: https://autopart.tn/pieces/6752/BF0528970001_1.webp
7036,https://autopart.tn/pieces/185/9937673_1.webp,404 Client Error: Not Found for url: https://autopart.tn/pieces/185/9937673_1.webp
7041,https://autopart.tn/pieces/185/9937973_1.webp,404 Client Error: Not Found for url: https://autopart.tn/pieces/185/9937973_1.webp
7083,https://autopart.tn/pieces/185/995877_1.webp,404 Client Error: Not Found for url: https://autopart.tn/pieces/185/995877_1.webp
40664,https://autopart.tn/pieces/161/JTC1229_1.webp,404 Client Error: Not Found for url: https://autopart.tn/pieces/161/JTC1229_1.webp
53318,https://autopart.tn/pieces/6358/273C1350_1.webp,404 Client Error: Not Found for url: https://autopart.tn/pieces/6358/273C1350_1.webp
63893,https://autopart.tn/pieces/6752/BF0320930263_1.webp,404 Client Error: Not Found for url: https://autopart.tn/pieces/6752/BF0320930263_1.webp
73519,https://autopart.tn/pieces/6752/BF0320930314_1.webp,404 Client Error: Not Found for url: https://autopart.tn/pieces/6752/BF0320930314_1.webp
76310,https://autopart.tn/pieces/6752/BACB12-545087_1.webp,404 Client Error: Not Found for url: https://autopart.tn/pieces/6752/BACB12-545087_1.webp
77473,https://autopart.tn/pieces/201/SCA-4154_1.webp,404 Client Error: Not Found for url: https://autopart.tn/pieces/201/SCA-4154_1.webp
79191,https://autopart.tn/pieces/6752/BF0320910123_1.webp,404 Client Error: Not Found for url: https://autopart.tn/pieces/6752/BF0320910123_1.webp
63695,https://autopart.tn/pieces/6752/BACB11-545089_1.webp,404 Client Error: Not Found for url: https://autopart.tn/pieces/6752/BACB11-545089_1.webp
73979,https://autopart.tn/pieces/6752/BF0320910096_1.webp,404 Client Error: Not Found for url: https://autopart.tn/pieces/6752/BF0320910096_1.webp
73993,https://autopart.tn/pieces/6752/BF0320930470_1.webp,404 Client Error: Not Found for url: https://autopart.tn/pieces/6752/BF0320930470_1.webp
79151,https://autopart.tn/pieces/6752/BACB11-545062_1.webp,404 Client Error: Not Found for url: https://autopart.tn/pieces/6752/BACB11-545062_1.webp
79192,https://autopart.tn/pieces/6752/BF0320910124_1.webp,404 Client Error: Not Found for url: https://autopart.tn/pieces/6752/BF0320910124_1.webp
66653,https://autopart.tn/pieces/185/9050404_1.webp,404 Client Error: Not Found for url: https://autopart.tn/pieces/185/9050404_1.webp
73491,https://autopart.tn/pieces/6752/BK0320880012_1.webp,404 Client Error: Not Found for url: https://autopart.tn/pieces/6752/BK0320880012_1.webp
73490,https://autopart.tn/pieces/6752/BK0320880011_1.webp,404 Client Error: Not Found for url: https://autopart.tn/pieces/6752/BK0320880011_1.webp
73954,https://autopart.tn/pieces/6752/BF0319390033_1.webp,404 Client Error: Not Found for url: https://autopart.tn/pieces/6752/BF0319390033_1.webp
73646,https://autopart.tn/pieces/6752/BF0320830067_1.webp,404 Client Error: Not Found for url: https://autopart.tn/pieces/6752/BF0320830067_1.webp
78558,https://autopart.tn/pieces/248/N4903038_1.webp,404 Client Error: Not Found for url: https://autopart.tn/pieces/248/N4903038_1.webp
73520,https://autopart.tn/pieces/6752/BF0320930315_1.webp,404 Client Error: Not Found for url: https://autopart.tn/pieces/6752/BF0320930315_1.webp
81954,https://autopart.tn/pieces/6752/BF0320930368_1.webp,404 Client Error: Not Found for url: https://autopart.tn/pieces/6752/BF0320930368_1.webp
81948,https://autopart.tn/pieces/6752/BF0320930026_1.webp,404 Client Error: Not Found for url: https://autopart.tn/pieces/6752/BF0320930026_1.webp
81949,https://autopart.tn/pieces/6752/BF0320930011_1.webp,404 Client Error: Not Found for url: https://autopart.tn/pieces/6752/BF0320930011_1.webp
83161,https://autopart.tn/pieces/6752/BF0320930349_1.webp,404 Client Error: Not Found for url: https://autopart.tn/pieces/6752/BF0320930349_1.webp
86422,https://autopart.tn/pieces/185/9050550_1.webp,404 Client Error: Not Found for url: https://autopart.tn/pieces/185/9050550_1.webp
86424,https://autopart.tn/pieces/185/9050552_1.webp,404 Client Error: Not Found for url: https://autopart.tn/pieces/185/9050552_1.webp
86663,https://autopart.tn/pieces/301/502%20051_1.webp,404 Client Error: Not Found for url: https://autopart.tn/pieces/301/502%20051_1.webp
86662,https://autopart.tn/pieces/301/502%20052_1.webp,404 Client Error: Not Found for url: https://autopart.tn/pieces/301/502%20052_1.webp
86676,https://autopart.tn/pieces/35/35663%2002_1.webp,404 Client Error: Not Found for url: https://autopart.tn/pieces/35/35663%2002_1.webp
86677,https://autopart.tn/pieces/35/35664%2002_1.webp,404 Client Error: Not Found for url: https://autopart.tn/pieces/35/35664%2002_1.webp
86678,https://autopart.tn/pieces/35/35060%2001_1.webp,404 Client Error: Not Found for url: https://autopart.tn/pieces/35/35060%2001_1.webp
87031,https://autopart.tn/pieces/486/F4385_1.webp,404 Client Error: Not Found for url: https://autopart.tn/pieces/486/F4385_1.webp
87043,https://autopart.tn/pieces/101/178265_1.webp,404 Client Error: Not Found for url: https://autopart.tn/pieces/101/178265_1.webp
87044,https://autopart.tn/pieces/101/177903_1.webp,404 Client Error: Not Found for url: https://autopart.tn/pieces/101/177903_1.webp
88819,https://autopart.tn/pieces/301/114%20587_1.webp,404 Client Error: Not Found for url: https://autopart.tn/pieces/301/114%20587_1.webp
85689,https://autopart.tn/pieces/6752/BF0319180001_1.webp,404 Client Error: Not Found for url: https://autopart.tn/pieces/6752/BF0319180001_1.webp
86435,https://autopart.tn/pieces/185/9050582_1.webp,404 Client Error: Not Found for url: https://autopart.tn/pieces/185/9050582_1.webp
86423,https://autopart.tn/pieces/185/9050551_1.webp,404 Client Error: Not Found for url: https://autopart.tn/pieces/185/9050551_1.webp
86658,https://autopart.tn/pieces/209/02.31.288_1.webp,404 Client Error: Not Found for url: https://autopart.tn/pieces/209/02.31.288_1.webp
90095,https://autopart.tn/pieces/35/39583%2001_1.webp,404 Client Error: Not Found for url: https://autopart.tn/pieces/35/39583%2001_1.webp
89915,https://autopart.tn/pieces/4414/FO-499_1.webp,404 Client Error: Not Found for url: https://autopart.tn/pieces/4414/FO-499_1.webp
50785,https://autopart.tn/pieces/161/BWC107_1.webp,404 Client Error: Not Found for url: https://autopart.tn/pieces/161/BWC107_1.webp
73600,https://autopart.tn/pieces/6752/BACB12-482002_1.webp,404 Client Error: Not Found for url: https://autopart.tn/pieces/6752/BACB12-482002_1.webp
1653,https://autopart.tn/pieces/2/5DR%20009%20728-051_1.webp,404 Client Error: Not Found for url: https://autopart.tn/pieces/2/5DR%20009%20728-051_1.webp
27859,https://autopart.tn/pieces/21/593131_1.webp,404 Client Error: Not Found for url: https://autopart.tn/pieces/21/593131_1.webp
27875,https://autopart.tn/pieces/21/593411_1.webp,404 Client Error: Not Found for url: https://autopart.tn/pieces/21/593411_1.webp
27881,https://autopart.tn/pieces/21/593546_1.webp,404 Client Error: Not Found for url: https://autopart.tn/pieces/21/593546_1.webp
27860,https://autopart.tn/pieces/21/593132_1.webp,404 Client Error: Not Found for url: https://autopart.tn/pieces/21/593132_1.webp
27893,https://autopart.tn/pieces/21/593947_1.webp,404 Client Error: Not Found for url: https://autopart.tn/pieces/21/593947_1.webp
27874,https://autopart.tn/pieces/21/593389_1.webp,404 Client Error: Not Found for url: https://autopart.tn/pieces/21/593389_1.webp
27949,https://autopart.tn/pieces/21/595348_1.webp,404 Client Error: Not Found for url: https://autopart.tn/pieces/21/595348_1.webp
27951,https://autopart.tn/pieces/21/595366_1.webp,404 Client Error: Not Found for url: https://autopart.tn/pieces/21/595366_1.webp
27980,https://autopart.tn/pieces/21/599128_1.webp,404 Client Error: Not Found for url: https://autopart.tn/pieces/21/599128_1.webp
27985,https://autopart.tn/pieces/21/599187_1.webp,404 Client Error: Not Found for url: https://autopart.tn/pieces/21/599187_1.webp
27986,https://autopart.tn/pieces/21/599197_1.webp,404 Client Error: Not Found for url: https://autopart.tn/pieces/21/599197_1.webp
27992,https://autopart.tn/pieces/21/599236_1.webp,404 Client Error: Not Found for url: https://autopart.tn/pieces/21/599236_1.webp
27987,https://autopart.tn/pieces/21/599212_1.webp,404 Client Error: Not Found for url: https://autopart.tn/pieces/21/599212_1.webp
27994,https://autopart.tn/pieces/21/599241_1.webp,404 Client Error: Not Found for url: https://autopart.tn/pieces/21/599241_1.webp
27995,https://autopart.tn/pieces/21/599249_1.webp,404 Client Error: Not Found for url: https://autopart.tn/pieces/21/599249_1.webp
28001,https://autopart.tn/pieces/21/599302_1.webp,404 Client Error: Not Found for url: https://autopart.tn/pieces/21/599302_1.webp
41601,https://autopart.tn/pieces/30/1%20986%20AE0%20029_1.webp,404 Client Error: Not Found for url: https://autopart.tn/pieces/30/1%20986%20AE0%20029_1.webp
41605,https://autopart.tn/pieces/30/1%20986%20AE0%20136_1.webp,404 Client Error: Not Found for url: https://autopart.tn/pieces/30/1%20986%20AE0%20136_1.webp
44678,https://autopart.tn/pieces/21/590558_1.webp,404 Client Error: Not Found for url: https://autopart.tn/pieces/21/590558_1.webp
51207,https://autopart.tn/pieces/30/1%20986%20AE0%20159_1.webp,404 Client Error: Not Found for url: https://autopart.tn/pieces/30/1%20986%20AE0%20159_1.webp
56386,https://autopart.tn/pieces/30/1%20986%20AE0%20024_1.webp,404 Client Error: Not Found for url: https://autopart.tn/pieces/30/1%20986%20AE0%20024_1.webp
56396,https://autopart.tn/pieces/30/1%20986%20AE0%20138_1.webp,404 Client Error: Not Found for url: https://autopart.tn/pieces/30/1%20986%20AE0%20138_1.webp
40704,https://autopart.tn/pieces/161/BWH373_1.webp,404 Client Error: Not Found for url: https://autopart.tn/pieces/161/BWH373_1.webp
76526,https://autopart.tn/pieces/6752/BF0318260055_1.webp,404 Client Error: Not Found for url: https://autopart.tn/pieces/6752/BF0318260055_1.webp
73599,https://autopart.tn/pieces/6752/BACB12-482001_1.webp,404 Client Error: Not Found for url: https://autopart.tn/pieces/6752/BACB12-482001_1.webp
27100,https://autopart.tn/pieces/21/182007_1.webp,404 Client Error: Not Found for url: https://autopart.tn/pieces/21/182007_1.webp
27862,https://autopart.tn/pieces/21/593141_1.webp,404 Client Error: Not Found for url: https://autopart.tn/pieces/21/593141_1.webp
27867,https://autopart.tn/pieces/21/593284_1.webp,404 Client Error: Not Found for url: https://autopart.tn/pieces/21/593284_1.webp
27870,https://autopart.tn/pieces/21/593333_1.webp,404 Client Error: Not Found for url: https://autopart.tn/pieces/21/593333_1.webp
27873,https://autopart.tn/pieces/21/593375_1.webp,404 Client Error: Not Found for url: https://autopart.tn/pieces/21/593375_1.webp
27106,https://autopart.tn/pieces/21/182169_1.webp,404 Client Error: Not Found for url: https://autopart.tn/pieces/21/182169_1.webp
27879,https://autopart.tn/pieces/21/593529_1.webp,404 Client Error: Not Found for url: https://autopart.tn/pieces/21/593529_1.webp
27889,https://autopart.tn/pieces/21/593890_1.webp,404 Client Error: Not Found for url: https://autopart.tn/pieces/21/593890_1.webp
27944,https://autopart.tn/pieces/21/595243_1.webp,404 Client Error: Not Found for url: https://autopart.tn/pieces/21/595243_1.webp
27955,https://autopart.tn/pieces/21/595411_1.webp,404 Client Error: Not Found for url: https://autopart.tn/pieces/21/595411_1.webp
27993,https://autopart.tn/pieces/21/599240_1.webp,404 Client Error: Not Found for url: https://autopart.tn/pieces/21/599240_1.webp
27999,https://autopart.tn/pieces/21/599296_1.webp,404 Client Error: Not Found for url: https://autopart.tn/pieces/21/599296_1.webp
28009,https://autopart.tn/pieces/21/599342_1.webp,404 Client Error: Not Found for url: https://autopart.tn/pieces/21/599342_1.webp
50787,https://autopart.tn/pieces/161/BWF335_1.webp,404 Client Error: Not Found for url: https://autopart.tn/pieces/161/BWF335_1.webp
87736,https://autopart.tn/pieces/10010/565001v091_1.webp,404 Client Error: Not Found for url: https://autopart.tn/pieces/10010/565001v091_1.webp
27871,https://autopart.tn/pieces/21/593350_1.webp,404 Client Error: Not Found for url: https://autopart.tn/pieces/21/593350_1.webp
27876,https://autopart.tn/pieces/21/593419_1.webp,404 Client Error: Not Found for url: https://autopart.tn/pieces/21/593419_1.webp
27888,https://autopart.tn/pieces/21/593873_1.webp,404 Client Error: Not Found for url: https://autopart.tn/pieces/21/593873_1.webp
27945,https://autopart.tn/pieces/21/595252_1.webp,404 Client Error: Not Found for url: https://autopart.tn/pieces/21/595252_1.webp
27953,https://autopart.tn/pieces/21/595389_1.webp,404 Client Error: Not Found for url: https://autopart.tn/pieces/21/595389_1.webp
27976,https://autopart.tn/pieces/21/599095_1.webp,404 Client Error: Not Found for url: https://autopart.tn/pieces/21/599095_1.webp
27991,https://autopart.tn/pieces/21/599235_1.webp,404 Client Error: Not Found for url: https://autopart.tn/pieces/21/599235_1.webp
41585,https://autopart.tn/pieces/30/1%20986%20AE0%20122_1.webp,404 Client Error: Not Found for url: https://autopart.tn/pieces/30/1%20986%20AE0%20122_1.webp
44669,https://autopart.tn/pieces/21/592792_1.webp,404 Client Error: Not Found for url: https://autopart.tn/pieces/21/592792_1.webp
58220,https://autopart.tn/pieces/30/1%20986%20AE0%20091_1.webp,404 Client Error: Not Found for url: https://autopart.tn/pieces/30/1%20986%20AE0%20091_1.webp
69362,https://autopart.tn/pieces/21/595464_1.webp,404 Client Error: Not Found for url: https://autopart.tn/pieces/21/595464_1.webp
69379,https://autopart.tn/pieces/21/599237_1.webp,404 Client Error: Not Found for url: https://autopart.tn/pieces/21/599237_1.webp
44676,https://autopart.tn/pieces/21/182120_1.webp,404 Client Error: Not Found for url: https://autopart.tn/pieces/21/182120_1.webp
56395,https://autopart.tn/pieces/30/1%20986%20AE0%20126_1.webp,404 Client Error: Not Found for url: https://autopart.tn/pieces/30/1%20986%20AE0%20126_1.webp
41606,https://autopart.tn/pieces/30/1%20986%20AE0%20030_1.webp,404 Client Error: Not Found for url: https://autopart.tn/pieces/30/1%20986%20AE0%20030_1.webp
73380,https://autopart.tn/pieces/6752/BF0318260035_1.webp,404 Client Error: Not Found for url: https://autopart.tn/pieces/6752/BF0318260035_1.webp
83179,https://autopart.tn/pieces/6752/BF0339310005_1.webp,404 Client Error: Not Found for url: https://autopart.tn/pieces/6752/BF0339310005_1.webp
1640,https://autopart.tn/pieces/2/1N0%20354%20686-011_1.webp,404 Client Error: Not Found for url: https://autopart.tn/pieces/2/1N0%20354%20686-011_1.webp
1639,https://autopart.tn/pieces/2/1N0%20354%20682-021_1.webp,404 Client Error: Not Found for url: https://autopart.tn/pieces/2/1N0%20354%20682-021_1.webp
85666,https://autopart.tn/pieces/6752/BF0216300056_1.webp,404 Client Error: Not Found for url: https://autopart.tn/pieces/6752/BF0216300056_1.webp
63841,https://autopart.tn/pieces/6752/BF0216300124_1.webp,404 Client Error: Not Found for url: https://autopart.tn/pieces/6752/BF0216300124_1.webp
1645,https://autopart.tn/pieces/2/1NB%20354%20694-021_1.webp,404 Client Error: Not Found for url: https://autopart.tn/pieces/2/1NB%20354%20694-021_1.webp
87562,https://autopart.tn/pieces/6752/EF0114240002_1.webp,404 Client Error: Not Found for url: https://autopart.tn/pieces/6752/EF0114240002_1.webp
84215,https://autopart.tn/pieces/6752/BF0114120019_1.webp,404 Client Error: Not Found for url: https://autopart.tn/pieces/6752/BF0114120019_1.webp
76473,https://autopart.tn/pieces/6752/BF0216300114_1.webp,404 Client Error: Not Found for url: https://autopart.tn/pieces/6752/BF0216300114_1.webp
27851,https://autopart.tn/pieces/21/590660_1.webp,404 Client Error: Not Found for url: https://autopart.tn/pieces/21/590660_1.webp
27891,https://autopart.tn/pieces/21/593939_1.webp,404 Client Error: Not Found for url: https://autopart.tn/pieces/21/593939_1.webp
27984,https://autopart.tn/pieces/21/599182_1.webp,404 Client Error: Not Found for url: https://autopart.tn/pieces/21/599182_1.webp
27979,https://autopart.tn/pieces/21/599125_1.webp,404 Client Error: Not Found for url: https://autopart.tn/pieces/21/599125_1.webp
27850,https://autopart.tn/pieces/21/590640_1.webp,404 Client Error: Not Found for url: https://autopart.tn/pieces/21/590640_1.webp
28005,https://autopart.tn/pieces/21/599316_1.webp,404 Client Error: Not Found for url: https://autopart.tn/pieces/21/599316_1.webp
58218,https://autopart.tn/pieces/30/1%20986%20AE0%20153_1.webp,404 Client Error: Not Found for url: https://autopart.tn/pieces/30/1%20986%20AE0%20153_1.webp
58243,https://autopart.tn/pieces/30/F%20032%20131%20340_1.webp,404 Client Error: Not Found for url: https://autopart.tn/pieces/30/F%20032%20131%20340_1.webp
58219,https://autopart.tn/pieces/30/1%20986%20AE0%20020_1.webp,404 Client Error: Not Found for url: https://autopart.tn/pieces/30/1%20986%20AE0%20020_1.webp
63840,https://autopart.tn/pieces/6752/BF0216300123_1.webp,404 Client Error: Not Found for url: https://autopart.tn/pieces/6752/BF0216300123_1.webp
76474,https://autopart.tn/pieces/6752/BF0216300115_1.webp,404 Client Error: Not Found for url: https://autopart.tn/pieces/6752/BF0216300115_1.webp
87603,https://autopart.tn/pieces/6752/BF0216300057_1.webp,404 Client Error: Not Found for url: https://autopart.tn/pieces/6752/BF0216300057_1.webp
44742,https://autopart.tn/pieces/21/574313_1.webp,404 Client Error: Not Found for url: https://autopart.tn/pieces/21/574313_1.webp
51680,https://autopart.tn/pieces/4455/BSG%2015-992-011_1.webp,404 Client Error: Not Found for url: https://autopart.tn/pieces/4455/BSG%2015-992-011_1.webp
53235,https://autopart.tn/pieces/6358/298W0139_1.webp,404 Client Error: Not Found for url: https://autopart.tn/pieces/6358/298W0139_1.webp
72238,https://autopart.tn/pieces/21/576079_1.webp,404 Client Error: Not Found for url: https://autopart.tn/pieces/21/576079_1.webp
72236,https://autopart.tn/pieces/21/575902_1.webp,404 Client Error: Not Found for url: https://autopart.tn/pieces/21/575902_1.webp
73931,https://autopart.tn/pieces/6752/BF0135990049_1.webp,404 Client Error: Not Found for url: https://autopart.tn/pieces/6752/BF0135990049_1.webp
73930,https://autopart.tn/pieces/6752/BF0135990003_1.webp,404 Client Error: Not Found for url: https://autopart.tn/pieces/6752/BF0135990003_1.webp
67632,https://autopart.tn/pieces/185/25315_1.webp,404 Client Error: Not Found for url: https://autopart.tn/pieces/185/25315_1.webp
51677,https://autopart.tn/pieces/4455/BSG%2015-992-012_1.webp,404 Client Error: Not Found for url: https://autopart.tn/pieces/4455/BSG%2015-992-012_1.webp
51672,https://autopart.tn/pieces/4455/BSG%2015-992-013_1.webp,404 Client Error: Not Found for url: https://autopart.tn/pieces/4455/BSG%2015-992-013_1.webp
51674,https://autopart.tn/pieces/4455/BSG%2015-992-006_1.webp,404 Client Error: Not Found for url: https://autopart.tn/pieces/4455/BSG%2015-992-006_1.webp
73836,https://autopart.tn/pieces/6752/ATPP1161113001_1.webp,404 Client Error: Not Found for url: https://autopart.tn/pieces/6752/ATPP1161113001_1.webp
90335,https://autopart.tn/pieces/2/9XW%20358%20164-121_1.webp,404 Client Error: Not Found for url: https://autopart.tn/pieces/2/9XW%20358%20164-121_1.webp
76430,https://autopart.tn/pieces/6752/BF0114130028_1.webp,404 Client Error: Not Found for url: https://autopart.tn/pieces/6752/BF0114130028_1.webp
84214,https://autopart.tn/pieces/6752/BF0114130041_1.webp,404 Client Error: Not Found for url: https://autopart.tn/pieces/6752/BF0114130041_1.webp
73529,https://autopart.tn/pieces/6752/BF0114100062_1.webp,404 Client Error: Not Found for url: https://autopart.tn/pieces/6752/BF0114100062_1.webp
85651,https://autopart.tn/pieces/6752/BF0114100135_1.webp,404 Client Error: Not Found for url: https://autopart.tn/pieces/6752/BF0114100135_1.webp
87598,https://autopart.tn/pieces/6752/BF0114100004_1.webp,404 Client Error: Not Found for url: https://autopart.tn/pieces/6752/BF0114100004_1.webp
83089,https://autopart.tn/pieces/6752/BF0114200003_1.webp,404 Client Error: Not Found for url: https://autopart.tn/pieces/6752/BF0114200003_1.webp
72237,https://autopart.tn/pieces/21/576072_1.webp,404 Client Error: Not Found for url: https://autopart.tn/pieces/21/576072_1.webp
76431,https://autopart.tn/pieces/6752/BF0114160041_1.webp,404 Client Error: Not Found for url: https://autopart.tn/pieces/6752/BF0114160041_1.webp
64049,https://autopart.tn/pieces/6752/EF0114130007_1.webp,404 Client Error: Not Found for url: https://autopart.tn/pieces/6752/EF0114130007_1.webp
87599,https://autopart.tn/pieces/6752/BF0114100008_1.webp,404 Client Error: Not Found for url: https://autopart.tn/pieces/6752/BF0114100008_1.webp
44681,https://autopart.tn/pieces/21/574272_1.webp,404 Client Error: Not Found for url: https://autopart.tn/pieces/21/574272_1.webp
51679,https://autopart.tn/pieces/4455/BSG%2015-992-009_1.webp,404 Client Error: Not Found for url: https://autopart.tn/pieces/4455/BSG%2015-992-009_1.webp
67631,https://autopart.tn/pieces/185/25264_1.webp,404 Client Error: Not Found for url: https://autopart.tn/pieces/185/25264_1.webp
31650,https://autopart.tn/pieces/33/2PJ860_1.webp,404 Client Error: Not Found for url: https://autopart.tn/pieces/33/2PJ860_1.webp
31649,https://autopart.tn/pieces/33/2PJ800_1.webp,404 Client Error: Not Found for url: https://autopart.tn/pieces/33/2PJ800_1.webp
37737,https://autopart.tn/pieces/185/7013006_1.webp,404 Client Error: Not Found for url: https://autopart.tn/pieces/185/7013006_1.webp
73533,https://autopart.tn/pieces/6752/BF0436710071_1.webp,404 Client Error: Not Found for url: https://autopart.tn/pieces/6752/BF0436710071_1.webp
84329,https://autopart.tn/pieces/6752/BF0427580006_1.webp,404 Client Error: Not Found for url: https://autopart.tn/pieces/6752/BF0427580006_1.webp
53253,https://autopart.tn/pieces/6358/305P0494_1.webp,404 Client Error: Not Found for url: https://autopart.tn/pieces/6358/305P0494_1.webp
87914,https://autopart.tn/pieces/4008/MB6PK1257_1.webp,404 Client Error: Not Found for url: https://autopart.tn/pieces/4008/MB6PK1257_1.webp
36810,https://autopart.tn/pieces/30/1%20987%20949%20594_1.webp,404 Client Error: Not Found for url: https://autopart.tn/pieces/30/1%20987%20949%20594_1.webp
65342,https://autopart.tn/pieces/185/7000065_1.webp,404 Client Error: Not Found for url: https://autopart.tn/pieces/185/7000065_1.webp
74120,https://autopart.tn/pieces/6752/BF0427630001_1.webp,404 Client Error: Not Found for url: https://autopart.tn/pieces/6752/BF0427630001_1.webp
28491,https://autopart.tn/pieces/21/821725_1.webp,404 Client Error: Not Found for url: https://autopart.tn/pieces/21/821725_1.webp
74024,https://autopart.tn/pieces/6752/BF0422540003_1.webp,404 Client Error: Not Found for url: https://autopart.tn/pieces/6752/BF0422540003_1.webp
83332,https://autopart.tn/pieces/6752/BF0442690001_1.webp,404 Client Error: Not Found for url: https://autopart.tn/pieces/6752/BF0442690001_1.webp
65376,https://autopart.tn/pieces/185/7710297_1.webp,404 Client Error: Not Found for url: https://autopart.tn/pieces/185/7710297_1.webp
65377,https://autopart.tn/pieces/185/7710302_1.webp,404 Client Error: Not Found for url: https://autopart.tn/pieces/185/7710302_1.webp
65378,https://autopart.tn/pieces/185/7710305_1.webp,404 Client Error: Not Found for url: https://autopart.tn/pieces/185/7710305_1.webp
66580,https://autopart.tn/pieces/185/7710120_1.webp,404 Client Error: Not Found for url: https://autopart.tn/pieces/185/7710120_1.webp
66578,https://autopart.tn/pieces/185/7710041_1.webp,404 Client Error: Not Found for url: https://autopart.tn/pieces/185/7710041_1.webp
66583,https://autopart.tn/pieces/185/7710216_1.webp,404 Client Error: Not Found for url: https://autopart.tn/pieces/185/7710216_1.webp
66589,https://autopart.tn/pieces/185/7710314_1.webp,404 Client Error: Not Found for url: https://autopart.tn/pieces/185/7710314_1.webp
66863,https://autopart.tn/pieces/185/7710241_1.webp,404 Client Error: Not Found for url: https://autopart.tn/pieces/185/7710241_1.webp
67714,https://autopart.tn/pieces/185/7710189_1.webp,404 Client Error: Not Found for url: https://autopart.tn/pieces/185/7710189_1.webp
67719,https://autopart.tn/pieces/185/7710279_1.webp,404 Client Error: Not Found for url: https://autopart.tn/pieces/185/7710279_1.webp
67722,https://autopart.tn/pieces/185/7710315_1.webp,404 Client Error: Not Found for url: https://autopart.tn/pieces/185/7710315_1.webp
73506,https://autopart.tn/pieces/6752/TOPT1306002_1.webp,404 Client Error: Not Found for url: https://autopart.tn/pieces/6752/TOPT1306002_1.webp
66587,https://autopart.tn/pieces/185/7710282_1.webp,404 Client Error: Not Found for url: https://autopart.tn/pieces/185/7710282_1.webp
67715,https://autopart.tn/pieces/185/7710199_1.webp,404 Client Error: Not Found for url: https://autopart.tn/pieces/185/7710199_1.webp
64059,https://autopart.tn/pieces/6752/EF0426520025_1.webp,404 Client Error: Not Found for url: https://autopart.tn/pieces/6752/EF0426520025_1.webp
67721,https://autopart.tn/pieces/185/7710294_1.webp,404 Client Error: Not Found for url: https://autopart.tn/pieces/185/7710294_1.webp
67717,https://autopart.tn/pieces/185/7710242_1.webp,404 Client Error: Not Found for url: https://autopart.tn/pieces/185/7710242_1.webp
73443,https://autopart.tn/pieces/6752/BF0426580013_1.webp,404 Client Error: Not Found for url: https://autopart.tn/pieces/6752/BF0426580013_1.webp
66584,https://autopart.tn/pieces/185/7710226_1.webp,404 Client Error: Not Found for url: https://autopart.tn/pieces/185/7710226_1.webp
76662,https://autopart.tn/pieces/6752/BF0426580007_1.webp,404 Client Error: Not Found for url: https://autopart.tn/pieces/6752/BF0426580007_1.webp
81861,https://autopart.tn/pieces/6752/BF0426520023_1.webp,404 Client Error: Not Found for url: https://autopart.tn/pieces/6752/BF0426520023_1.webp
83743,https://autopart.tn/pieces/185/7710311_1.webp,404 Client Error: Not Found for url: https://autopart.tn/pieces/185/7710311_1.webp
85901,https://autopart.tn/pieces/6752/BF0426520368_1.webp,404 Client Error: Not Found for url: https://autopart.tn/pieces/6752/BF0426520368_1.webp
87696,https://autopart.tn/pieces/6752/BF0426550060_1.webp,404 Client Error: Not Found for url: https://autopart.tn/pieces/6752/BF0426550060_1.webp
87695,https://autopart.tn/pieces/6752/BF0426520369_1.webp,404 Client Error: Not Found for url: https://autopart.tn/pieces/6752/BF0426520369_1.webp
46376,https://autopart.tn/pieces/9/61-10230-50_1.webp,404 Client Error: Not Found for url: https://autopart.tn/pieces/9/61-10230-50_1.webp
73689,https://autopart.tn/pieces/6752/BF0425510170_1.webp,404 Client Error: Not Found for url: https://autopart.tn/pieces/6752/BF0425510170_1.webp
74063,https://autopart.tn/pieces/6752/BF0425510131_1.webp,404 Client Error: Not Found for url: https://autopart.tn/pieces/6752/BF0425510131_1.webp
73691,https://autopart.tn/pieces/6752/BF0425510181_1.webp,404 Client Error: Not Found for url: https://autopart.tn/pieces/6752/BF0425510181_1.webp
74066,https://autopart.tn/pieces/6752/BF0425510157_1.webp,404 Client Error: Not Found for url: https://autopart.tn/pieces/6752/BF0425510157_1.webp
74064,https://autopart.tn/pieces/6752/BF0425510153_1.webp,404 Client Error: Not Found for url: https://autopart.tn/pieces/6752/BF0425510153_1.webp
81849,https://autopart.tn/pieces/6752/BF0425510186_1.webp,404 Client Error: Not Found for url: https://autopart.tn/pieces/6752/BF0425510186_1.webp
83247,https://autopart.tn/pieces/6752/BF0426520139_1.webp,404 Client Error: Not Found for url: https://autopart.tn/pieces/6752/BF0426520139_1.webp
84301,https://autopart.tn/pieces/6752/BF0426550058_1.webp,404 Client Error: Not Found for url: https://autopart.tn/pieces/6752/BF0426550058_1.webp
90062,https://autopart.tn/pieces/5349/B4247100_1.webp,404 Client Error: Not Found for url: https://autopart.tn/pieces/5349/B4247100_1.webp
63960,https://autopart.tn/pieces/6752/BF0425510101_1.webp,404 Client Error: Not Found for url: https://autopart.tn/pieces/6752/BF0425510101_1.webp
73428,https://autopart.tn/pieces/6752/BF0425510098_1.webp,404 Client Error: Not Found for url: https://autopart.tn/pieces/6752/BF0425510098_1.webp
74067,https://autopart.tn/pieces/6752/BF0425510195_1.webp,404 Client Error: Not Found for url: https://autopart.tn/pieces/6752/BF0425510195_1.webp
73692,https://autopart.tn/pieces/6752/BF0425510183_1.webp,404 Client Error: Not Found for url: https://autopart.tn/pieces/6752/BF0425510183_1.webp
79071,https://autopart.tn/pieces/6752/BF0425510049_1.webp,404 Client Error: Not Found for url: https://autopart.tn/pieces/6752/BF0425510049_1.webp
76752,https://autopart.tn/pieces/6752/EF0426520006_1.webp,404 Client Error: Not Found for url: https://autopart.tn/pieces/6752/EF0426520006_1.webp
79273,https://autopart.tn/pieces/6752/BF0426520140_1.webp,404 Client Error: Not Found for url: https://autopart.tn/pieces/6752/BF0426520140_1.webp
79274,https://autopart.tn/pieces/6752/BF0426520166_1.webp,404 Client Error: Not Found for url: https://autopart.tn/pieces/6752/BF0426520166_1.webp
90087,https://autopart.tn/pieces/301/630%20318_1.webp,404 Client Error: Not Found for url: https://autopart.tn/pieces/301/630%20318_1.webp
60163,https://autopart.tn/pieces/9/61-10225-10_1.webp,404 Client Error: Not Found for url: https://autopart.tn/pieces/9/61-10225-10_1.webp
73690,https://autopart.tn/pieces/6752/BF0425510176_1.webp,404 Client Error: Not Found for url: https://autopart.tn/pieces/6752/BF0425510176_1.webp
81848,https://autopart.tn/pieces/6752/BF0425510088_1.webp,404 Client Error: Not Found for url: https://autopart.tn/pieces/6752/BF0425510088_1.webp
87028,https://autopart.tn/pieces/287/TI%20234%2088_1.webp,404 Client Error: Not Found for url: https://autopart.tn/pieces/287/TI%20234%2088_1.webp
83230,https://autopart.tn/pieces/6752/BF0425510171_1.webp,404 Client Error: Not Found for url: https://autopart.tn/pieces/6752/BF0425510171_1.webp
82840,https://autopart.tn/pieces/6752/BF0425420122_1.webp,404 Client Error: Not Found for url: https://autopart.tn/pieces/6752/BF0425420122_1.webp
89265,https://autopart.tn/pieces/10/658.190_1.webp,404 Client Error: Not Found for url: https://autopart.tn/pieces/10/658.190_1.webp
1418,https://autopart.tn/pieces/60/21-27793-20-0_1.webp,404 Client Error: Not Found for url: https://autopart.tn/pieces/60/21-27793-20-0_1.webp
63956,https://autopart.tn/pieces/6752/BF0425420072_1.webp,404 Client Error: Not Found for url: https://autopart.tn/pieces/6752/BF0425420072_1.webp
63953,https://autopart.tn/pieces/6752/BF0425420045_1.webp,404 Client Error: Not Found for url: https://autopart.tn/pieces/6752/BF0425420045_1.webp
63962,https://autopart.tn/pieces/6752/BF0425510182_1.webp,404 Client Error: Not Found for url: https://autopart.tn/pieces/6752/BF0425510182_1.webp
74051,https://autopart.tn/pieces/6752/BF0425260014_1.webp,404 Client Error: Not Found for url: https://autopart.tn/pieces/6752/BF0425260014_1.webp
81846,https://autopart.tn/pieces/6752/BF0425510048_1.webp,404 Client Error: Not Found for url: https://autopart.tn/pieces/6752/BF0425510048_1.webp
83227,https://autopart.tn/pieces/6752/BF0425510070_1.webp,404 Client Error: Not Found for url: https://autopart.tn/pieces/6752/BF0425510070_1.webp
84286,https://autopart.tn/pieces/6752/BF0425510037_1.webp,404 Client Error: Not Found for url: https://autopart.tn/pieces/6752/BF0425510037_1.webp
83217,https://autopart.tn/pieces/6752/BF0425260007_1.webp,404 Client Error: Not Found for url: https://autopart.tn/pieces/6752/BF0425260007_1.webp
73688,https://autopart.tn/pieces/6752/BF0425420128_1.webp,404 Client Error: Not Found for url: https://autopart.tn/pieces/6752/BF0425420128_1.webp
74057,https://autopart.tn/pieces/6752/BF0425420089_1.webp,404 Client Error: Not Found for url: https://autopart.tn/pieces/6752/BF0425420089_1.webp
76623,https://autopart.tn/pieces/6752/BF0425420059_1.webp,404 Client Error: Not Found for url: https://autopart.tn/pieces/6752/BF0425420059_1.webp
82839,https://autopart.tn/pieces/6752/BF0425420084_1.webp,404 Client Error: Not Found for url: https://autopart.tn/pieces/6752/BF0425420084_1.webp
84285,https://autopart.tn/pieces/6752/BF0425420171_1.webp,404 Client Error: Not Found for url: https://autopart.tn/pieces/6752/BF0425420171_1.webp
85863,https://autopart.tn/pieces/6752/BF0425420165_1.webp,404 Client Error: Not Found for url: https://autopart.tn/pieces/6752/BF0425420165_1.webp
64016,https://autopart.tn/pieces/6752/BF0427690012_1.webp,404 Client Error: Not Found for url: https://autopart.tn/pieces/6752/BF0427690012_1.webp
73424,https://autopart.tn/pieces/6752/BF0425420115_1.webp,404 Client Error: Not Found for url: https://autopart.tn/pieces/6752/BF0425420115_1.webp
74056,https://autopart.tn/pieces/6752/BF0425420088_1.webp,404 Client Error: Not Found for url: https://autopart.tn/pieces/6752/BF0425420088_1.webp
79070,https://autopart.tn/pieces/6752/BF0425420081_1.webp,404 Client Error: Not Found for url: https://autopart.tn/pieces/6752/BF0425420081_1.webp
83225,https://autopart.tn/pieces/6752/BF0425420142_1.webp,404 Client Error: Not Found for url: https://autopart.tn/pieces/6752/BF0425420142_1.webp
84284,https://autopart.tn/pieces/6752/BF0425420166_1.webp,404 Client Error: Not Found for url: https://autopart.tn/pieces/6752/BF0425420166_1.webp
83228,https://autopart.tn/pieces/6752/BF0425510069_1.webp,404 Client Error: Not Found for url: https://autopart.tn/pieces/6752/BF0425510069_1.webp
83229,https://autopart.tn/pieces/6752/BF0425510191_1.webp,404 Client Error: Not Found for url: https://autopart.tn/pieces/6752/BF0425510191_1.webp
89228,https://autopart.tn/pieces/10/809.400_1.webp,404 Client Error: Not Found for url: https://autopart.tn/pieces/10/809.400_1.webp
73433,https://autopart.tn/pieces/6752/BF0425800011_1.webp,404 Client Error: Not Found for url: https://autopart.tn/pieces/6752/BF0425800011_1.webp
45698,https://autopart.tn/pieces/10/425.290_1.webp,404 Client Error: Not Found for url: https://autopart.tn/pieces/10/425.290_1.webp
83364,https://autopart.tn/pieces/6752/EF0425800001_1.webp,404 Client Error: Not Found for url: https://autopart.tn/pieces/6752/EF0425800001_1.webp
63963,https://autopart.tn/pieces/6752/BF0425800001_1.webp,404 Client Error: Not Found for url: https://autopart.tn/pieces/6752/BF0425800001_1.webp
87625,https://autopart.tn/pieces/6752/BF0319490129_1.webp,404 Client Error: Not Found for url: https://autopart.tn/pieces/6752/BF0319490129_1.webp
86366,https://autopart.tn/pieces/185/8800455_1.webp,404 Client Error: Not Found for url: https://autopart.tn/pieces/185/8800455_1.webp
86368,https://autopart.tn/pieces/185/8800485_1.webp,404 Client Error: Not Found for url: https://autopart.tn/pieces/185/8800485_1.webp
80315,https://autopart.tn/pieces/6752/BF0425320036_1.webp,404 Client Error: Not Found for url: https://autopart.tn/pieces/6752/BF0425320036_1.webp
1652,https://autopart.tn/pieces/2/2VP%20008%20031-051_1.webp,404 Client Error: Not Found for url: https://autopart.tn/pieces/2/2VP%20008%20031-051_1.webp
79261,https://autopart.tn/pieces/6752/BF0425420035_1.webp,404 Client Error: Not Found for url: https://autopart.tn/pieces/6752/BF0425420035_1.webp
73686,https://autopart.tn/pieces/6752/BF0425320051_1.webp,404 Client Error: Not Found for url: https://autopart.tn/pieces/6752/BF0425320051_1.webp
1692,https://autopart.tn/pieces/2/9EL%20270%20198-011_1.webp,404 Client Error: Not Found for url: https://autopart.tn/pieces/2/9EL%20270%20198-011_1.webp
1688,https://autopart.tn/pieces/2/9EL%20111%20647-001_1.webp,404 Client Error: Not Found for url: https://autopart.tn/pieces/2/9EL%20111%20647-001_1.webp
27606,https://autopart.tn/pieces/21/045109_1.webp,404 Client Error: Not Found for url: https://autopart.tn/pieces/21/045109_1.webp
67461,https://autopart.tn/pieces/21/045115_1.webp,404 Client Error: Not Found for url: https://autopart.tn/pieces/21/045115_1.webp
69255,https://autopart.tn/pieces/21/047184_1.webp,404 Client Error: Not Found for url: https://autopart.tn/pieces/21/047184_1.webp
76514,https://autopart.tn/pieces/6752/BF0217500052_1.webp,404 Client Error: Not Found for url: https://autopart.tn/pieces/6752/BF0217500052_1.webp
75179,https://autopart.tn/pieces/21/047331_1.webp,404 Client Error: Not Found for url: https://autopart.tn/pieces/21/047331_1.webp
83107,https://autopart.tn/pieces/6752/BF0217490050_1.webp,404 Client Error: Not Found for url: https://autopart.tn/pieces/6752/BF0217490050_1.webp
87502,https://autopart.tn/pieces/6752/BF0237260175_1.webp,404 Client Error: Not Found for url: https://autopart.tn/pieces/6752/BF0237260175_1.webp
61103,https://autopart.tn/pieces/21/045117_1.webp,404 Client Error: Not Found for url: https://autopart.tn/pieces/21/045117_1.webp
69256,https://autopart.tn/pieces/21/047183_1.webp,404 Client Error: Not Found for url: https://autopart.tn/pieces/21/047183_1.webp
72021,https://autopart.tn/pieces/21/047329_1.webp,404 Client Error: Not Found for url: https://autopart.tn/pieces/21/047329_1.webp
72022,https://autopart.tn/pieces/21/047328_1.webp,404 Client Error: Not Found for url: https://autopart.tn/pieces/21/047328_1.webp
76515,https://autopart.tn/pieces/6752/BF0217500053_1.webp,404 Client Error: Not Found for url: https://autopart.tn/pieces/6752/BF0217500053_1.webp
85675,https://autopart.tn/pieces/6752/BF0237260176_1.webp,404 Client Error: Not Found for url: https://autopart.tn/pieces/6752/BF0237260176_1.webp
88813,https://autopart.tn/pieces/10021/3801_1.webp,404 Client Error: Not Found for url: https://autopart.tn/pieces/10021/3801_1.webp
73843,https://autopart.tn/pieces/6752/BACB11-155002_1.webp,404 Client Error: Not Found for url: https://autopart.tn/pieces/6752/BACB11-155002_1.webp
1691,https://autopart.tn/pieces/2/9EL%20270%20197-011_1.webp,404 Client Error: Not Found for url: https://autopart.tn/pieces/2/9EL%20270%20197-011_1.webp
63857,https://autopart.tn/pieces/6752/BF0237260174_1.webp,404 Client Error: Not Found for url: https://autopart.tn/pieces/6752/BF0237260174_1.webp
89269,https://autopart.tn/pieces/10/246.520_1.webp,404 Client Error: Not Found for url: https://autopart.tn/pieces/10/246.520_1.webp
90177,https://autopart.tn/pieces/301/600%20625_1.webp,404 Client Error: Not Found for url: https://autopart.tn/pieces/301/600%20625_1.webp
83119,https://autopart.tn/pieces/6752/BF0319250007_1.webp,404 Client Error: Not Found for url: https://autopart.tn/pieces/6752/BF0319250007_1.webp
73375,https://autopart.tn/pieces/6752/BF0217500050_1.webp,404 Client Error: Not Found for url: https://autopart.tn/pieces/6752/BF0217500050_1.webp
64061,https://autopart.tn/pieces/6752/EF0426720002_1.webp,404 Client Error: Not Found for url: https://autopart.tn/pieces/6752/EF0426720002_1.webp
66590,https://autopart.tn/pieces/185/7720071_1.webp,404 Client Error: Not Found for url: https://autopart.tn/pieces/185/7720071_1.webp
89881,https://autopart.tn/pieces/6355/CZW-BM-001_1.webp,404 Client Error: Not Found for url: https://autopart.tn/pieces/6355/CZW-BM-001_1.webp
75542,https://autopart.tn/pieces/185/7720089_1.webp,404 Client Error: Not Found for url: https://autopart.tn/pieces/185/7720089_1.webp
73501,https://autopart.tn/pieces/6752/EF0426720011_1.webp,404 Client Error: Not Found for url: https://autopart.tn/pieces/6752/EF0426720011_1.webp
79220,https://autopart.tn/pieces/6752/BF0426720155_1.webp,404 Client Error: Not Found for url: https://autopart.tn/pieces/6752/BF0426720155_1.webp
83372,https://autopart.tn/pieces/6752/TOPT1202010_1.webp,404 Client Error: Not Found for url: https://autopart.tn/pieces/6752/TOPT1202010_1.webp
89861,https://autopart.tn/pieces/6752/EF0426720006_1.webp,404 Client Error: Not Found for url: https://autopart.tn/pieces/6752/EF0426720006_1.webp
86680,https://autopart.tn/pieces/4834/13642_1.webp,404 Client Error: Not Found for url: https://autopart.tn/pieces/4834/13642_1.webp
28652,https://autopart.tn/pieces/21/872029_1.webp,404 Client Error: Not Found for url: https://autopart.tn/pieces/21/872029_1.webp
28653,https://autopart.tn/pieces/21/872032_1.webp,404 Client Error: Not Found for url: https://autopart.tn/pieces/21/872032_1.webp
28658,https://autopart.tn/pieces/21/873367_1.webp,404 Client Error: Not Found for url: https://autopart.tn/pieces/21/873367_1.webp
53162,https://autopart.tn/pieces/121/22-0109-0_1.webp,404 Client Error: Not Found for url: https://autopart.tn/pieces/121/22-0109-0_1.webp
46956,https://autopart.tn/pieces/201/KBP-4032_1.webp,404 Client Error: Not Found for url: https://autopart.tn/pieces/201/KBP-4032_1.webp
73999,https://autopart.tn/pieces/6752/BF0321020122_1.webp,404 Client Error: Not Found for url: https://autopart.tn/pieces/6752/BF0321020122_1.webp
81841,https://autopart.tn/pieces/6752/BF0320070670_1.webp,404 Client Error: Not Found for url: https://autopart.tn/pieces/6752/BF0320070670_1.webp
82429,https://autopart.tn/pieces/4008/MPH54_1.webp,404 Client Error: Not Found for url: https://autopart.tn/pieces/4008/MPH54_1.webp
82514,https://autopart.tn/pieces/4008/MPH44_1.webp,404 Client Error: Not Found for url: https://autopart.tn/pieces/4008/MPH44_1.webp
82531,https://autopart.tn/pieces/4008/MPH63_1.webp,404 Client Error: Not Found for url: https://autopart.tn/pieces/4008/MPH63_1.webp
82784,https://autopart.tn/pieces/6752/BF0321020471_1.webp,404 Client Error: Not Found for url: https://autopart.tn/pieces/6752/BF0321020471_1.webp
84181,https://autopart.tn/pieces/6752/BF0320070364_1.webp,404 Client Error: Not Found for url: https://autopart.tn/pieces/6752/BF0320070364_1.webp
84234,https://autopart.tn/pieces/6752/BF0320070241_1.webp,404 Client Error: Not Found for url: https://autopart.tn/pieces/6752/BF0320070241_1.webp
84236,https://autopart.tn/pieces/6752/BF0320070242_1.webp,404 Client Error: Not Found for url: https://autopart.tn/pieces/6752/BF0320070242_1.webp
85720,https://autopart.tn/pieces/6752/BF0320070563_1.webp,404 Client Error: Not Found for url: https://autopart.tn/pieces/6752/BF0320070563_1.webp
87237,https://autopart.tn/pieces/500/B1.G102-0591.2_1.webp,404 Client Error: Not Found for url: https://autopart.tn/pieces/500/B1.G102-0591.2_1.webp
89321,https://autopart.tn/pieces/121/22-1228-0_1.webp,404 Client Error: Not Found for url: https://autopart.tn/pieces/121/22-1228-0_1.webp
89729,https://autopart.tn/pieces/6752/BF0320070173_1.webp,404 Client Error: Not Found for url: https://autopart.tn/pieces/6752/BF0320070173_1.webp
89750,https://autopart.tn/pieces/6752/BF0321020183_1.webp,404 Client Error: Not Found for url: https://autopart.tn/pieces/6752/BF0321020183_1.webp
90080,https://autopart.tn/pieces/62/FDB5179_1.webp,404 Client Error: Not Found for url: https://autopart.tn/pieces/62/FDB5179_1.webp
90082,https://autopart.tn/pieces/101/116%20119_1.webp,404 Client Error: Not Found for url: https://autopart.tn/pieces/101/116%20119_1.webp
79195,https://autopart.tn/pieces/6752/BF0321020087_1.webp,404 Client Error: Not Found for url: https://autopart.tn/pieces/6752/BF0321020087_1.webp
81838,https://autopart.tn/pieces/6752/BF0320070511_1.webp,404 Client Error: Not Found for url: https://autopart.tn/pieces/6752/BF0320070511_1.webp
82533,https://autopart.tn/pieces/4008/MPK48_1.webp,404 Client Error: Not Found for url: https://autopart.tn/pieces/4008/MPK48_1.webp
82532,https://autopart.tn/pieces/4008/MPK29_1.webp,404 Client Error: Not Found for url: https://autopart.tn/pieces/4008/MPK29_1.webp
82515,https://autopart.tn/pieces/4008/MPH45_1.webp,404 Client Error: Not Found for url: https://autopart.tn/pieces/4008/MPH45_1.webp
82783,https://autopart.tn/pieces/6752/BF0321020137_1.webp,404 Client Error: Not Found for url: https://autopart.tn/pieces/6752/BF0321020137_1.webp
82786,https://autopart.tn/pieces/6752/BF0321020472_1.webp,404 Client Error: Not Found for url: https://autopart.tn/pieces/6752/BF0321020472_1.webp
84242,https://autopart.tn/pieces/6752/BF0321020143_1.webp,404 Client Error: Not Found for url: https://autopart.tn/pieces/6752/BF0321020143_1.webp
85719,https://autopart.tn/pieces/6752/BF0320070345_1.webp,404 Client Error: Not Found for url: https://autopart.tn/pieces/6752/BF0320070345_1.webp
85723,https://autopart.tn/pieces/6752/BF0320070576_1.webp,404 Client Error: Not Found for url: https://autopart.tn/pieces/6752/BF0320070576_1.webp
87026,https://autopart.tn/pieces/161/GDB3358_1.webp,404 Client Error: Not Found for url: https://autopart.tn/pieces/161/GDB3358_1.webp
90057,https://autopart.tn/pieces/153/X2031.00_1.webp,404 Client Error: Not Found for url: https://autopart.tn/pieces/153/X2031.00_1.webp
90089,https://autopart.tn/pieces/121/22-0339-0_1.webp,404 Client Error: Not Found for url: https://autopart.tn/pieces/121/22-0339-0_1.webp
82785,https://autopart.tn/pieces/6752/BF0321020459_1.webp,404 Client Error: Not Found for url: https://autopart.tn/pieces/6752/BF0321020459_1.webp
82782,https://autopart.tn/pieces/6752/BF0321020028_1.webp,404 Client Error: Not Found for url: https://autopart.tn/pieces/6752/BF0321020028_1.webp
86654,https://autopart.tn/pieces/121/22-0342-0_1.webp,404 Client Error: Not Found for url: https://autopart.tn/pieces/121/22-0342-0_1.webp
40763,https://autopart.tn/pieces/161/GIC194_1.webp,404 Client Error: Not Found for url: https://autopart.tn/pieces/161/GIC194_1.webp
66481,https://autopart.tn/pieces/185/105112_1.webp,404 Client Error: Not Found for url: https://autopart.tn/pieces/185/105112_1.webp
66480,https://autopart.tn/pieces/185/105110_1.webp,404 Client Error: Not Found for url: https://autopart.tn/pieces/185/105110_1.webp
66479,https://autopart.tn/pieces/185/105109_1.webp,404 Client Error: Not Found for url: https://autopart.tn/pieces/185/105109_1.webp
66759,https://autopart.tn/pieces/185/105113_1.webp,404 Client Error: Not Found for url: https://autopart.tn/pieces/185/105113_1.webp
73963,https://autopart.tn/pieces/6752/BF0320060143_1.webp,404 Client Error: Not Found for url: https://autopart.tn/pieces/6752/BF0320060143_1.webp
81765,https://autopart.tn/pieces/6752/BACB11-415006_1.webp,404 Client Error: Not Found for url: https://autopart.tn/pieces/6752/BACB11-415006_1.webp
83136,https://autopart.tn/pieces/6752/BF0320060171_1.webp,404 Client Error: Not Found for url: https://autopart.tn/pieces/6752/BF0320060171_1.webp
73847,https://autopart.tn/pieces/6752/BACB11-415008_1.webp,404 Client Error: Not Found for url: https://autopart.tn/pieces/6752/BACB11-415008_1.webp
89882,https://autopart.tn/pieces/5349/C7118123_1.webp,404 Client Error: Not Found for url: https://autopart.tn/pieces/5349/C7118123_1.webp
84807,https://autopart.tn/pieces/185/JQ101543_1.webp,404 Client Error: Not Found for url: https://autopart.tn/pieces/185/JQ101543_1.webp
89332,https://autopart.tn/pieces/287/HX%20190D_1.webp,404 Client Error: Not Found for url: https://autopart.tn/pieces/287/HX%20190D_1.webp
72086,https://autopart.tn/pieces/201/BAS-3180_1.webp,404 Client Error: Not Found for url: https://autopart.tn/pieces/201/BAS-3180_1.webp
65531,https://autopart.tn/pieces/185/F603801_1.webp,404 Client Error: Not Found for url: https://autopart.tn/pieces/185/F603801_1.webp
65536,https://autopart.tn/pieces/185/F605101_1.webp,404 Client Error: Not Found for url: https://autopart.tn/pieces/185/F605101_1.webp
65539,https://autopart.tn/pieces/185/F606001_1.webp,404 Client Error: Not Found for url: https://autopart.tn/pieces/185/F606001_1.webp
73401,https://autopart.tn/pieces/6752/BF0321700116_1.webp,404 Client Error: Not Found for url: https://autopart.tn/pieces/6752/BF0321700116_1.webp
90067,https://autopart.tn/pieces/341/8290190_1.webp,404 Client Error: Not Found for url: https://autopart.tn/pieces/341/8290190_1.webp
65537,https://autopart.tn/pieces/185/F605301_1.webp,404 Client Error: Not Found for url: https://autopart.tn/pieces/185/F605301_1.webp
65534,https://autopart.tn/pieces/185/F604901_1.webp,404 Client Error: Not Found for url: https://autopart.tn/pieces/185/F604901_1.webp
65532,https://autopart.tn/pieces/185/F603901_1.webp,404 Client Error: Not Found for url: https://autopart.tn/pieces/185/F603901_1.webp
65535,https://autopart.tn/pieces/185/F605001_1.webp,404 Client Error: Not Found for url: https://autopart.tn/pieces/185/F605001_1.webp
51870,https://autopart.tn/pieces/4455/BSG%2060-145-037_1.webp,404 Client Error: Not Found for url: https://autopart.tn/pieces/4455/BSG%2060-145-037_1.webp
68139,https://autopart.tn/pieces/101/192861_1.webp,404 Client Error: Not Found for url: https://autopart.tn/pieces/101/192861_1.webp
86684,https://autopart.tn/pieces/7745/76409-K_1.webp,404 Client Error: Not Found for url: https://autopart.tn/pieces/7745/76409-K_1.webp
89847,https://autopart.tn/pieces/6752/BF0733710089_1.webp,404 Client Error: Not Found for url: https://autopart.tn/pieces/6752/BF0733710089_1.webp
90046,https://autopart.tn/pieces/301/118%20062_1.webp,404 Client Error: Not Found for url: https://autopart.tn/pieces/301/118%20062_1.webp
51868,https://autopart.tn/pieces/4455/BSG%2063-145-003_1.webp,404 Client Error: Not Found for url: https://autopart.tn/pieces/4455/BSG%2063-145-003_1.webp
74147,https://autopart.tn/pieces/6752/BF0736520138_1.webp,404 Client Error: Not Found for url: https://autopart.tn/pieces/6752/BF0736520138_1.webp
79097,https://autopart.tn/pieces/6752/BF0736520056_1.webp,404 Client Error: Not Found for url: https://autopart.tn/pieces/6752/BF0736520056_1.webp
87042,https://autopart.tn/pieces/301/600%20038_1.webp,404 Client Error: Not Found for url: https://autopart.tn/pieces/301/600%20038_1.webp
89322,https://autopart.tn/pieces/101/107833_1.webp,404 Client Error: Not Found for url: https://autopart.tn/pieces/101/107833_1.webp
85852,https://autopart.tn/pieces/6752/BF0424480003_1.webp,404 Client Error: Not Found for url: https://autopart.tn/pieces/6752/BF0424480003_1.webp
1673,https://autopart.tn/pieces/2/8FK%20351%20322-901_1.webp,404 Client Error: Not Found for url: https://autopart.tn/pieces/2/8FK%20351%20322-901_1.webp
89637,https://autopart.tn/pieces/6752/BF0424480011_1.webp,404 Client Error: Not Found for url: https://autopart.tn/pieces/6752/BF0424480011_1.webp
74146,https://autopart.tn/pieces/6752/BF0736520098_1.webp,404 Client Error: Not Found for url: https://autopart.tn/pieces/6752/BF0736520098_1.webp
73487,https://autopart.tn/pieces/6752/BF0733480050_1.webp,404 Client Error: Not Found for url: https://autopart.tn/pieces/6752/BF0733480050_1.webp
73525,https://autopart.tn/pieces/6752/BF0733480150_1.webp,404 Client Error: Not Found for url: https://autopart.tn/pieces/6752/BF0733480150_1.webp
82900,https://autopart.tn/pieces/6752/BF0733480079_1.webp,404 Client Error: Not Found for url: https://autopart.tn/pieces/6752/BF0733480079_1.webp
82924,https://autopart.tn/pieces/6752/TOPT1150004_1.webp,404 Client Error: Not Found for url: https://autopart.tn/pieces/6752/TOPT1150004_1.webp
79232,https://autopart.tn/pieces/6752/BF0733480053_1.webp,404 Client Error: Not Found for url: https://autopart.tn/pieces/6752/BF0733480053_1.webp
87721,https://autopart.tn/pieces/6752/BF0733480366_1.webp,404 Client Error: Not Found for url: https://autopart.tn/pieces/6752/BF0733480366_1.webp
54366,https://autopart.tn/pieces/205/350519_1.webp,404 Client Error: Not Found for url: https://autopart.tn/pieces/205/350519_1.webp
56042,https://autopart.tn/pieces/21/814179_1.webp,404 Client Error: Not Found for url: https://autopart.tn/pieces/21/814179_1.webp
65456,https://autopart.tn/pieces/185/7800480_1.webp,404 Client Error: Not Found for url: https://autopart.tn/pieces/185/7800480_1.webp
75170,https://autopart.tn/pieces/21/811180_1.webp,404 Client Error: Not Found for url: https://autopart.tn/pieces/21/811180_1.webp
1667,https://autopart.tn/pieces/2/8FC%20351%20035-521_1.webp,404 Client Error: Not Found for url: https://autopart.tn/pieces/2/8FC%20351%20035-521_1.webp
90049,https://autopart.tn/pieces/123/89116_1.webp,404 Client Error: Not Found for url: https://autopart.tn/pieces/123/89116_1.webp
44948,https://autopart.tn/pieces/21/812734_1.webp,404 Client Error: Not Found for url: https://autopart.tn/pieces/21/812734_1.webp
65443,https://autopart.tn/pieces/185/7800372_1.webp,404 Client Error: Not Found for url: https://autopart.tn/pieces/185/7800372_1.webp
65455,https://autopart.tn/pieces/185/7800475_1.webp,404 Client Error: Not Found for url: https://autopart.tn/pieces/185/7800475_1.webp
65457,https://autopart.tn/pieces/185/7800482_1.webp,404 Client Error: Not Found for url: https://autopart.tn/pieces/185/7800482_1.webp
71605,https://autopart.tn/pieces/185/7800512_1.webp,404 Client Error: Not Found for url: https://autopart.tn/pieces/185/7800512_1.webp
71606,https://autopart.tn/pieces/185/7800515_1.webp,404 Client Error: Not Found for url: https://autopart.tn/pieces/185/7800515_1.webp
75583,https://autopart.tn/pieces/185/7800493_1.webp,404 Client Error: Not Found for url: https://autopart.tn/pieces/185/7800493_1.webp
75585,https://autopart.tn/pieces/185/7800575_1.webp,404 Client Error: Not Found for url: https://autopart.tn/pieces/185/7800575_1.webp
75590,https://autopart.tn/pieces/185/7800617_1.webp,404 Client Error: Not Found for url: https://autopart.tn/pieces/185/7800617_1.webp
75592,https://autopart.tn/pieces/185/7800659_1.webp,404 Client Error: Not Found for url: https://autopart.tn/pieces/185/7800659_1.webp
66618,https://autopart.tn/pieces/185/7800367_1.webp,404 Client Error: Not Found for url: https://autopart.tn/pieces/185/7800367_1.webp
71603,https://autopart.tn/pieces/185/7800497_1.webp,404 Client Error: Not Found for url: https://autopart.tn/pieces/185/7800497_1.webp
71604,https://autopart.tn/pieces/185/7800500_1.webp,404 Client Error: Not Found for url: https://autopart.tn/pieces/185/7800500_1.webp
75589,https://autopart.tn/pieces/185/7800598_1.webp,404 Client Error: Not Found for url: https://autopart.tn/pieces/185/7800598_1.webp
75586,https://autopart.tn/pieces/185/7800584_1.webp,404 Client Error: Not Found for url: https://autopart.tn/pieces/185/7800584_1.webp
89936,https://autopart.tn/pieces/185/7800529_1.webp,404 Client Error: Not Found for url: https://autopart.tn/pieces/185/7800529_1.webp
89885,https://autopart.tn/pieces/296/723M57_1.webp,404 Client Error: Not Found for url: https://autopart.tn/pieces/296/723M57_1.webp
90309,https://autopart.tn/pieces/469/387800_1.webp,404 Client Error: Not Found for url: https://autopart.tn/pieces/469/387800_1.webp
73570,https://autopart.tn/pieces/6752/ATPP1213139019_1.webp,404 Client Error: Not Found for url: https://autopart.tn/pieces/6752/ATPP1213139019_1.webp
76336,https://autopart.tn/pieces/6752/BF0110470023_1.webp,404 Client Error: Not Found for url: https://autopart.tn/pieces/6752/BF0110470023_1.webp
83049,https://autopart.tn/pieces/6752/BF0110470095_1.webp,404 Client Error: Not Found for url: https://autopart.tn/pieces/6752/BF0110470095_1.webp
83050,https://autopart.tn/pieces/6752/BF0110470096_1.webp,404 Client Error: Not Found for url: https://autopart.tn/pieces/6752/BF0110470096_1.webp
83052,https://autopart.tn/pieces/6752/BF0110470118_1.webp,404 Client Error: Not Found for url: https://autopart.tn/pieces/6752/BF0110470118_1.webp
83051,https://autopart.tn/pieces/6752/BF0110470117_1.webp,404 Client Error: Not Found for url: https://autopart.tn/pieces/6752/BF0110470117_1.webp
36314,https://autopart.tn/pieces/30/F%2001R%2000R%20010_1.webp,404 Client Error: Not Found for url: https://autopart.tn/pieces/30/F%2001R%2000R%20010_1.webp
76727,https://autopart.tn/pieces/6752/BF0436330199_1.webp,404 Client Error: Not Found for url: https://autopart.tn/pieces/6752/BF0436330199_1.webp
76728,https://autopart.tn/pieces/6752/BF0436330257_1.webp,404 Client Error: Not Found for url: https://autopart.tn/pieces/6752/BF0436330257_1.webp
83026,https://autopart.tn/pieces/6752/BACB12-927037_1.webp,404 Client Error: Not Found for url: https://autopart.tn/pieces/6752/BACB12-927037_1.webp
83329,https://autopart.tn/pieces/6752/BF0436330446_1.webp,404 Client Error: Not Found for url: https://autopart.tn/pieces/6752/BF0436330446_1.webp
86022,https://autopart.tn/pieces/6752/BF0436330548_1.webp,404 Client Error: Not Found for url: https://autopart.tn/pieces/6752/BF0436330548_1.webp
86023,https://autopart.tn/pieces/6752/BF0436330571_1.webp,404 Client Error: Not Found for url: https://autopart.tn/pieces/6752/BF0436330571_1.webp
86025,https://autopart.tn/pieces/6752/BF0436330573_1.webp,404 Client Error: Not Found for url: https://autopart.tn/pieces/6752/BF0436330573_1.webp
28141,https://autopart.tn/pieces/21/715345_1.webp,404 Client Error: Not Found for url: https://autopart.tn/pieces/21/715345_1.webp
1671,https://autopart.tn/pieces/2/8FH%20351%20311-791_1.webp,404 Client Error: Not Found for url: https://autopart.tn/pieces/2/8FH%20351%20311-791_1.webp
90051,https://autopart.tn/pieces/123/890294_1.webp,404 Client Error: Not Found for url: https://autopart.tn/pieces/123/890294_1.webp
65458,https://autopart.tn/pieces/185/7800486_1.webp,404 Client Error: Not Found for url: https://autopart.tn/pieces/185/7800486_1.webp
66620,https://autopart.tn/pieces/185/7800419_1.webp,404 Client Error: Not Found for url: https://autopart.tn/pieces/185/7800419_1.webp
83342,https://autopart.tn/pieces/6752/BF0734180036_1.webp,404 Client Error: Not Found for url: https://autopart.tn/pieces/6752/BF0734180036_1.webp
82905,https://autopart.tn/pieces/6752/BF0734180129_1.webp,404 Client Error: Not Found for url: https://autopart.tn/pieces/6752/BF0734180129_1.webp
86088,https://autopart.tn/pieces/6752/TOPT1155011_1.webp,404 Client Error: Not Found for url: https://autopart.tn/pieces/6752/TOPT1155011_1.webp
76238,https://autopart.tn/pieces/6752/ATPP1213139028_1.webp,404 Client Error: Not Found for url: https://autopart.tn/pieces/6752/ATPP1213139028_1.webp
81782,https://autopart.tn/pieces/6752/BF0110470064_1.webp,404 Client Error: Not Found for url: https://autopart.tn/pieces/6752/BF0110470064_1.webp
76337,https://autopart.tn/pieces/6752/BF0110470024_1.webp,404 Client Error: Not Found for url: https://autopart.tn/pieces/6752/BF0110470024_1.webp
76339,https://autopart.tn/pieces/6752/BF0110470058_1.webp,404 Client Error: Not Found for url: https://autopart.tn/pieces/6752/BF0110470058_1.webp
55276,https://autopart.tn/pieces/21/347274_1.webp,404 Client Error: Not Found for url: https://autopart.tn/pieces/21/347274_1.webp
73618,https://autopart.tn/pieces/6752/BACB12-927012_1.webp,404 Client Error: Not Found for url: https://autopart.tn/pieces/6752/BACB12-927012_1.webp
87233,https://autopart.tn/pieces/4379/9%206354%201_1.webp,404 Client Error: Not Found for url: https://autopart.tn/pieces/4379/9%206354%201_1.webp
69305,https://autopart.tn/pieces/21/812665_1.webp,404 Client Error: Not Found for url: https://autopart.tn/pieces/21/812665_1.webp
82902,https://autopart.tn/pieces/6752/BF0733900039_1.webp,404 Client Error: Not Found for url: https://autopart.tn/pieces/6752/BF0733900039_1.webp
28469,https://autopart.tn/pieces/21/818878_1.webp,404 Client Error: Not Found for url: https://autopart.tn/pieces/21/818878_1.webp
28463,https://autopart.tn/pieces/21/818228_1.webp,404 Client Error: Not Found for url: https://autopart.tn/pieces/21/818228_1.webp
73569,https://autopart.tn/pieces/6752/ATPP1213139018_1.webp,404 Client Error: Not Found for url: https://autopart.tn/pieces/6752/ATPP1213139018_1.webp
76338,https://autopart.tn/pieces/6752/BF0110470057_1.webp,404 Client Error: Not Found for url: https://autopart.tn/pieces/6752/BF0110470057_1.webp
76665,https://autopart.tn/pieces/6752/BF0426640060_1.webp,404 Client Error: Not Found for url: https://autopart.tn/pieces/6752/BF0426640060_1.webp
1684,https://autopart.tn/pieces/2/8MO%20376%20797-031_1.webp,404 Client Error: Not Found for url: https://autopart.tn/pieces/2/8MO%20376%20797-031_1.webp
42424,https://autopart.tn/pieces/185/7730156_1.webp,404 Client Error: Not Found for url: https://autopart.tn/pieces/185/7730156_1.webp
1670,https://autopart.tn/pieces/2/8FH%20351%20311-661_1.webp,404 Client Error: Not Found for url: https://autopart.tn/pieces/2/8FH%20351%20311-661_1.webp
51956,https://autopart.tn/pieces/4455/BSG%2060-506-013_1.webp,404 Client Error: Not Found for url: https://autopart.tn/pieces/4455/BSG%2060-506-013_1.webp
52305,https://autopart.tn/pieces/185/7730158_1.webp,404 Client Error: Not Found for url: https://autopart.tn/pieces/185/7730158_1.webp
53070,https://autopart.tn/pieces/101/185052_1.webp,404 Client Error: Not Found for url: https://autopart.tn/pieces/101/185052_1.webp
52736,https://autopart.tn/pieces/185/7730159_1.webp,404 Client Error: Not Found for url: https://autopart.tn/pieces/185/7730159_1.webp
56851,https://autopart.tn/pieces/185/7730076_1.webp,404 Client Error: Not Found for url: https://autopart.tn/pieces/185/7730076_1.webp
56855,https://autopart.tn/pieces/185/7730097_1.webp,404 Client Error: Not Found for url: https://autopart.tn/pieces/185/7730097_1.webp
59043,https://autopart.tn/pieces/185/7730062_1.webp,404 Client Error: Not Found for url: https://autopart.tn/pieces/185/7730062_1.webp
76656,https://autopart.tn/pieces/6752/BF0426490141_1.webp,404 Client Error: Not Found for url: https://autopart.tn/pieces/6752/BF0426490141_1.webp
79212,https://autopart.tn/pieces/6752/BF0426490125_1.webp,404 Client Error: Not Found for url: https://autopart.tn/pieces/6752/BF0426490125_1.webp
79278,https://autopart.tn/pieces/6752/TOPT1620006_1.webp,404 Client Error: Not Found for url: https://autopart.tn/pieces/6752/TOPT1620006_1.webp
80316,https://autopart.tn/pieces/6752/BF0426490142_1.webp,404 Client Error: Not Found for url: https://autopart.tn/pieces/6752/BF0426490142_1.webp
81858,https://autopart.tn/pieces/6752/BF0426490086_1.webp,404 Client Error: Not Found for url: https://autopart.tn/pieces/6752/BF0426490086_1.webp
54415,https://autopart.tn/pieces/205/30991_1.webp,404 Client Error: Not Found for url: https://autopart.tn/pieces/205/30991_1.webp
81856,https://autopart.tn/pieces/6752/BF0426490039_1.webp,404 Client Error: Not Found for url: https://autopart.tn/pieces/6752/BF0426490039_1.webp
81859,https://autopart.tn/pieces/6752/BF0426490121_1.webp,404 Client Error: Not Found for url: https://autopart.tn/pieces/6752/BF0426490121_1.webp
81860,https://autopart.tn/pieces/6752/BF0426490128_1.webp,404 Client Error: Not Found for url: https://autopart.tn/pieces/6752/BF0426490128_1.webp
82893,https://autopart.tn/pieces/6752/BF0443070009_1.webp,404 Client Error: Not Found for url: https://autopart.tn/pieces/6752/BF0443070009_1.webp
82928,https://autopart.tn/pieces/6752/TOPT1208018_1.webp,404 Client Error: Not Found for url: https://autopart.tn/pieces/6752/TOPT1208018_1.webp
84370,https://autopart.tn/pieces/6752/TOPT1620002_1.webp,404 Client Error: Not Found for url: https://autopart.tn/pieces/6752/TOPT1620002_1.webp
84296,https://autopart.tn/pieces/6752/BF0426490161_1.webp,404 Client Error: Not Found for url: https://autopart.tn/pieces/6752/BF0426490161_1.webp
1679,https://autopart.tn/pieces/2/8MK%20376%20719-701_1.webp,404 Client Error: Not Found for url: https://autopart.tn/pieces/2/8MK%20376%20719-701_1.webp
28126,https://autopart.tn/pieces/21/701328_1.webp,404 Client Error: Not Found for url: https://autopart.tn/pieces/21/701328_1.webp
28130,https://autopart.tn/pieces/21/701620_1.webp,404 Client Error: Not Found for url: https://autopart.tn/pieces/21/701620_1.webp
28190,https://autopart.tn/pieces/21/731537_1.webp,404 Client Error: Not Found for url: https://autopart.tn/pieces/21/731537_1.webp
28273,https://autopart.tn/pieces/21/735607_1.webp,404 Client Error: Not Found for url: https://autopart.tn/pieces/21/735607_1.webp
28697,https://autopart.tn/pieces/21/883774_1.webp,404 Client Error: Not Found for url: https://autopart.tn/pieces/21/883774_1.webp
28703,https://autopart.tn/pieces/21/883875_1.webp,404 Client Error: Not Found for url: https://autopart.tn/pieces/21/883875_1.webp
28692,https://autopart.tn/pieces/21/883727_1.webp,404 Client Error: Not Found for url: https://autopart.tn/pieces/21/883727_1.webp
28763,https://autopart.tn/pieces/21/883819_1.webp,404 Client Error: Not Found for url: https://autopart.tn/pieces/21/883819_1.webp
65408,https://autopart.tn/pieces/185/7750063_1.webp,404 Client Error: Not Found for url: https://autopart.tn/pieces/185/7750063_1.webp
42385,https://autopart.tn/pieces/185/7730020_1.webp,404 Client Error: Not Found for url: https://autopart.tn/pieces/185/7730020_1.webp
44940,https://autopart.tn/pieces/21/717071_1.webp,404 Client Error: Not Found for url: https://autopart.tn/pieces/21/717071_1.webp
56856,https://autopart.tn/pieces/185/7730103_1.webp,404 Client Error: Not Found for url: https://autopart.tn/pieces/185/7730103_1.webp
73699,https://autopart.tn/pieces/6752/BF0426490042_1.webp,404 Client Error: Not Found for url: https://autopart.tn/pieces/6752/BF0426490042_1.webp
79277,https://autopart.tn/pieces/6752/TOPT1620004_1.webp,404 Client Error: Not Found for url: https://autopart.tn/pieces/6752/TOPT1620004_1.webp
56827,https://autopart.tn/pieces/185/7705198_1.webp,404 Client Error: Not Found for url: https://autopart.tn/pieces/185/7705198_1.webp
64004,https://autopart.tn/pieces/6752/BF0426790236_1.webp,404 Client Error: Not Found for url: https://autopart.tn/pieces/6752/BF0426790236_1.webp
65363,https://autopart.tn/pieces/185/7700075_1.webp,404 Client Error: Not Found for url: https://autopart.tn/pieces/185/7700075_1.webp
65370,https://autopart.tn/pieces/185/7705219_1.webp,404 Client Error: Not Found for url: https://autopart.tn/pieces/185/7705219_1.webp
66565,https://autopart.tn/pieces/185/7700086_1.webp,404 Client Error: Not Found for url: https://autopart.tn/pieces/185/7700086_1.webp
66573,https://autopart.tn/pieces/185/7705067_1.webp,404 Client Error: Not Found for url: https://autopart.tn/pieces/185/7705067_1.webp
69328,https://autopart.tn/pieces/21/734230_1.webp,404 Client Error: Not Found for url: https://autopart.tn/pieces/21/734230_1.webp
71460,https://autopart.tn/pieces/185/7700098_1.webp,404 Client Error: Not Found for url: https://autopart.tn/pieces/185/7700098_1.webp
71461,https://autopart.tn/pieces/185/7700101_1.webp,404 Client Error: Not Found for url: https://autopart.tn/pieces/185/7700101_1.webp
71465,https://autopart.tn/pieces/185/7700118_1.webp,404 Client Error: Not Found for url: https://autopart.tn/pieces/185/7700118_1.webp
71463,https://autopart.tn/pieces/185/7700111_1.webp,404 Client Error: Not Found for url: https://autopart.tn/pieces/185/7700111_1.webp
71464,https://autopart.tn/pieces/185/7700114_1.webp,404 Client Error: Not Found for url: https://autopart.tn/pieces/185/7700114_1.webp
71467,https://autopart.tn/pieces/185/7700120_1.webp,404 Client Error: Not Found for url: https://autopart.tn/pieces/185/7700120_1.webp
71471,https://autopart.tn/pieces/185/7700124_1.webp,404 Client Error: Not Found for url: https://autopart.tn/pieces/185/7700124_1.webp
71470,https://autopart.tn/pieces/185/7700123_1.webp,404 Client Error: Not Found for url: https://autopart.tn/pieces/185/7700123_1.webp
71466,https://autopart.tn/pieces/185/7700119_1.webp,404 Client Error: Not Found for url: https://autopart.tn/pieces/185/7700119_1.webp
71468,https://autopart.tn/pieces/185/7700121_1.webp,404 Client Error: Not Found for url: https://autopart.tn/pieces/185/7700121_1.webp
71469,https://autopart.tn/pieces/185/7700122_1.webp,404 Client Error: Not Found for url: https://autopart.tn/pieces/185/7700122_1.webp
72016,https://autopart.tn/pieces/21/717072_1.webp,404 Client Error: Not Found for url: https://autopart.tn/pieces/21/717072_1.webp
72255,https://autopart.tn/pieces/21/731617_1.webp,404 Client Error: Not Found for url: https://autopart.tn/pieces/21/731617_1.webp
73465,https://autopart.tn/pieces/6752/BF0426790279_1.webp,404 Client Error: Not Found for url: https://autopart.tn/pieces/6752/BF0426790279_1.webp
73736,https://autopart.tn/pieces/6752/BF0426790141_1.webp,404 Client Error: Not Found for url: https://autopart.tn/pieces/6752/BF0426790141_1.webp
73737,https://autopart.tn/pieces/6752/BF0426790295_1.webp,404 Client Error: Not Found for url: https://autopart.tn/pieces/6752/BF0426790295_1.webp
73464,https://autopart.tn/pieces/6752/BF0426790270_1.webp,404 Client Error: Not Found for url: https://autopart.tn/pieces/6752/BF0426790270_1.webp
73466,https://autopart.tn/pieces/6752/BF0426790282_1.webp,404 Client Error: Not Found for url: https://autopart.tn/pieces/6752/BF0426790282_1.webp
73738,https://autopart.tn/pieces/6752/BF0426790378_1.webp,404 Client Error: Not Found for url: https://autopart.tn/pieces/6752/BF0426790378_1.webp
74105,https://autopart.tn/pieces/6752/BF0426790283_1.webp,404 Client Error: Not Found for url: https://autopart.tn/pieces/6752/BF0426790283_1.webp
74106,https://autopart.tn/pieces/6752/BF0426790287_1.webp,404 Client Error: Not Found for url: https://autopart.tn/pieces/6752/BF0426790287_1.webp
74107,https://autopart.tn/pieces/6752/BF0426790366_1.webp,404 Client Error: Not Found for url: https://autopart.tn/pieces/6752/BF0426790366_1.webp
74159,https://autopart.tn/pieces/6752/TOPT1101073_1.webp,404 Client Error: Not Found for url: https://autopart.tn/pieces/6752/TOPT1101073_1.webp
76689,https://autopart.tn/pieces/6752/BF0426790237_1.webp,404 Client Error: Not Found for url: https://autopart.tn/pieces/6752/BF0426790237_1.webp
76691,https://autopart.tn/pieces/6752/BF0426790410_1.webp,404 Client Error: Not Found for url: https://autopart.tn/pieces/6752/BF0426790410_1.webp
76693,https://autopart.tn/pieces/6752/BF0426790426_1.webp,404 Client Error: Not Found for url: https://autopart.tn/pieces/6752/BF0426790426_1.webp
76692,https://autopart.tn/pieces/6752/BF0426790414_1.webp,404 Client Error: Not Found for url: https://autopart.tn/pieces/6752/BF0426790414_1.webp
76694,https://autopart.tn/pieces/6752/BF0426790458_1.webp,404 Client Error: Not Found for url: https://autopart.tn/pieces/6752/BF0426790458_1.webp
76695,https://autopart.tn/pieces/6752/BF0426790459_1.webp,404 Client Error: Not Found for url: https://autopart.tn/pieces/6752/BF0426790459_1.webp
76734,https://autopart.tn/pieces/6752/BF0442810002_1.webp,404 Client Error: Not Found for url: https://autopart.tn/pieces/6752/BF0442810002_1.webp
76743,https://autopart.tn/pieces/6752/BF0734180146_1.webp,404 Client Error: Not Found for url: https://autopart.tn/pieces/6752/BF0734180146_1.webp
76742,https://autopart.tn/pieces/6752/BF0734180100_1.webp,404 Client Error: Not Found for url: https://autopart.tn/pieces/6752/BF0734180100_1.webp
79104,https://autopart.tn/pieces/6752/TOPT1201083_1.webp,404 Client Error: Not Found for url: https://autopart.tn/pieces/6752/TOPT1201083_1.webp
79105,https://autopart.tn/pieces/6752/TOPT1201099_1.webp,404 Client Error: Not Found for url: https://autopart.tn/pieces/6752/TOPT1201099_1.webp
78906,https://autopart.tn/pieces/6752/BF0426790072_1.webp,404 Client Error: Not Found for url: https://autopart.tn/pieces/6752/BF0426790072_1.webp
46038,https://autopart.tn/pieces/21/735292_1.webp,404 Client Error: Not Found for url: https://autopart.tn/pieces/21/735292_1.webp
44938,https://autopart.tn/pieces/21/717112_1.webp,404 Client Error: Not Found for url: https://autopart.tn/pieces/21/717112_1.webp
83293,https://autopart.tn/pieces/6752/BF0426790047_1.webp,404 Client Error: Not Found for url: https://autopart.tn/pieces/6752/BF0426790047_1.webp
82766,https://autopart.tn/pieces/6752/BF0426790303_1.webp,404 Client Error: Not Found for url: https://autopart.tn/pieces/6752/BF0426790303_1.webp
83292,https://autopart.tn/pieces/6752/BF0426790028_1.webp,404 Client Error: Not Found for url: https://autopart.tn/pieces/6752/BF0426790028_1.webp
83295,https://autopart.tn/pieces/6752/BF0426790085_1.webp,404 Client Error: Not Found for url: https://autopart.tn/pieces/6752/BF0426790085_1.webp
83294,https://autopart.tn/pieces/6752/BF0426790077_1.webp,404 Client Error: Not Found for url: https://autopart.tn/pieces/6752/BF0426790077_1.webp
84319,https://autopart.tn/pieces/6752/BF0426790252_1.webp,404 Client Error: Not Found for url: https://autopart.tn/pieces/6752/BF0426790252_1.webp
85963,https://autopart.tn/pieces/6752/BF0426790167_1.webp,404 Client Error: Not Found for url: https://autopart.tn/pieces/6752/BF0426790167_1.webp
84364,https://autopart.tn/pieces/6752/TOPT1301023_1.webp,404 Client Error: Not Found for url: https://autopart.tn/pieces/6752/TOPT1301023_1.webp
85967,https://autopart.tn/pieces/6752/BF0426790304_1.webp,404 Client Error: Not Found for url: https://autopart.tn/pieces/6752/BF0426790304_1.webp
86886,https://autopart.tn/pieces/185/7700100_1.webp,404 Client Error: Not Found for url: https://autopart.tn/pieces/185/7700100_1.webp
86895,https://autopart.tn/pieces/185/7700316_1.webp,404 Client Error: Not Found for url: https://autopart.tn/pieces/185/7700316_1.webp
87712,https://autopart.tn/pieces/6752/BF0426790129_1.webp,404 Client Error: Not Found for url: https://autopart.tn/pieces/6752/BF0426790129_1.webp
87713,https://autopart.tn/pieces/6752/BF0426790473_1.webp,404 Client Error: Not Found for url: https://autopart.tn/pieces/6752/BF0426790473_1.webp
88814,https://autopart.tn/pieces/95/350213179700_1.webp,404 Client Error: Not Found for url: https://autopart.tn/pieces/95/350213179700_1.webp
69326,https://autopart.tn/pieces/21/733223_1.webp,404 Client Error: Not Found for url: https://autopart.tn/pieces/21/733223_1.webp
90048,https://autopart.tn/pieces/422/104.103_1.webp,404 Client Error: Not Found for url: https://autopart.tn/pieces/422/104.103_1.webp
90076,https://autopart.tn/pieces/422/104.112_1.webp,404 Client Error: Not Found for url: https://autopart.tn/pieces/422/104.112_1.webp
74145,https://autopart.tn/pieces/6752/BF0734230045_1.webp,404 Client Error: Not Found for url: https://autopart.tn/pieces/6752/BF0734230045_1.webp
86051,https://autopart.tn/pieces/6752/BF0734230021_1.webp,404 Client Error: Not Found for url: https://autopart.tn/pieces/6752/BF0734230021_1.webp
71472,https://autopart.tn/pieces/185/7700126_1.webp,404 Client Error: Not Found for url: https://autopart.tn/pieces/185/7700126_1.webp
71475,https://autopart.tn/pieces/185/7705234_1.webp,404 Client Error: Not Found for url: https://autopart.tn/pieces/185/7705234_1.webp
74158,https://autopart.tn/pieces/6752/TOPT1101050_1.webp,404 Client Error: Not Found for url: https://autopart.tn/pieces/6752/TOPT1101050_1.webp
74170,https://autopart.tn/pieces/6752/TOPT1121004_1.webp,404 Client Error: Not Found for url: https://autopart.tn/pieces/6752/TOPT1121004_1.webp
76761,https://autopart.tn/pieces/6752/TOPT1201066_1.webp,404 Client Error: Not Found for url: https://autopart.tn/pieces/6752/TOPT1201066_1.webp
83297,https://autopart.tn/pieces/6752/BF0426790433_1.webp,404 Client Error: Not Found for url: https://autopart.tn/pieces/6752/BF0426790433_1.webp
85962,https://autopart.tn/pieces/6752/BF0426790061_1.webp,404 Client Error: Not Found for url: https://autopart.tn/pieces/6752/BF0426790061_1.webp
85969,https://autopart.tn/pieces/6752/BF0426790420_1.webp,404 Client Error: Not Found for url: https://autopart.tn/pieces/6752/BF0426790420_1.webp
89257,https://autopart.tn/pieces/287/CR%20660%20000P_1.webp,404 Client Error: Not Found for url: https://autopart.tn/pieces/287/CR%20660%20000P_1.webp
66606,https://autopart.tn/pieces/185/7770004_1.webp,404 Client Error: Not Found for url: https://autopart.tn/pieces/185/7770004_1.webp
51795,https://autopart.tn/pieces/4455/BSG%2060-720-221_1.webp,404 Client Error: Not Found for url: https://autopart.tn/pieces/4455/BSG%2060-720-221_1.webp
63993,https://autopart.tn/pieces/6752/BF0426660893_1.webp,404 Client Error: Not Found for url: https://autopart.tn/pieces/6752/BF0426660893_1.webp
63994,https://autopart.tn/pieces/6752/BF0426661076_1.webp,404 Client Error: Not Found for url: https://autopart.tn/pieces/6752/BF0426661076_1.webp
63996,https://autopart.tn/pieces/6752/BF0426661155_1.webp,404 Client Error: Not Found for url: https://autopart.tn/pieces/6752/BF0426661155_1.webp
66874,https://autopart.tn/pieces/185/7910180_1.webp,404 Client Error: Not Found for url: https://autopart.tn/pieces/185/7910180_1.webp
66880,https://autopart.tn/pieces/185/7910272_1.webp,404 Client Error: Not Found for url: https://autopart.tn/pieces/185/7910272_1.webp
66895,https://autopart.tn/pieces/185/7910398_1.webp,404 Client Error: Not Found for url: https://autopart.tn/pieces/185/7910398_1.webp
67772,https://autopart.tn/pieces/185/7910052_1.webp,404 Client Error: Not Found for url: https://autopart.tn/pieces/185/7910052_1.webp
66887,https://autopart.tn/pieces/185/7910319_1.webp,404 Client Error: Not Found for url: https://autopart.tn/pieces/185/7910319_1.webp
66884,https://autopart.tn/pieces/185/7910293_1.webp,404 Client Error: Not Found for url: https://autopart.tn/pieces/185/7910293_1.webp
66896,https://autopart.tn/pieces/185/7910429_1.webp,404 Client Error: Not Found for url: https://autopart.tn/pieces/185/7910429_1.webp
67791,https://autopart.tn/pieces/185/7910123_1.webp,404 Client Error: Not Found for url: https://autopart.tn/pieces/185/7910123_1.webp
67810,https://autopart.tn/pieces/185/7910195_1.webp,404 Client Error: Not Found for url: https://autopart.tn/pieces/185/7910195_1.webp
67775,https://autopart.tn/pieces/185/7910083_1.webp,404 Client Error: Not Found for url: https://autopart.tn/pieces/185/7910083_1.webp
67809,https://autopart.tn/pieces/185/7910187_1.webp,404 Client Error: Not Found for url: https://autopart.tn/pieces/185/7910187_1.webp
67811,https://autopart.tn/pieces/185/7910199_1.webp,404 Client Error: Not Found for url: https://autopart.tn/pieces/185/7910199_1.webp
67813,https://autopart.tn/pieces/185/7910269_1.webp,404 Client Error: Not Found for url: https://autopart.tn/pieces/185/7910269_1.webp
68130,https://autopart.tn/pieces/101/185691_1.webp,404 Client Error: Not Found for url: https://autopart.tn/pieces/101/185691_1.webp
73455,https://autopart.tn/pieces/6752/BF0426660270_1.webp,404 Client Error: Not Found for url: https://autopart.tn/pieces/6752/BF0426660270_1.webp
73710,https://autopart.tn/pieces/6752/BF0426660327_1.webp,404 Client Error: Not Found for url: https://autopart.tn/pieces/6752/BF0426660327_1.webp
73726,https://autopart.tn/pieces/6752/BF0426661254_1.webp,404 Client Error: Not Found for url: https://autopart.tn/pieces/6752/BF0426661254_1.webp
73725,https://autopart.tn/pieces/6752/BF0426661193_1.webp,404 Client Error: Not Found for url: https://autopart.tn/pieces/6752/BF0426661193_1.webp
73802,https://autopart.tn/pieces/6752/TOPT1213131_1.webp,404 Client Error: Not Found for url: https://autopart.tn/pieces/6752/TOPT1213131_1.webp
74090,https://autopart.tn/pieces/6752/BF0426660968_1.webp,404 Client Error: Not Found for url: https://autopart.tn/pieces/6752/BF0426660968_1.webp
74092,https://autopart.tn/pieces/6752/BF0426661041_1.webp,404 Client Error: Not Found for url: https://autopart.tn/pieces/6752/BF0426661041_1.webp
79080,https://autopart.tn/pieces/6752/BF0426660408_1.webp,404 Client Error: Not Found for url: https://autopart.tn/pieces/6752/BF0426660408_1.webp
79095,https://autopart.tn/pieces/6752/BF0528730006_1.webp,404 Client Error: Not Found for url: https://autopart.tn/pieces/6752/BF0528730006_1.webp
79082,https://autopart.tn/pieces/6752/BF0426661180_1.webp,404 Client Error: Not Found for url: https://autopart.tn/pieces/6752/BF0426661180_1.webp
80317,https://autopart.tn/pieces/6752/BF0426660959_1.webp,404 Client Error: Not Found for url: https://autopart.tn/pieces/6752/BF0426660959_1.webp
80318,https://autopart.tn/pieces/6752/BF0426661368_1.webp,404 Client Error: Not Found for url: https://autopart.tn/pieces/6752/BF0426661368_1.webp
82847,https://autopart.tn/pieces/6752/BF0426660158_1.webp,404 Client Error: Not Found for url: https://autopart.tn/pieces/6752/BF0426660158_1.webp
82834,https://autopart.tn/pieces/6752/BF0424710065_1.webp,404 Client Error: Not Found for url: https://autopart.tn/pieces/6752/BF0424710065_1.webp
82850,https://autopart.tn/pieces/6752/BF0426660338_1.webp,404 Client Error: Not Found for url: https://autopart.tn/pieces/6752/BF0426660338_1.webp
82864,https://autopart.tn/pieces/6752/BF0426661876_1.webp,404 Client Error: Not Found for url: https://autopart.tn/pieces/6752/BF0426661876_1.webp
82865,https://autopart.tn/pieces/6752/BF0426661879_1.webp,404 Client Error: Not Found for url: https://autopart.tn/pieces/6752/BF0426661879_1.webp
82866,https://autopart.tn/pieces/6752/BF0426661878_1.webp,404 Client Error: Not Found for url: https://autopart.tn/pieces/6752/BF0426661878_1.webp
82868,https://autopart.tn/pieces/6752/BF0426661990_1.webp,404 Client Error: Not Found for url: https://autopart.tn/pieces/6752/BF0426661990_1.webp
83260,https://autopart.tn/pieces/6752/BF0426660240_1.webp,404 Client Error: Not Found for url: https://autopart.tn/pieces/6752/BF0426660240_1.webp
83276,https://autopart.tn/pieces/6752/BF0426661358_1.webp,404 Client Error: Not Found for url: https://autopart.tn/pieces/6752/BF0426661358_1.webp
83283,https://autopart.tn/pieces/6752/BF0426662197_1.webp,404 Client Error: Not Found for url: https://autopart.tn/pieces/6752/BF0426662197_1.webp
83282,https://autopart.tn/pieces/6752/BF0426661944_1.webp,404 Client Error: Not Found for url: https://autopart.tn/pieces/6752/BF0426661944_1.webp
83284,https://autopart.tn/pieces/6752/BF0426662264_1.webp,404 Client Error: Not Found for url: https://autopart.tn/pieces/6752/BF0426662264_1.webp
84312,https://autopart.tn/pieces/6752/BF0426662503_1.webp,404 Client Error: Not Found for url: https://autopart.tn/pieces/6752/BF0426662503_1.webp
86076,https://autopart.tn/pieces/6752/EF0426620002_1.webp,404 Client Error: Not Found for url: https://autopart.tn/pieces/6752/EF0426620002_1.webp
86026,https://autopart.tn/pieces/6752/BF0437200015_1.webp,404 Client Error: Not Found for url: https://autopart.tn/pieces/6752/BF0437200015_1.webp
87240,https://autopart.tn/pieces/405/754341_1.webp,404 Client Error: Not Found for url: https://autopart.tn/pieces/405/754341_1.webp
87706,https://autopart.tn/pieces/6752/BF0426661978_1.webp,404 Client Error: Not Found for url: https://autopart.tn/pieces/6752/BF0426661978_1.webp
87708,https://autopart.tn/pieces/6752/BF0426662032_1.webp,404 Client Error: Not Found for url: https://autopart.tn/pieces/6752/BF0426662032_1.webp
87709,https://autopart.tn/pieces/6752/BF0426662497_1.webp,404 Client Error: Not Found for url: https://autopart.tn/pieces/6752/BF0426662497_1.webp
88549,https://autopart.tn/pieces/405/206038_1.webp,404 Client Error: Not Found for url: https://autopart.tn/pieces/405/206038_1.webp
88818,https://autopart.tn/pieces/10035/LR011465_1.webp,404 Client Error: Not Found for url: https://autopart.tn/pieces/10035/LR011465_1.webp
89574,https://autopart.tn/pieces/6752/BF0426661844_1.webp,404 Client Error: Not Found for url: https://autopart.tn/pieces/6752/BF0426661844_1.webp
89325,https://autopart.tn/pieces/301/408%20145_1.webp,404 Client Error: Not Found for url: https://autopart.tn/pieces/301/408%20145_1.webp
89326,https://autopart.tn/pieces/209/02.40.163_1.webp,404 Client Error: Not Found for url: https://autopart.tn/pieces/209/02.40.163_1.webp
89659,https://autopart.tn/pieces/6752/BF0426663123_1.webp,404 Client Error: Not Found for url: https://autopart.tn/pieces/6752/BF0426663123_1.webp
67035,https://autopart.tn/pieces/185/LC007_1.webp,404 Client Error: Not Found for url: https://autopart.tn/pieces/185/LC007_1.webp
67034,https://autopart.tn/pieces/185/LC004_1.webp,404 Client Error: Not Found for url: https://autopart.tn/pieces/185/LC004_1.webp
67037,https://autopart.tn/pieces/185/LC058_1.webp,404 Client Error: Not Found for url: https://autopart.tn/pieces/185/LC058_1.webp
67036,https://autopart.tn/pieces/185/LC045_1.webp,404 Client Error: Not Found for url: https://autopart.tn/pieces/185/LC045_1.webp
67040,https://autopart.tn/pieces/185/LC064_1.webp,404 Client Error: Not Found for url: https://autopart.tn/pieces/185/LC064_1.webp
67038,https://autopart.tn/pieces/185/LC059_1.webp,404 Client Error: Not Found for url: https://autopart.tn/pieces/185/LC059_1.webp
67039,https://autopart.tn/pieces/185/LC063_1.webp,404 Client Error: Not Found for url: https://autopart.tn/pieces/185/LC063_1.webp
67042,https://autopart.tn/pieces/185/LC068_1.webp,404 Client Error: Not Found for url: https://autopart.tn/pieces/185/LC068_1.webp
67041,https://autopart.tn/pieces/185/LC067_1.webp,404 Client Error: Not Found for url: https://autopart.tn/pieces/185/LC067_1.webp
67043,https://autopart.tn/pieces/185/LC069_1.webp,404 Client Error: Not Found for url: https://autopart.tn/pieces/185/LC069_1.webp
67044,https://autopart.tn/pieces/185/LC071_1.webp,404 Client Error: Not Found for url: https://autopart.tn/pieces/185/LC071_1.webp
67045,https://autopart.tn/pieces/185/LC093_1.webp,404 Client Error: Not Found for url: https://autopart.tn/pieces/185/LC093_1.webp
67875,https://autopart.tn/pieces/185/LC001_1.webp,404 Client Error: Not Found for url: https://autopart.tn/pieces/185/LC001_1.webp
67876,https://autopart.tn/pieces/185/LC002_1.webp,404 Client Error: Not Found for url: https://autopart.tn/pieces/185/LC002_1.webp
67046,https://autopart.tn/pieces/185/LC164_1.webp,404 Client Error: Not Found for url: https://autopart.tn/pieces/185/LC164_1.webp
67047,https://autopart.tn/pieces/185/LC180_1.webp,404 Client Error: Not Found for url: https://autopart.tn/pieces/185/LC180_1.webp
67877,https://autopart.tn/pieces/185/LC003_1.webp,404 Client Error: Not Found for url: https://autopart.tn/pieces/185/LC003_1.webp
67879,https://autopart.tn/pieces/185/LC006_1.webp,404 Client Error: Not Found for url: https://autopart.tn/pieces/185/LC006_1.webp
67882,https://autopart.tn/pieces/185/LC010_1.webp,404 Client Error: Not Found for url: https://autopart.tn/pieces/185/LC010_1.webp
67878,https://autopart.tn/pieces/185/LC005_1.webp,404 Client Error: Not Found for url: https://autopart.tn/pieces/185/LC005_1.webp
67880,https://autopart.tn/pieces/185/LC008_1.webp,404 Client Error: Not Found for url: https://autopart.tn/pieces/185/LC008_1.webp
67881,https://autopart.tn/pieces/185/LC009_1.webp,404 Client Error: Not Found for url: https://autopart.tn/pieces/185/LC009_1.webp
67883,https://autopart.tn/pieces/185/LC011_1.webp,404 Client Error: Not Found for url: https://autopart.tn/pieces/185/LC011_1.webp
67886,https://autopart.tn/pieces/185/LC014_1.webp,404 Client Error: Not Found for url: https://autopart.tn/pieces/185/LC014_1.webp
67885,https://autopart.tn/pieces/185/LC013_1.webp,404 Client Error: Not Found for url: https://autopart.tn/pieces/185/LC013_1.webp
67887,https://autopart.tn/pieces/185/LC015_1.webp,404 Client Error: Not Found for url: https://autopart.tn/pieces/185/LC015_1.webp
67888,https://autopart.tn/pieces/185/LC016_1.webp,404 Client Error: Not Found for url: https://autopart.tn/pieces/185/LC016_1.webp
67890,https://autopart.tn/pieces/185/LC018_1.webp,404 Client Error: Not Found for url: https://autopart.tn/pieces/185/LC018_1.webp
67884,https://autopart.tn/pieces/185/LC012_1.webp,404 Client Error: Not Found for url: https://autopart.tn/pieces/185/LC012_1.webp
67892,https://autopart.tn/pieces/185/LC020_1.webp,404 Client Error: Not Found for url: https://autopart.tn/pieces/185/LC020_1.webp
67891,https://autopart.tn/pieces/185/LC019_1.webp,404 Client Error: Not Found for url: https://autopart.tn/pieces/185/LC019_1.webp
67893,https://autopart.tn/pieces/185/LC021_1.webp,404 Client Error: Not Found for url: https://autopart.tn/pieces/185/LC021_1.webp
67895,https://autopart.tn/pieces/185/LC023_1.webp,404 Client Error: Not Found for url: https://autopart.tn/pieces/185/LC023_1.webp
67896,https://autopart.tn/pieces/185/LC024_1.webp,404 Client Error: Not Found for url: https://autopart.tn/pieces/185/LC024_1.webp
67894,https://autopart.tn/pieces/185/LC022_1.webp,404 Client Error: Not Found for url: https://autopart.tn/pieces/185/LC022_1.webp
67899,https://autopart.tn/pieces/185/LC027_1.webp,404 Client Error: Not Found for url: https://autopart.tn/pieces/185/LC027_1.webp
67889,https://autopart.tn/pieces/185/LC017_1.webp,404 Client Error: Not Found for url: https://autopart.tn/pieces/185/LC017_1.webp
67900,https://autopart.tn/pieces/185/LC028_1.webp,404 Client Error: Not Found for url: https://autopart.tn/pieces/185/LC028_1.webp
67897,https://autopart.tn/pieces/185/LC025_1.webp,404 Client Error: Not Found for url: https://autopart.tn/pieces/185/LC025_1.webp
67898,https://autopart.tn/pieces/185/LC026_1.webp,404 Client Error: Not Found for url: https://autopart.tn/pieces/185/LC026_1.webp
67901,https://autopart.tn/pieces/185/LC032_1.webp,404 Client Error: Not Found for url: https://autopart.tn/pieces/185/LC032_1.webp
67904,https://autopart.tn/pieces/185/LC038_1.webp,404 Client Error: Not Found for url: https://autopart.tn/pieces/185/LC038_1.webp
67905,https://autopart.tn/pieces/185/LC039_1.webp,404 Client Error: Not Found for url: https://autopart.tn/pieces/185/LC039_1.webp
67902,https://autopart.tn/pieces/185/LC033_1.webp,404 Client Error: Not Found for url: https://autopart.tn/pieces/185/LC033_1.webp
67903,https://autopart.tn/pieces/185/LC034_1.webp,404 Client Error: Not Found for url: https://autopart.tn/pieces/185/LC034_1.webp
67906,https://autopart.tn/pieces/185/LC040_1.webp,404 Client Error: Not Found for url: https://autopart.tn/pieces/185/LC040_1.webp
67907,https://autopart.tn/pieces/185/LC041_1.webp,404 Client Error: Not Found for url: https://autopart.tn/pieces/185/LC041_1.webp
67910,https://autopart.tn/pieces/185/LC048_1.webp,404 Client Error: Not Found for url: https://autopart.tn/pieces/185/LC048_1.webp
67908,https://autopart.tn/pieces/185/LC044_1.webp,404 Client Error: Not Found for url: https://autopart.tn/pieces/185/LC044_1.webp
67909,https://autopart.tn/pieces/185/LC047_1.webp,404 Client Error: Not Found for url: https://autopart.tn/pieces/185/LC047_1.webp
67911,https://autopart.tn/pieces/185/LC049_1.webp,404 Client Error: Not Found for url: https://autopart.tn/pieces/185/LC049_1.webp
67913,https://autopart.tn/pieces/185/LC054_1.webp,404 Client Error: Not Found for url: https://autopart.tn/pieces/185/LC054_1.webp
67912,https://autopart.tn/pieces/185/LC053_1.webp,404 Client Error: Not Found for url: https://autopart.tn/pieces/185/LC053_1.webp
67914,https://autopart.tn/pieces/185/LC056_1.webp,404 Client Error: Not Found for url: https://autopart.tn/pieces/185/LC056_1.webp
67915,https://autopart.tn/pieces/185/LC057_1.webp,404 Client Error: Not Found for url: https://autopart.tn/pieces/185/LC057_1.webp
67916,https://autopart.tn/pieces/185/LC061_1.webp,404 Client Error: Not Found for url: https://autopart.tn/pieces/185/LC061_1.webp
67920,https://autopart.tn/pieces/185/LC074_1.webp,404 Client Error: Not Found for url: https://autopart.tn/pieces/185/LC074_1.webp
67921,https://autopart.tn/pieces/185/LC081_1.webp,404 Client Error: Not Found for url: https://autopart.tn/pieces/185/LC081_1.webp
67917,https://autopart.tn/pieces/185/LC062_1.webp,404 Client Error: Not Found for url: https://autopart.tn/pieces/185/LC062_1.webp
67918,https://autopart.tn/pieces/185/LC066_1.webp,404 Client Error: Not Found for url: https://autopart.tn/pieces/185/LC066_1.webp
67919,https://autopart.tn/pieces/185/LC072_1.webp,404 Client Error: Not Found for url: https://autopart.tn/pieces/185/LC072_1.webp
67923,https://autopart.tn/pieces/185/LC083_1.webp,404 Client Error: Not Found for url: https://autopart.tn/pieces/185/LC083_1.webp
67922,https://autopart.tn/pieces/185/LC082_1.webp,404 Client Error: Not Found for url: https://autopart.tn/pieces/185/LC082_1.webp
67925,https://autopart.tn/pieces/185/LC086_1.webp,404 Client Error: Not Found for url: https://autopart.tn/pieces/185/LC086_1.webp
67924,https://autopart.tn/pieces/185/LC084_1.webp,404 Client Error: Not Found for url: https://autopart.tn/pieces/185/LC084_1.webp
67930,https://autopart.tn/pieces/185/LC091_1.webp,404 Client Error: Not Found for url: https://autopart.tn/pieces/185/LC091_1.webp
67928,https://autopart.tn/pieces/185/LC089_1.webp,404 Client Error: Not Found for url: https://autopart.tn/pieces/185/LC089_1.webp
67926,https://autopart.tn/pieces/185/LC087_1.webp,404 Client Error: Not Found for url: https://autopart.tn/pieces/185/LC087_1.webp
67927,https://autopart.tn/pieces/185/LC088_1.webp,404 Client Error: Not Found for url: https://autopart.tn/pieces/185/LC088_1.webp
67933,https://autopart.tn/pieces/185/LC099_1.webp,404 Client Error: Not Found for url: https://autopart.tn/pieces/185/LC099_1.webp
67929,https://autopart.tn/pieces/185/LC090_1.webp,404 Client Error: Not Found for url: https://autopart.tn/pieces/185/LC090_1.webp
67932,https://autopart.tn/pieces/185/LC098_1.webp,404 Client Error: Not Found for url: https://autopart.tn/pieces/185/LC098_1.webp
67934,https://autopart.tn/pieces/185/LC100_1.webp,404 Client Error: Not Found for url: https://autopart.tn/pieces/185/LC100_1.webp
67936,https://autopart.tn/pieces/185/LC102_1.webp,404 Client Error: Not Found for url: https://autopart.tn/pieces/185/LC102_1.webp
67935,https://autopart.tn/pieces/185/LC101_1.webp,404 Client Error: Not Found for url: https://autopart.tn/pieces/185/LC101_1.webp
67938,https://autopart.tn/pieces/185/LC104_1.webp,404 Client Error: Not Found for url: https://autopart.tn/pieces/185/LC104_1.webp
67942,https://autopart.tn/pieces/185/LC113_1.webp,404 Client Error: Not Found for url: https://autopart.tn/pieces/185/LC113_1.webp
67937,https://autopart.tn/pieces/185/LC103_1.webp,404 Client Error: Not Found for url: https://autopart.tn/pieces/185/LC103_1.webp
67939,https://autopart.tn/pieces/185/LC105_1.webp,404 Client Error: Not Found for url: https://autopart.tn/pieces/185/LC105_1.webp
67940,https://autopart.tn/pieces/185/LC109_1.webp,404 Client Error: Not Found for url: https://autopart.tn/pieces/185/LC109_1.webp
67943,https://autopart.tn/pieces/185/LC114_1.webp,404 Client Error: Not Found for url: https://autopart.tn/pieces/185/LC114_1.webp
67941,https://autopart.tn/pieces/185/LC112_1.webp,404 Client Error: Not Found for url: https://autopart.tn/pieces/185/LC112_1.webp
67944,https://autopart.tn/pieces/185/LC121_1.webp,404 Client Error: Not Found for url: https://autopart.tn/pieces/185/LC121_1.webp
67945,https://autopart.tn/pieces/185/LC122_1.webp,404 Client Error: Not Found for url: https://autopart.tn/pieces/185/LC122_1.webp
67946,https://autopart.tn/pieces/185/LC123_1.webp,404 Client Error: Not Found for url: https://autopart.tn/pieces/185/LC123_1.webp
67947,https://autopart.tn/pieces/185/LC124_1.webp,404 Client Error: Not Found for url: https://autopart.tn/pieces/185/LC124_1.webp
67950,https://autopart.tn/pieces/185/LC127_1.webp,404 Client Error: Not Found for url: https://autopart.tn/pieces/185/LC127_1.webp
67951,https://autopart.tn/pieces/185/LC128_1.webp,404 Client Error: Not Found for url: https://autopart.tn/pieces/185/LC128_1.webp
67948,https://autopart.tn/pieces/185/LC125_1.webp,404 Client Error: Not Found for url: https://autopart.tn/pieces/185/LC125_1.webp
67949,https://autopart.tn/pieces/185/LC126_1.webp,404 Client Error: Not Found for url: https://autopart.tn/pieces/185/LC126_1.webp
67953,https://autopart.tn/pieces/185/LC130_1.webp,404 Client Error: Not Found for url: https://autopart.tn/pieces/185/LC130_1.webp
67952,https://autopart.tn/pieces/185/LC129_1.webp,404 Client Error: Not Found for url: https://autopart.tn/pieces/185/LC129_1.webp
67954,https://autopart.tn/pieces/185/LC131_1.webp,404 Client Error: Not Found for url: https://autopart.tn/pieces/185/LC131_1.webp
67955,https://autopart.tn/pieces/185/LC132_1.webp,404 Client Error: Not Found for url: https://autopart.tn/pieces/185/LC132_1.webp
67957,https://autopart.tn/pieces/185/LC134_1.webp,404 Client Error: Not Found for url: https://autopart.tn/pieces/185/LC134_1.webp
67956,https://autopart.tn/pieces/185/LC133_1.webp,404 Client Error: Not Found for url: https://autopart.tn/pieces/185/LC133_1.webp
67959,https://autopart.tn/pieces/185/LC136_1.webp,404 Client Error: Not Found for url: https://autopart.tn/pieces/185/LC136_1.webp
67960,https://autopart.tn/pieces/185/LC137_1.webp,404 Client Error: Not Found for url: https://autopart.tn/pieces/185/LC137_1.webp
67958,https://autopart.tn/pieces/185/LC135_1.webp,404 Client Error: Not Found for url: https://autopart.tn/pieces/185/LC135_1.webp
67962,https://autopart.tn/pieces/185/LC139_1.webp,404 Client Error: Not Found for url: https://autopart.tn/pieces/185/LC139_1.webp
67964,https://autopart.tn/pieces/185/LC141_1.webp,404 Client Error: Not Found for url: https://autopart.tn/pieces/185/LC141_1.webp
67961,https://autopart.tn/pieces/185/LC138_1.webp,404 Client Error: Not Found for url: https://autopart.tn/pieces/185/LC138_1.webp
67963,https://autopart.tn/pieces/185/LC140_1.webp,404 Client Error: Not Found for url: https://autopart.tn/pieces/185/LC140_1.webp
67969,https://autopart.tn/pieces/185/LC146_1.webp,404 Client Error: Not Found for url: https://autopart.tn/pieces/185/LC146_1.webp
67965,https://autopart.tn/pieces/185/LC142_1.webp,404 Client Error: Not Found for url: https://autopart.tn/pieces/185/LC142_1.webp
67966,https://autopart.tn/pieces/185/LC143_1.webp,404 Client Error: Not Found for url: https://autopart.tn/pieces/185/LC143_1.webp
67970,https://autopart.tn/pieces/185/LC147_1.webp,404 Client Error: Not Found for url: https://autopart.tn/pieces/185/LC147_1.webp
67968,https://autopart.tn/pieces/185/LC145_1.webp,404 Client Error: Not Found for url: https://autopart.tn/pieces/185/LC145_1.webp
67967,https://autopart.tn/pieces/185/LC144_1.webp,404 Client Error: Not Found for url: https://autopart.tn/pieces/185/LC144_1.webp
67971,https://autopart.tn/pieces/185/LC148_1.webp,404 Client Error: Not Found for url: https://autopart.tn/pieces/185/LC148_1.webp
67972,https://autopart.tn/pieces/185/LC149_1.webp,404 Client Error: Not Found for url: https://autopart.tn/pieces/185/LC149_1.webp
67975,https://autopart.tn/pieces/185/LC153_1.webp,404 Client Error: Not Found for url: https://autopart.tn/pieces/185/LC153_1.webp
67973,https://autopart.tn/pieces/185/LC151_1.webp,404 Client Error: Not Found for url: https://autopart.tn/pieces/185/LC151_1.webp
67977,https://autopart.tn/pieces/185/LC155_1.webp,404 Client Error: Not Found for url: https://autopart.tn/pieces/185/LC155_1.webp
67981,https://autopart.tn/pieces/185/LC165_1.webp,404 Client Error: Not Found for url: https://autopart.tn/pieces/185/LC165_1.webp
67976,https://autopart.tn/pieces/185/LC154_1.webp,404 Client Error: Not Found for url: https://autopart.tn/pieces/185/LC154_1.webp
67978,https://autopart.tn/pieces/185/LC156_1.webp,404 Client Error: Not Found for url: https://autopart.tn/pieces/185/LC156_1.webp
67980,https://autopart.tn/pieces/185/LC158_1.webp,404 Client Error: Not Found for url: https://autopart.tn/pieces/185/LC158_1.webp
67979,https://autopart.tn/pieces/185/LC157_1.webp,404 Client Error: Not Found for url: https://autopart.tn/pieces/185/LC157_1.webp
67984,https://autopart.tn/pieces/185/LC168_1.webp,404 Client Error: Not Found for url: https://autopart.tn/pieces/185/LC168_1.webp
67985,https://autopart.tn/pieces/185/LC169_1.webp,404 Client Error: Not Found for url: https://autopart.tn/pieces/185/LC169_1.webp
67982,https://autopart.tn/pieces/185/LC166_1.webp,404 Client Error: Not Found for url: https://autopart.tn/pieces/185/LC166_1.webp
67983,https://autopart.tn/pieces/185/LC167_1.webp,404 Client Error: Not Found for url: https://autopart.tn/pieces/185/LC167_1.webp
67988,https://autopart.tn/pieces/185/LC172_1.webp,404 Client Error: Not Found for url: https://autopart.tn/pieces/185/LC172_1.webp
67986,https://autopart.tn/pieces/185/LC170_1.webp,404 Client Error: Not Found for url: https://autopart.tn/pieces/185/LC170_1.webp
67990,https://autopart.tn/pieces/185/LC174_1.webp,404 Client Error: Not Found for url: https://autopart.tn/pieces/185/LC174_1.webp
67989,https://autopart.tn/pieces/185/LC173_1.webp,404 Client Error: Not Found for url: https://autopart.tn/pieces/185/LC173_1.webp
67993,https://autopart.tn/pieces/185/LC186_1.webp,404 Client Error: Not Found for url: https://autopart.tn/pieces/185/LC186_1.webp
67992,https://autopart.tn/pieces/185/LC176_1.webp,404 Client Error: Not Found for url: https://autopart.tn/pieces/185/LC176_1.webp
67994,https://autopart.tn/pieces/185/LC189_1.webp,404 Client Error: Not Found for url: https://autopart.tn/pieces/185/LC189_1.webp
67987,https://autopart.tn/pieces/185/LC171_1.webp,404 Client Error: Not Found for url: https://autopart.tn/pieces/185/LC171_1.webp
67991,https://autopart.tn/pieces/185/LC175_1.webp,404 Client Error: Not Found for url: https://autopart.tn/pieces/185/LC175_1.webp
67995,https://autopart.tn/pieces/185/LC190_1.webp,404 Client Error: Not Found for url: https://autopart.tn/pieces/185/LC190_1.webp
87002,https://autopart.tn/pieces/185/LC037_1.webp,404 Client Error: Not Found for url: https://autopart.tn/pieces/185/LC037_1.webp
28537,https://autopart.tn/pieces/21/826859_1.webp,404 Client Error: Not Found for url: https://autopart.tn/pieces/21/826859_1.webp
28540,https://autopart.tn/pieces/21/826864_1.webp,404 Client Error: Not Found for url: https://autopart.tn/pieces/21/826864_1.webp
28539,https://autopart.tn/pieces/21/826862_1.webp,404 Client Error: Not Found for url: https://autopart.tn/pieces/21/826862_1.webp
28535,https://autopart.tn/pieces/21/826814_1.webp,404 Client Error: Not Found for url: https://autopart.tn/pieces/21/826814_1.webp
28542,https://autopart.tn/pieces/21/826866_1.webp,404 Client Error: Not Found for url: https://autopart.tn/pieces/21/826866_1.webp
28543,https://autopart.tn/pieces/21/826867_1.webp,404 Client Error: Not Found for url: https://autopart.tn/pieces/21/826867_1.webp
28541,https://autopart.tn/pieces/21/826865_1.webp,404 Client Error: Not Found for url: https://autopart.tn/pieces/21/826865_1.webp
28545,https://autopart.tn/pieces/21/826901_1.webp,404 Client Error: Not Found for url: https://autopart.tn/pieces/21/826901_1.webp
28546,https://autopart.tn/pieces/21/826955_1.webp,404 Client Error: Not Found for url: https://autopart.tn/pieces/21/826955_1.webp
28544,https://autopart.tn/pieces/21/826868_1.webp,404 Client Error: Not Found for url: https://autopart.tn/pieces/21/826868_1.webp
28547,https://autopart.tn/pieces/21/826998_1.webp,404 Client Error: Not Found for url: https://autopart.tn/pieces/21/826998_1.webp
28548,https://autopart.tn/pieces/21/827014_1.webp,404 Client Error: Not Found for url: https://autopart.tn/pieces/21/827014_1.webp
28559,https://autopart.tn/pieces/21/828118_1.webp,404 Client Error: Not Found for url: https://autopart.tn/pieces/21/828118_1.webp
28558,https://autopart.tn/pieces/21/828111_1.webp,404 Client Error: Not Found for url: https://autopart.tn/pieces/21/828111_1.webp
28565,https://autopart.tn/pieces/21/828367_1.webp,404 Client Error: Not Found for url: https://autopart.tn/pieces/21/828367_1.webp
28561,https://autopart.tn/pieces/21/828154_1.webp,404 Client Error: Not Found for url: https://autopart.tn/pieces/21/828154_1.webp
28571,https://autopart.tn/pieces/21/828406_1.webp,404 Client Error: Not Found for url: https://autopart.tn/pieces/21/828406_1.webp
28563,https://autopart.tn/pieces/21/828302_1.webp,404 Client Error: Not Found for url: https://autopart.tn/pieces/21/828302_1.webp
28562,https://autopart.tn/pieces/21/828216_1.webp,404 Client Error: Not Found for url: https://autopart.tn/pieces/21/828216_1.webp
28573,https://autopart.tn/pieces/21/828438_1.webp,404 Client Error: Not Found for url: https://autopart.tn/pieces/21/828438_1.webp
28557,https://autopart.tn/pieces/21/828077_1.webp,404 Client Error: Not Found for url: https://autopart.tn/pieces/21/828077_1.webp
28555,https://autopart.tn/pieces/21/828042_1.webp,404 Client Error: Not Found for url: https://autopart.tn/pieces/21/828042_1.webp
28568,https://autopart.tn/pieces/21/828393_1.webp,404 Client Error: Not Found for url: https://autopart.tn/pieces/21/828393_1.webp
28574,https://autopart.tn/pieces/21/828439_1.webp,404 Client Error: Not Found for url: https://autopart.tn/pieces/21/828439_1.webp
28576,https://autopart.tn/pieces/21/828523_1.webp,404 Client Error: Not Found for url: https://autopart.tn/pieces/21/828523_1.webp
28588,https://autopart.tn/pieces/21/833700_1.webp,404 Client Error: Not Found for url: https://autopart.tn/pieces/21/833700_1.webp
28586,https://autopart.tn/pieces/21/832461_1.webp,404 Client Error: Not Found for url: https://autopart.tn/pieces/21/832461_1.webp
28589,https://autopart.tn/pieces/21/834037_1.webp,404 Client Error: Not Found for url: https://autopart.tn/pieces/21/834037_1.webp
28590,https://autopart.tn/pieces/21/835001_1.webp,404 Client Error: Not Found for url: https://autopart.tn/pieces/21/835001_1.webp
28591,https://autopart.tn/pieces/21/835049_1.webp,404 Client Error: Not Found for url: https://autopart.tn/pieces/21/835049_1.webp
28577,https://autopart.tn/pieces/21/828534_1.webp,404 Client Error: Not Found for url: https://autopart.tn/pieces/21/828534_1.webp
28584,https://autopart.tn/pieces/21/832200_1.webp,404 Client Error: Not Found for url: https://autopart.tn/pieces/21/832200_1.webp
28593,https://autopart.tn/pieces/21/835064_1.webp,404 Client Error: Not Found for url: https://autopart.tn/pieces/21/835064_1.webp
28602,https://autopart.tn/pieces/21/835148_1.webp,404 Client Error: Not Found for url: https://autopart.tn/pieces/21/835148_1.webp
28592,https://autopart.tn/pieces/21/835061_1.webp,404 Client Error: Not Found for url: https://autopart.tn/pieces/21/835061_1.webp
28599,https://autopart.tn/pieces/21/835074_1.webp,404 Client Error: Not Found for url: https://autopart.tn/pieces/21/835074_1.webp
28604,https://autopart.tn/pieces/21/835368_1.webp,404 Client Error: Not Found for url: https://autopart.tn/pieces/21/835368_1.webp
28612,https://autopart.tn/pieces/21/836101_1.webp,404 Client Error: Not Found for url: https://autopart.tn/pieces/21/836101_1.webp
28667,https://autopart.tn/pieces/21/877019_1.webp,404 Client Error: Not Found for url: https://autopart.tn/pieces/21/877019_1.webp
28601,https://autopart.tn/pieces/21/835077_1.webp,404 Client Error: Not Found for url: https://autopart.tn/pieces/21/835077_1.webp
28668,https://autopart.tn/pieces/21/877211_1.webp,404 Client Error: Not Found for url: https://autopart.tn/pieces/21/877211_1.webp
28669,https://autopart.tn/pieces/21/877245_1.webp,404 Client Error: Not Found for url: https://autopart.tn/pieces/21/877245_1.webp
28672,https://autopart.tn/pieces/21/877374_1.webp,404 Client Error: Not Found for url: https://autopart.tn/pieces/21/877374_1.webp
52502,https://autopart.tn/pieces/185/KC116_1.webp,404 Client Error: Not Found for url: https://autopart.tn/pieces/185/KC116_1.webp
52500,https://autopart.tn/pieces/185/KC110_1.webp,404 Client Error: Not Found for url: https://autopart.tn/pieces/185/KC110_1.webp
52506,https://autopart.tn/pieces/185/KC154_1.webp,404 Client Error: Not Found for url: https://autopart.tn/pieces/185/KC154_1.webp
52510,https://autopart.tn/pieces/185/KC194_1.webp,404 Client Error: Not Found for url: https://autopart.tn/pieces/185/KC194_1.webp
52511,https://autopart.tn/pieces/185/KC196_1.webp,404 Client Error: Not Found for url: https://autopart.tn/pieces/185/KC196_1.webp
67873,https://autopart.tn/pieces/185/KC801_1.webp,404 Client Error: Not Found for url: https://autopart.tn/pieces/185/KC801_1.webp
57913,https://autopart.tn/pieces/399/ISK2052_1.webp,404 Client Error: Not Found for url: https://autopart.tn/pieces/399/ISK2052_1.webp
75892,https://autopart.tn/pieces/185/KC319_1.webp,404 Client Error: Not Found for url: https://autopart.tn/pieces/185/KC319_1.webp
75894,https://autopart.tn/pieces/185/KC322_1.webp,404 Client Error: Not Found for url: https://autopart.tn/pieces/185/KC322_1.webp
75893,https://autopart.tn/pieces/185/KC321_1.webp,404 Client Error: Not Found for url: https://autopart.tn/pieces/185/KC321_1.webp
85100,https://autopart.tn/pieces/10013/16%20078%20706%2080_1.webp,404 Client Error: Not Found for url: https://autopart.tn/pieces/10013/16%20078%20706%2080_1.webp
87732,https://autopart.tn/pieces/6752/BK0342720006_1.webp,404 Client Error: Not Found for url: https://autopart.tn/pieces/6752/BK0342720006_1.webp
87971,https://autopart.tn/pieces/32/3400%20700%20561_1.webp,404 Client Error: Not Found for url: https://autopart.tn/pieces/32/3400%20700%20561_1.webp
28071,https://autopart.tn/pieces/21/696095_1.webp,404 Client Error: Not Found for url: https://autopart.tn/pieces/21/696095_1.webp
80217,https://autopart.tn/pieces/185/KC308_1.webp,404 Client Error: Not Found for url: https://autopart.tn/pieces/185/KC308_1.webp
87960,https://autopart.tn/pieces/32/3400%20710%20721_1.webp,404 Client Error: Not Found for url: https://autopart.tn/pieces/32/3400%20710%20721_1.webp
90053,https://autopart.tn/pieces/350/ADBP300210_1.webp,404 Client Error: Not Found for url: https://autopart.tn/pieces/350/ADBP300210_1.webp
90332,https://autopart.tn/pieces/201/CP-2056_1.webp,404 Client Error: Not Found for url: https://autopart.tn/pieces/201/CP-2056_1.webp
1664,https://autopart.tn/pieces/2/8EW%20351%20042-721_1.webp,404 Client Error: Not Found for url: https://autopart.tn/pieces/2/8EW%20351%20042-721_1.webp
1665,https://autopart.tn/pieces/2/8EW%20351%20042-731_1.webp,404 Client Error: Not Found for url: https://autopart.tn/pieces/2/8EW%20351%20042-731_1.webp
51745,https://autopart.tn/pieces/4455/BSG%2040-510-005_1.webp,404 Client Error: Not Found for url: https://autopart.tn/pieces/4455/BSG%2040-510-005_1.webp
65400,https://autopart.tn/pieces/185/7742051_1.webp,404 Client Error: Not Found for url: https://autopart.tn/pieces/185/7742051_1.webp
65401,https://autopart.tn/pieces/185/7742052_1.webp,404 Client Error: Not Found for url: https://autopart.tn/pieces/185/7742052_1.webp
67727,https://autopart.tn/pieces/185/7740181_1.webp,404 Client Error: Not Found for url: https://autopart.tn/pieces/185/7740181_1.webp
71557,https://autopart.tn/pieces/185/7740192_1.webp,404 Client Error: Not Found for url: https://autopart.tn/pieces/185/7740192_1.webp
73437,https://autopart.tn/pieces/6752/BF0426180038_1.webp,404 Client Error: Not Found for url: https://autopart.tn/pieces/6752/BF0426180038_1.webp
75574,https://autopart.tn/pieces/185/7740183_1.webp,404 Client Error: Not Found for url: https://autopart.tn/pieces/185/7740183_1.webp
87689,https://autopart.tn/pieces/6752/BF0426220158_1.webp,404 Client Error: Not Found for url: https://autopart.tn/pieces/6752/BF0426220158_1.webp
87685,https://autopart.tn/pieces/6752/BF0426180095_1.webp,404 Client Error: Not Found for url: https://autopart.tn/pieces/6752/BF0426180095_1.webp
87688,https://autopart.tn/pieces/6752/BF0426220151_1.webp,404 Client Error: Not Found for url: https://autopart.tn/pieces/6752/BF0426220151_1.webp
89647,https://autopart.tn/pieces/6752/BF0426180094_1.webp,404 Client Error: Not Found for url: https://autopart.tn/pieces/6752/BF0426180094_1.webp
89648,https://autopart.tn/pieces/6752/BF0426220014_1.webp,404 Client Error: Not Found for url: https://autopart.tn/pieces/6752/BF0426220014_1.webp
89323,https://autopart.tn/pieces/156/VC-506_1.webp,404 Client Error: Not Found for url: https://autopart.tn/pieces/156/VC-506_1.webp
78881,https://autopart.tn/pieces/6752/BF0114520011_1.webp,404 Client Error: Not Found for url: https://autopart.tn/pieces/6752/BF0114520011_1.webp
80303,https://autopart.tn/pieces/6752/BF0114520148_1.webp,404 Client Error: Not Found for url: https://autopart.tn/pieces/6752/BF0114520148_1.webp
55339,https://autopart.tn/pieces/4570/C6289711_1.webp,404 Client Error: Not Found for url: https://autopart.tn/pieces/4570/C6289711_1.webp
55343,https://autopart.tn/pieces/4570/C6289701_1.webp,404 Client Error: Not Found for url: https://autopart.tn/pieces/4570/C6289701_1.webp
66595,https://autopart.tn/pieces/185/7740191_1.webp,404 Client Error: Not Found for url: https://autopart.tn/pieces/185/7740191_1.webp
67726,https://autopart.tn/pieces/185/7740085_1.webp,404 Client Error: Not Found for url: https://autopart.tn/pieces/185/7740085_1.webp
76640,https://autopart.tn/pieces/6752/BF0426220077_1.webp,404 Client Error: Not Found for url: https://autopart.tn/pieces/6752/BF0426220077_1.webp
79778,https://autopart.tn/pieces/185/7740182_1.webp,404 Client Error: Not Found for url: https://autopart.tn/pieces/185/7740182_1.webp
81850,https://autopart.tn/pieces/6752/BF0426220069_1.webp,404 Client Error: Not Found for url: https://autopart.tn/pieces/6752/BF0426220069_1.webp
81851,https://autopart.tn/pieces/6752/BF0426220074_1.webp,404 Client Error: Not Found for url: https://autopart.tn/pieces/6752/BF0426220074_1.webp
68142,https://autopart.tn/pieces/101/193255_1.webp,404 Client Error: Not Found for url: https://autopart.tn/pieces/101/193255_1.webp
73815,https://autopart.tn/pieces/6752/ATPP1111140014_1.webp,404 Client Error: Not Found for url: https://autopart.tn/pieces/6752/ATPP1111140014_1.webp
76435,https://autopart.tn/pieces/6752/BF0114570003_1.webp,404 Client Error: Not Found for url: https://autopart.tn/pieces/6752/BF0114570003_1.webp
78882,https://autopart.tn/pieces/6752/BF0114520062_1.webp,404 Client Error: Not Found for url: https://autopart.tn/pieces/6752/BF0114520062_1.webp
55345,https://autopart.tn/pieces/4570/C6289707_1.webp,404 Client Error: Not Found for url: https://autopart.tn/pieces/4570/C6289707_1.webp
65399,https://autopart.tn/pieces/185/7742050_1.webp,404 Client Error: Not Found for url: https://autopart.tn/pieces/185/7742050_1.webp
66593,https://autopart.tn/pieces/185/7740187_1.webp,404 Client Error: Not Found for url: https://autopart.tn/pieces/185/7740187_1.webp
87687,https://autopart.tn/pieces/6752/BF0426220090_1.webp,404 Client Error: Not Found for url: https://autopart.tn/pieces/6752/BF0426220090_1.webp
82990,https://autopart.tn/pieces/6752/BF0114520142_1.webp,404 Client Error: Not Found for url: https://autopart.tn/pieces/6752/BF0114520142_1.webp
82478,https://autopart.tn/pieces/4008/MSS015455_1.webp,404 Client Error: Not Found for url: https://autopart.tn/pieces/4008/MSS015455_1.webp
76433,https://autopart.tn/pieces/6752/BF0114480011_1.webp,404 Client Error: Not Found for url: https://autopart.tn/pieces/6752/BF0114480011_1.webp
83090,https://autopart.tn/pieces/6752/BF0114480014_1.webp,404 Client Error: Not Found for url: https://autopart.tn/pieces/6752/BF0114480014_1.webp
83181,https://autopart.tn/pieces/6752/BF0422580020_1.webp,404 Client Error: Not Found for url: https://autopart.tn/pieces/6752/BF0422580020_1.webp
89770,https://autopart.tn/pieces/6752/BF0422580086_1.webp,404 Client Error: Not Found for url: https://autopart.tn/pieces/6752/BF0422580086_1.webp
82474,https://autopart.tn/pieces/4008/MSS016937_1.webp,404 Client Error: Not Found for url: https://autopart.tn/pieces/4008/MSS016937_1.webp
82985,https://autopart.tn/pieces/6752/BF0114480046_1.webp,404 Client Error: Not Found for url: https://autopart.tn/pieces/6752/BF0114480046_1.webp
82951,https://autopart.tn/pieces/6752/ATPP1211134005_1.webp,404 Client Error: Not Found for url: https://autopart.tn/pieces/6752/ATPP1211134005_1.webp
73594,https://autopart.tn/pieces/6752/BACB12-237002_1.webp,404 Client Error: Not Found for url: https://autopart.tn/pieces/6752/BACB12-237002_1.webp
74027,https://autopart.tn/pieces/6752/BF0422580071_1.webp,404 Client Error: Not Found for url: https://autopart.tn/pieces/6752/BF0422580071_1.webp
64041,https://autopart.tn/pieces/6752/BF0437220018_1.webp,404 Client Error: Not Found for url: https://autopart.tn/pieces/6752/BF0437220018_1.webp
73482,https://autopart.tn/pieces/6752/BF0437220053_1.webp,404 Client Error: Not Found for url: https://autopart.tn/pieces/6752/BF0437220053_1.webp
73512,https://autopart.tn/pieces/6752/BACB18-234006_1.webp,404 Client Error: Not Found for url: https://autopart.tn/pieces/6752/BACB18-234006_1.webp
79102,https://autopart.tn/pieces/6752/EF0437220003_1.webp,404 Client Error: Not Found for url: https://autopart.tn/pieces/6752/EF0437220003_1.webp
82888,https://autopart.tn/pieces/6752/BF0437220022_1.webp,404 Client Error: Not Found for url: https://autopart.tn/pieces/6752/BF0437220022_1.webp
40427,https://autopart.tn/pieces/185/R0607_1.webp,404 Client Error: Not Found for url: https://autopart.tn/pieces/185/R0607_1.webp
48346,https://autopart.tn/pieces/185/R0597_1.webp,404 Client Error: Not Found for url: https://autopart.tn/pieces/185/R0597_1.webp
53404,https://autopart.tn/pieces/204/534%200252%2010_1.webp,404 Client Error: Not Found for url: https://autopart.tn/pieces/204/534%200252%2010_1.webp
79094,https://autopart.tn/pieces/6752/BF0437220096_1.webp,404 Client Error: Not Found for url: https://autopart.tn/pieces/6752/BF0437220096_1.webp
76731,https://autopart.tn/pieces/6752/BF0437220027_1.webp,404 Client Error: Not Found for url: https://autopart.tn/pieces/6752/BF0437220027_1.webp
79276,https://autopart.tn/pieces/6752/BF0437220081_1.webp,404 Client Error: Not Found for url: https://autopart.tn/pieces/6752/BF0437220081_1.webp
84344,https://autopart.tn/pieces/6752/BF0437220052_1.webp,404 Client Error: Not Found for url: https://autopart.tn/pieces/6752/BF0437220052_1.webp
63995,https://autopart.tn/pieces/6752/BF0426661143_1.webp,404 Client Error: Not Found for url: https://autopart.tn/pieces/6752/BF0426661143_1.webp
73459,https://autopart.tn/pieces/6752/BF0426661102_1.webp,404 Client Error: Not Found for url: https://autopart.tn/pieces/6752/BF0426661102_1.webp
73456,https://autopart.tn/pieces/6752/BF0426660530_1.webp,404 Client Error: Not Found for url: https://autopart.tn/pieces/6752/BF0426660530_1.webp
73720,https://autopart.tn/pieces/6752/BF0426660855_1.webp,404 Client Error: Not Found for url: https://autopart.tn/pieces/6752/BF0426660855_1.webp
73716,https://autopart.tn/pieces/6752/BF0426660737_1.webp,404 Client Error: Not Found for url: https://autopart.tn/pieces/6752/BF0426660737_1.webp
73721,https://autopart.tn/pieces/6752/BF0426660864_1.webp,404 Client Error: Not Found for url: https://autopart.tn/pieces/6752/BF0426660864_1.webp
73724,https://autopart.tn/pieces/6752/BF0426661186_1.webp,404 Client Error: Not Found for url: https://autopart.tn/pieces/6752/BF0426661186_1.webp
73741,https://autopart.tn/pieces/6752/BF0426820027_1.webp,404 Client Error: Not Found for url: https://autopart.tn/pieces/6752/BF0426820027_1.webp
74083,https://autopart.tn/pieces/6752/BF0426660460_1.webp,404 Client Error: Not Found for url: https://autopart.tn/pieces/6752/BF0426660460_1.webp
74091,https://autopart.tn/pieces/6752/BF0426661014_1.webp,404 Client Error: Not Found for url: https://autopart.tn/pieces/6752/BF0426661014_1.webp
74089,https://autopart.tn/pieces/6752/BF0426660953_1.webp,404 Client Error: Not Found for url: https://autopart.tn/pieces/6752/BF0426660953_1.webp
76680,https://autopart.tn/pieces/6752/BF0426661682_1.webp,404 Client Error: Not Found for url: https://autopart.tn/pieces/6752/BF0426661682_1.webp
76676,https://autopart.tn/pieces/6752/BF0426661151_1.webp,404 Client Error: Not Found for url: https://autopart.tn/pieces/6752/BF0426661151_1.webp
79275,https://autopart.tn/pieces/6752/BF0426661701_1.webp,404 Client Error: Not Found for url: https://autopart.tn/pieces/6752/BF0426661701_1.webp
82863,https://autopart.tn/pieces/6752/BF0426661819_1.webp,404 Client Error: Not Found for url: https://autopart.tn/pieces/6752/BF0426661819_1.webp
82858,https://autopart.tn/pieces/6752/BF0426661116_1.webp,404 Client Error: Not Found for url: https://autopart.tn/pieces/6752/BF0426661116_1.webp
83257,https://autopart.tn/pieces/6752/BF0426660181_1.webp,404 Client Error: Not Found for url: https://autopart.tn/pieces/6752/BF0426660181_1.webp
83275,https://autopart.tn/pieces/6752/BF0426661298_1.webp,404 Client Error: Not Found for url: https://autopart.tn/pieces/6752/BF0426661298_1.webp
87703,https://autopart.tn/pieces/6752/BF0426660833_1.webp,404 Client Error: Not Found for url: https://autopart.tn/pieces/6752/BF0426660833_1.webp
88791,https://autopart.tn/pieces/301/118%20183_1.webp,404 Client Error: Not Found for url: https://autopart.tn/pieces/301/118%20183_1.webp
86666,https://autopart.tn/pieces/33/RC134_1.webp,404 Client Error: Not Found for url: https://autopart.tn/pieces/33/RC134_1.webp
63935,https://autopart.tn/pieces/6752/BF0424750008_1.webp,404 Client Error: Not Found for url: https://autopart.tn/pieces/6752/BF0424750008_1.webp
64057,https://autopart.tn/pieces/6752/EF0424750005_1.webp,404 Client Error: Not Found for url: https://autopart.tn/pieces/6752/EF0424750005_1.webp
73450,https://autopart.tn/pieces/6752/BF0426660019_1.webp,404 Client Error: Not Found for url: https://autopart.tn/pieces/6752/BF0426660019_1.webp
73460,https://autopart.tn/pieces/6752/BF0426661120_1.webp,404 Client Error: Not Found for url: https://autopart.tn/pieces/6752/BF0426661120_1.webp
76675,https://autopart.tn/pieces/6752/BF0426661118_1.webp,404 Client Error: Not Found for url: https://autopart.tn/pieces/6752/BF0426661118_1.webp
73453,https://autopart.tn/pieces/6752/BF0426660162_1.webp,404 Client Error: Not Found for url: https://autopart.tn/pieces/6752/BF0426660162_1.webp
76672,https://autopart.tn/pieces/6752/BF0426660785_1.webp,404 Client Error: Not Found for url: https://autopart.tn/pieces/6752/BF0426660785_1.webp
76753,https://autopart.tn/pieces/6752/EF0426660035_1.webp,404 Client Error: Not Found for url: https://autopart.tn/pieces/6752/EF0426660035_1.webp
79218,https://autopart.tn/pieces/6752/BF0426661797_1.webp,404 Client Error: Not Found for url: https://autopart.tn/pieces/6752/BF0426661797_1.webp
80320,https://autopart.tn/pieces/6752/BF0426661630_1.webp,404 Client Error: Not Found for url: https://autopart.tn/pieces/6752/BF0426661630_1.webp
83279,https://autopart.tn/pieces/6752/BF0426661515_1.webp,404 Client Error: Not Found for url: https://autopart.tn/pieces/6752/BF0426661515_1.webp
83345,https://autopart.tn/pieces/6752/BK0425260019_1.webp,404 Client Error: Not Found for url: https://autopart.tn/pieces/6752/BK0425260019_1.webp
51947,https://autopart.tn/pieces/4455/BSG%2015-720-120_1.webp,404 Client Error: Not Found for url: https://autopart.tn/pieces/4455/BSG%2015-720-120_1.webp
82849,https://autopart.tn/pieces/6752/BF0426660163_1.webp,404 Client Error: Not Found for url: https://autopart.tn/pieces/6752/BF0426660163_1.webp
79245,https://autopart.tn/pieces/6752/TOPT1160008_1.webp,404 Client Error: Not Found for url: https://autopart.tn/pieces/6752/TOPT1160008_1.webp
76681,https://autopart.tn/pieces/6752/BF0426661791_1.webp,404 Client Error: Not Found for url: https://autopart.tn/pieces/6752/BF0426661791_1.webp
79217,https://autopart.tn/pieces/6752/BF0426661795_1.webp,404 Client Error: Not Found for url: https://autopart.tn/pieces/6752/BF0426661795_1.webp
79083,https://autopart.tn/pieces/6752/BF0426661810_1.webp,404 Client Error: Not Found for url: https://autopart.tn/pieces/6752/BF0426661810_1.webp
83259,https://autopart.tn/pieces/6752/BF0426660238_1.webp,404 Client Error: Not Found for url: https://autopart.tn/pieces/6752/BF0426660238_1.webp
83258,https://autopart.tn/pieces/6752/BF0426660178_1.webp,404 Client Error: Not Found for url: https://autopart.tn/pieces/6752/BF0426660178_1.webp
83272,https://autopart.tn/pieces/6752/BF0426661057_1.webp,404 Client Error: Not Found for url: https://autopart.tn/pieces/6752/BF0426661057_1.webp
83278,https://autopart.tn/pieces/6752/BF0426661398_1.webp,404 Client Error: Not Found for url: https://autopart.tn/pieces/6752/BF0426661398_1.webp
52058,https://autopart.tn/pieces/4455/BSG%2060-109-025_1.webp,404 Client Error: Not Found for url: https://autopart.tn/pieces/4455/BSG%2060-109-025_1.webp
86072,https://autopart.tn/pieces/6752/EF0422460003_1.webp,404 Client Error: Not Found for url: https://autopart.tn/pieces/6752/EF0422460003_1.webp
64060,https://autopart.tn/pieces/6752/EF0426660039_1.webp,404 Client Error: Not Found for url: https://autopart.tn/pieces/6752/EF0426660039_1.webp
76674,https://autopart.tn/pieces/6752/BF0426660888_1.webp,404 Client Error: Not Found for url: https://autopart.tn/pieces/6752/BF0426660888_1.webp
73727,https://autopart.tn/pieces/6752/BF0426661255_1.webp,404 Client Error: Not Found for url: https://autopart.tn/pieces/6752/BF0426661255_1.webp
83280,https://autopart.tn/pieces/6752/BF0426661632_1.webp,404 Client Error: Not Found for url: https://autopart.tn/pieces/6752/BF0426661632_1.webp
85840,https://autopart.tn/pieces/6752/BF0423530005_1.webp,404 Client Error: Not Found for url: https://autopart.tn/pieces/6752/BF0423530005_1.webp
28607,https://autopart.tn/pieces/21/836017_1.webp,404 Client Error: Not Found for url: https://autopart.tn/pieces/21/836017_1.webp
28613,https://autopart.tn/pieces/21/836161_1.webp,404 Client Error: Not Found for url: https://autopart.tn/pieces/21/836161_1.webp
76604,https://autopart.tn/pieces/6752/BF0424750009_1.webp,404 Client Error: Not Found for url: https://autopart.tn/pieces/6752/BF0424750009_1.webp
83215,https://autopart.tn/pieces/6752/BF0424750028_1.webp,404 Client Error: Not Found for url: https://autopart.tn/pieces/6752/BF0424750028_1.webp
81743,https://autopart.tn/pieces/6752/EF0424750003_1.webp,404 Client Error: Not Found for url: https://autopart.tn/pieces/6752/EF0424750003_1.webp
28605,https://autopart.tn/pieces/21/836011_1.webp,404 Client Error: Not Found for url: https://autopart.tn/pieces/21/836011_1.webp
76606,https://autopart.tn/pieces/6752/BF0424750026_1.webp,404 Client Error: Not Found for url: https://autopart.tn/pieces/6752/BF0424750026_1.webp
80014,https://autopart.tn/pieces/185/8707163_1.webp,404 Client Error: Not Found for url: https://autopart.tn/pieces/185/8707163_1.webp
80015,https://autopart.tn/pieces/185/8707164_1.webp,404 Client Error: Not Found for url: https://autopart.tn/pieces/185/8707164_1.webp
84280,https://autopart.tn/pieces/6752/BF0424750003_1.webp,404 Client Error: Not Found for url: https://autopart.tn/pieces/6752/BF0424750003_1.webp
81489,https://autopart.tn/pieces/32/3021%20600%20288_1.webp,404 Client Error: Not Found for url: https://autopart.tn/pieces/32/3021%20600%20288_1.webp
76746,https://autopart.tn/pieces/6752/BK0423460001_1.webp,404 Client Error: Not Found for url: https://autopart.tn/pieces/6752/BK0423460001_1.webp
701,https://autopart.tn/pieces/101/17131_1.webp,404 Client Error: Not Found for url: https://autopart.tn/pieces/101/17131_1.webp
76595,https://autopart.tn/pieces/6752/BF0423250105_1.webp,404 Client Error: Not Found for url: https://autopart.tn/pieces/6752/BF0423250105_1.webp
76593,https://autopart.tn/pieces/6752/BF0423250010_1.webp,404 Client Error: Not Found for url: https://autopart.tn/pieces/6752/BF0423250010_1.webp
66856,https://autopart.tn/pieces/185/7171101_1.webp,404 Client Error: Not Found for url: https://autopart.tn/pieces/185/7171101_1.webp
67658,https://autopart.tn/pieces/185/7271020_1.webp,404 Client Error: Not Found for url: https://autopart.tn/pieces/185/7271020_1.webp
67653,https://autopart.tn/pieces/185/7271013_1.webp,404 Client Error: Not Found for url: https://autopart.tn/pieces/185/7271013_1.webp
67664,https://autopart.tn/pieces/185/7271029_1.webp,404 Client Error: Not Found for url: https://autopart.tn/pieces/185/7271029_1.webp
67672,https://autopart.tn/pieces/185/7271038_1.webp,404 Client Error: Not Found for url: https://autopart.tn/pieces/185/7271038_1.webp
67666,https://autopart.tn/pieces/185/7271031_1.webp,404 Client Error: Not Found for url: https://autopart.tn/pieces/185/7271031_1.webp
67673,https://autopart.tn/pieces/185/7271040_1.webp,404 Client Error: Not Found for url: https://autopart.tn/pieces/185/7271040_1.webp
67675,https://autopart.tn/pieces/185/7271042_1.webp,404 Client Error: Not Found for url: https://autopart.tn/pieces/185/7271042_1.webp
67686,https://autopart.tn/pieces/185/7271058_1.webp,404 Client Error: Not Found for url: https://autopart.tn/pieces/185/7271058_1.webp
67683,https://autopart.tn/pieces/185/7271054_1.webp,404 Client Error: Not Found for url: https://autopart.tn/pieces/185/7271054_1.webp
67693,https://autopart.tn/pieces/185/7271068_1.webp,404 Client Error: Not Found for url: https://autopart.tn/pieces/185/7271068_1.webp
67690,https://autopart.tn/pieces/185/7271063_1.webp,404 Client Error: Not Found for url: https://autopart.tn/pieces/185/7271063_1.webp
67691,https://autopart.tn/pieces/185/7271064_1.webp,404 Client Error: Not Found for url: https://autopart.tn/pieces/185/7271064_1.webp
67700,https://autopart.tn/pieces/185/7271077_1.webp,404 Client Error: Not Found for url: https://autopart.tn/pieces/185/7271077_1.webp
67698,https://autopart.tn/pieces/185/7271075_1.webp,404 Client Error: Not Found for url: https://autopart.tn/pieces/185/7271075_1.webp
67695,https://autopart.tn/pieces/185/7271071_1.webp,404 Client Error: Not Found for url: https://autopart.tn/pieces/185/7271071_1.webp
67701,https://autopart.tn/pieces/185/7271080_1.webp,404 Client Error: Not Found for url: https://autopart.tn/pieces/185/7271080_1.webp
67702,https://autopart.tn/pieces/185/7271081_1.webp,404 Client Error: Not Found for url: https://autopart.tn/pieces/185/7271081_1.webp
67704,https://autopart.tn/pieces/185/7271083_1.webp,404 Client Error: Not Found for url: https://autopart.tn/pieces/185/7271083_1.webp
67710,https://autopart.tn/pieces/185/7271090_1.webp,404 Client Error: Not Found for url: https://autopart.tn/pieces/185/7271090_1.webp
71437,https://autopart.tn/pieces/185/7271010_1.webp,404 Client Error: Not Found for url: https://autopart.tn/pieces/185/7271010_1.webp
71444,https://autopart.tn/pieces/185/7271034_1.webp,404 Client Error: Not Found for url: https://autopart.tn/pieces/185/7271034_1.webp
71440,https://autopart.tn/pieces/185/7271018_1.webp,404 Client Error: Not Found for url: https://autopart.tn/pieces/185/7271018_1.webp
71442,https://autopart.tn/pieces/185/7271026_1.webp,404 Client Error: Not Found for url: https://autopart.tn/pieces/185/7271026_1.webp
71455,https://autopart.tn/pieces/185/7271072_1.webp,404 Client Error: Not Found for url: https://autopart.tn/pieces/185/7271072_1.webp
71457,https://autopart.tn/pieces/185/7271079_1.webp,404 Client Error: Not Found for url: https://autopart.tn/pieces/185/7271079_1.webp
71451,https://autopart.tn/pieces/185/7271060_1.webp,404 Client Error: Not Found for url: https://autopart.tn/pieces/185/7271060_1.webp
71458,https://autopart.tn/pieces/185/7271087_1.webp,404 Client Error: Not Found for url: https://autopart.tn/pieces/185/7271087_1.webp
66852,https://autopart.tn/pieces/185/4440003_1.webp,404 Client Error: Not Found for url: https://autopart.tn/pieces/185/4440003_1.webp
51889,https://autopart.tn/pieces/4455/BSG%2015-116-019_1.webp,404 Client Error: Not Found for url: https://autopart.tn/pieces/4455/BSG%2015-116-019_1.webp
63928,https://autopart.tn/pieces/6752/BF0423480009_1.webp,404 Client Error: Not Found for url: https://autopart.tn/pieces/6752/BF0423480009_1.webp
74122,https://autopart.tn/pieces/6752/BF0427690071_1.webp,404 Client Error: Not Found for url: https://autopart.tn/pieces/6752/BF0427690071_1.webp
82721,https://autopart.tn/pieces/10/332.890_1.webp,404 Client Error: Not Found for url: https://autopart.tn/pieces/10/332.890_1.webp
73623,https://autopart.tn/pieces/6752/BACB12-U41004_1.webp,404 Client Error: Not Found for url: https://autopart.tn/pieces/6752/BACB12-U41004_1.webp
76592,https://autopart.tn/pieces/6752/BF0423210021_1.webp,404 Client Error: Not Found for url: https://autopart.tn/pieces/6752/BF0423210021_1.webp
82813,https://autopart.tn/pieces/6752/BF0423250101_1.webp,404 Client Error: Not Found for url: https://autopart.tn/pieces/6752/BF0423250101_1.webp
83362,https://autopart.tn/pieces/6752/EF0423390002_1.webp,404 Client Error: Not Found for url: https://autopart.tn/pieces/6752/EF0423390002_1.webp
67652,https://autopart.tn/pieces/185/7271011_1.webp,404 Client Error: Not Found for url: https://autopart.tn/pieces/185/7271011_1.webp
57436,https://autopart.tn/pieces/287/001%20PL%2019811%20000_1.webp,404 Client Error: Not Found for url: https://autopart.tn/pieces/287/001%20PL%2019811%20000_1.webp
66853,https://autopart.tn/pieces/185/4440007_1.webp,404 Client Error: Not Found for url: https://autopart.tn/pieces/185/4440007_1.webp
73532,https://autopart.tn/pieces/6752/BF0423180141_1.webp,404 Client Error: Not Found for url: https://autopart.tn/pieces/6752/BF0423180141_1.webp
89262,https://autopart.tn/pieces/4834/16006_1.webp,404 Client Error: Not Found for url: https://autopart.tn/pieces/4834/16006_1.webp
67651,https://autopart.tn/pieces/185/7271008_1.webp,404 Client Error: Not Found for url: https://autopart.tn/pieces/185/7271008_1.webp
67650,https://autopart.tn/pieces/185/7271007_1.webp,404 Client Error: Not Found for url: https://autopart.tn/pieces/185/7271007_1.webp
67656,https://autopart.tn/pieces/185/7271017_1.webp,404 Client Error: Not Found for url: https://autopart.tn/pieces/185/7271017_1.webp
67655,https://autopart.tn/pieces/185/7271016_1.webp,404 Client Error: Not Found for url: https://autopart.tn/pieces/185/7271016_1.webp
67659,https://autopart.tn/pieces/185/7271021_1.webp,404 Client Error: Not Found for url: https://autopart.tn/pieces/185/7271021_1.webp
67663,https://autopart.tn/pieces/185/7271028_1.webp,404 Client Error: Not Found for url: https://autopart.tn/pieces/185/7271028_1.webp
67669,https://autopart.tn/pieces/185/7271035_1.webp,404 Client Error: Not Found for url: https://autopart.tn/pieces/185/7271035_1.webp
67671,https://autopart.tn/pieces/185/7271037_1.webp,404 Client Error: Not Found for url: https://autopart.tn/pieces/185/7271037_1.webp
67668,https://autopart.tn/pieces/185/7271033_1.webp,404 Client Error: Not Found for url: https://autopart.tn/pieces/185/7271033_1.webp
67674,https://autopart.tn/pieces/185/7271041_1.webp,404 Client Error: Not Found for url: https://autopart.tn/pieces/185/7271041_1.webp
67677,https://autopart.tn/pieces/185/7271045_1.webp,404 Client Error: Not Found for url: https://autopart.tn/pieces/185/7271045_1.webp
67679,https://autopart.tn/pieces/185/7271048_1.webp,404 Client Error: Not Found for url: https://autopart.tn/pieces/185/7271048_1.webp
67684,https://autopart.tn/pieces/185/7271056_1.webp,404 Client Error: Not Found for url: https://autopart.tn/pieces/185/7271056_1.webp
67685,https://autopart.tn/pieces/185/7271057_1.webp,404 Client Error: Not Found for url: https://autopart.tn/pieces/185/7271057_1.webp
67688,https://autopart.tn/pieces/185/7271061_1.webp,404 Client Error: Not Found for url: https://autopart.tn/pieces/185/7271061_1.webp
67689,https://autopart.tn/pieces/185/7271062_1.webp,404 Client Error: Not Found for url: https://autopart.tn/pieces/185/7271062_1.webp
67696,https://autopart.tn/pieces/185/7271073_1.webp,404 Client Error: Not Found for url: https://autopart.tn/pieces/185/7271073_1.webp
67703,https://autopart.tn/pieces/185/7271082_1.webp,404 Client Error: Not Found for url: https://autopart.tn/pieces/185/7271082_1.webp
67654,https://autopart.tn/pieces/185/7271015_1.webp,404 Client Error: Not Found for url: https://autopart.tn/pieces/185/7271015_1.webp
67657,https://autopart.tn/pieces/185/7271019_1.webp,404 Client Error: Not Found for url: https://autopart.tn/pieces/185/7271019_1.webp
67662,https://autopart.tn/pieces/185/7271025_1.webp,404 Client Error: Not Found for url: https://autopart.tn/pieces/185/7271025_1.webp
67665,https://autopart.tn/pieces/185/7271030_1.webp,404 Client Error: Not Found for url: https://autopart.tn/pieces/185/7271030_1.webp
67670,https://autopart.tn/pieces/185/7271036_1.webp,404 Client Error: Not Found for url: https://autopart.tn/pieces/185/7271036_1.webp
67667,https://autopart.tn/pieces/185/7271032_1.webp,404 Client Error: Not Found for url: https://autopart.tn/pieces/185/7271032_1.webp
67676,https://autopart.tn/pieces/185/7271044_1.webp,404 Client Error: Not Found for url: https://autopart.tn/pieces/185/7271044_1.webp
67681,https://autopart.tn/pieces/185/7271051_1.webp,404 Client Error: Not Found for url: https://autopart.tn/pieces/185/7271051_1.webp
67687,https://autopart.tn/pieces/185/7271059_1.webp,404 Client Error: Not Found for url: https://autopart.tn/pieces/185/7271059_1.webp
67697,https://autopart.tn/pieces/185/7271074_1.webp,404 Client Error: Not Found for url: https://autopart.tn/pieces/185/7271074_1.webp
67706,https://autopart.tn/pieces/185/7271085_1.webp,404 Client Error: Not Found for url: https://autopart.tn/pieces/185/7271085_1.webp
67709,https://autopart.tn/pieces/185/7271089_1.webp,404 Client Error: Not Found for url: https://autopart.tn/pieces/185/7271089_1.webp
71434,https://autopart.tn/pieces/185/7271005_1.webp,404 Client Error: Not Found for url: https://autopart.tn/pieces/185/7271005_1.webp
71435,https://autopart.tn/pieces/185/7271006_1.webp,404 Client Error: Not Found for url: https://autopart.tn/pieces/185/7271006_1.webp
71446,https://autopart.tn/pieces/185/7271043_1.webp,404 Client Error: Not Found for url: https://autopart.tn/pieces/185/7271043_1.webp
71448,https://autopart.tn/pieces/185/7271050_1.webp,404 Client Error: Not Found for url: https://autopart.tn/pieces/185/7271050_1.webp
67708,https://autopart.tn/pieces/185/7271088_1.webp,404 Client Error: Not Found for url: https://autopart.tn/pieces/185/7271088_1.webp
71432,https://autopart.tn/pieces/185/7271002_1.webp,404 Client Error: Not Found for url: https://autopart.tn/pieces/185/7271002_1.webp
71433,https://autopart.tn/pieces/185/7271004_1.webp,404 Client Error: Not Found for url: https://autopart.tn/pieces/185/7271004_1.webp
71436,https://autopart.tn/pieces/185/7271009_1.webp,404 Client Error: Not Found for url: https://autopart.tn/pieces/185/7271009_1.webp
71441,https://autopart.tn/pieces/185/7271024_1.webp,404 Client Error: Not Found for url: https://autopart.tn/pieces/185/7271024_1.webp
71439,https://autopart.tn/pieces/185/7271014_1.webp,404 Client Error: Not Found for url: https://autopart.tn/pieces/185/7271014_1.webp
71452,https://autopart.tn/pieces/185/7271066_1.webp,404 Client Error: Not Found for url: https://autopart.tn/pieces/185/7271066_1.webp
71453,https://autopart.tn/pieces/185/7271067_1.webp,404 Client Error: Not Found for url: https://autopart.tn/pieces/185/7271067_1.webp
71456,https://autopart.tn/pieces/185/7271078_1.webp,404 Client Error: Not Found for url: https://autopart.tn/pieces/185/7271078_1.webp
57449,https://autopart.tn/pieces/287/061%20PL%2021708%20000_1.webp,404 Client Error: Not Found for url: https://autopart.tn/pieces/287/061%20PL%2021708%20000_1.webp
82404,https://autopart.tn/pieces/287/209%20PL%2020417%20000_1.webp,404 Client Error: Not Found for url: https://autopart.tn/pieces/287/209%20PL%2020417%20000_1.webp
51772,https://autopart.tn/pieces/4455/BSG%2060-160-001_1.webp,404 Client Error: Not Found for url: https://autopart.tn/pieces/4455/BSG%2060-160-001_1.webp
78930,https://autopart.tn/pieces/6752/BF0423180044_1.webp,404 Client Error: Not Found for url: https://autopart.tn/pieces/6752/BF0423180044_1.webp
87666,https://autopart.tn/pieces/6752/BF0423180144_1.webp,404 Client Error: Not Found for url: https://autopart.tn/pieces/6752/BF0423180144_1.webp
73407,https://autopart.tn/pieces/6752/BF0423250037_1.webp,404 Client Error: Not Found for url: https://autopart.tn/pieces/6752/BF0423250037_1.webp
82812,https://autopart.tn/pieces/6752/BF0423250066_1.webp,404 Client Error: Not Found for url: https://autopart.tn/pieces/6752/BF0423250066_1.webp
90336,https://autopart.tn/pieces/4815/B18737_1.webp,404 Client Error: Not Found for url: https://autopart.tn/pieces/4815/B18737_1.webp
73496,https://autopart.tn/pieces/6752/EF0423390001_1.webp,404 Client Error: Not Found for url: https://autopart.tn/pieces/6752/EF0423390001_1.webp
67660,https://autopart.tn/pieces/185/7271022_1.webp,404 Client Error: Not Found for url: https://autopart.tn/pieces/185/7271022_1.webp
67682,https://autopart.tn/pieces/185/7271053_1.webp,404 Client Error: Not Found for url: https://autopart.tn/pieces/185/7271053_1.webp
67699,https://autopart.tn/pieces/185/7271076_1.webp,404 Client Error: Not Found for url: https://autopart.tn/pieces/185/7271076_1.webp
67711,https://autopart.tn/pieces/185/7271091_1.webp,404 Client Error: Not Found for url: https://autopart.tn/pieces/185/7271091_1.webp
74043,https://autopart.tn/pieces/6752/BF0423850033_1.webp,404 Client Error: Not Found for url: https://autopart.tn/pieces/6752/BF0423850033_1.webp
64868,https://autopart.tn/pieces/185/116006_1.webp,404 Client Error: Not Found for url: https://autopart.tn/pieces/185/116006_1.webp
64871,https://autopart.tn/pieces/185/116009_1.webp,404 Client Error: Not Found for url: https://autopart.tn/pieces/185/116009_1.webp
64877,https://autopart.tn/pieces/185/116019_1.webp,404 Client Error: Not Found for url: https://autopart.tn/pieces/185/116019_1.webp
64879,https://autopart.tn/pieces/185/116022_1.webp,404 Client Error: Not Found for url: https://autopart.tn/pieces/185/116022_1.webp
64882,https://autopart.tn/pieces/185/116025_1.webp,404 Client Error: Not Found for url: https://autopart.tn/pieces/185/116025_1.webp
64885,https://autopart.tn/pieces/185/116028_1.webp,404 Client Error: Not Found for url: https://autopart.tn/pieces/185/116028_1.webp
66775,https://autopart.tn/pieces/185/116016_1.webp,404 Client Error: Not Found for url: https://autopart.tn/pieces/185/116016_1.webp
66773,https://autopart.tn/pieces/185/116011_1.webp,404 Client Error: Not Found for url: https://autopart.tn/pieces/185/116011_1.webp
88830,https://autopart.tn/pieces/161/PJH215_1.webp,404 Client Error: Not Found for url: https://autopart.tn/pieces/161/PJH215_1.webp
85850,https://autopart.tn/pieces/6752/BF0424270007_1.webp,404 Client Error: Not Found for url: https://autopart.tn/pieces/6752/BF0424270007_1.webp
64869,https://autopart.tn/pieces/185/116007_1.webp,404 Client Error: Not Found for url: https://autopart.tn/pieces/185/116007_1.webp
64873,https://autopart.tn/pieces/185/116013_1.webp,404 Client Error: Not Found for url: https://autopart.tn/pieces/185/116013_1.webp
64881,https://autopart.tn/pieces/185/116024_1.webp,404 Client Error: Not Found for url: https://autopart.tn/pieces/185/116024_1.webp
64889,https://autopart.tn/pieces/185/116050_1.webp,404 Client Error: Not Found for url: https://autopart.tn/pieces/185/116050_1.webp
64883,https://autopart.tn/pieces/185/116026_1.webp,404 Client Error: Not Found for url: https://autopart.tn/pieces/185/116026_1.webp
64891,https://autopart.tn/pieces/185/116064_1.webp,404 Client Error: Not Found for url: https://autopart.tn/pieces/185/116064_1.webp
64894,https://autopart.tn/pieces/185/116077_1.webp,404 Client Error: Not Found for url: https://autopart.tn/pieces/185/116077_1.webp
66774,https://autopart.tn/pieces/185/116014_1.webp,404 Client Error: Not Found for url: https://autopart.tn/pieces/185/116014_1.webp
55240,https://autopart.tn/pieces/21/3102622_1.webp,404 Client Error: Not Found for url: https://autopart.tn/pieces/21/3102622_1.webp
72262,https://autopart.tn/pieces/21/804795_1.webp,404 Client Error: Not Found for url: https://autopart.tn/pieces/21/804795_1.webp
73782,https://autopart.tn/pieces/6752/EF0319830001_1.webp,404 Client Error: Not Found for url: https://autopart.tn/pieces/6752/EF0319830001_1.webp
64864,https://autopart.tn/pieces/185/116002_1.webp,404 Client Error: Not Found for url: https://autopart.tn/pieces/185/116002_1.webp
64875,https://autopart.tn/pieces/185/116017_1.webp,404 Client Error: Not Found for url: https://autopart.tn/pieces/185/116017_1.webp
64892,https://autopart.tn/pieces/185/116070_1.webp,404 Client Error: Not Found for url: https://autopart.tn/pieces/185/116070_1.webp
64895,https://autopart.tn/pieces/185/116079_1.webp,404 Client Error: Not Found for url: https://autopart.tn/pieces/185/116079_1.webp
27356,https://autopart.tn/pieces/21/3101220_1.webp,404 Client Error: Not Found for url: https://autopart.tn/pieces/21/3101220_1.webp
28663,https://autopart.tn/pieces/21/874726_1.webp,404 Client Error: Not Found for url: https://autopart.tn/pieces/21/874726_1.webp
89327,https://autopart.tn/pieces/350/ADN13628_1.webp,404 Client Error: Not Found for url: https://autopart.tn/pieces/350/ADN13628_1.webp
44954,https://autopart.tn/pieces/21/805712_1.webp,404 Client Error: Not Found for url: https://autopart.tn/pieces/21/805712_1.webp
74020,https://autopart.tn/pieces/6752/BF0339270023_1.webp,404 Client Error: Not Found for url: https://autopart.tn/pieces/6752/BF0339270023_1.webp
84245,https://autopart.tn/pieces/6752/BF0339280036_1.webp,404 Client Error: Not Found for url: https://autopart.tn/pieces/6752/BF0339280036_1.webp
87652,https://autopart.tn/pieces/6752/BF0321660034_1.webp,404 Client Error: Not Found for url: https://autopart.tn/pieces/6752/BF0321660034_1.webp
87660,https://autopart.tn/pieces/6752/BF0339280028_1.webp,404 Client Error: Not Found for url: https://autopart.tn/pieces/6752/BF0339280028_1.webp
82798,https://autopart.tn/pieces/6752/BF0339270028_1.webp,404 Client Error: Not Found for url: https://autopart.tn/pieces/6752/BF0339270028_1.webp
80312,https://autopart.tn/pieces/6752/BF0339280018_1.webp,404 Client Error: Not Found for url: https://autopart.tn/pieces/6752/BF0339280018_1.webp
52010,https://autopart.tn/pieces/4455/BSG%2040-605-008_1.webp,404 Client Error: Not Found for url: https://autopart.tn/pieces/4455/BSG%2040-605-008_1.webp
53147,https://autopart.tn/pieces/121/19-8146_1.webp,404 Client Error: Not Found for url: https://autopart.tn/pieces/121/19-8146_1.webp
53148,https://autopart.tn/pieces/121/19-8169_1.webp,404 Client Error: Not Found for url: https://autopart.tn/pieces/121/19-8169_1.webp
46083,https://autopart.tn/pieces/50/VKBA%205425_1.webp,404 Client Error: Not Found for url: https://autopart.tn/pieces/50/VKBA%205425_1.webp
53149,https://autopart.tn/pieces/121/19-8149_1.webp,404 Client Error: Not Found for url: https://autopart.tn/pieces/121/19-8149_1.webp
53196,https://autopart.tn/pieces/121/19-8153_1.webp,404 Client Error: Not Found for url: https://autopart.tn/pieces/121/19-8153_1.webp
53192,https://autopart.tn/pieces/121/19-2365_1.webp,404 Client Error: Not Found for url: https://autopart.tn/pieces/121/19-2365_1.webp
59622,https://autopart.tn/pieces/121/19-8151_1.webp,404 Client Error: Not Found for url: https://autopart.tn/pieces/121/19-8151_1.webp
74012,https://autopart.tn/pieces/6752/BF0321660026_1.webp,404 Client Error: Not Found for url: https://autopart.tn/pieces/6752/BF0321660026_1.webp
59621,https://autopart.tn/pieces/121/19-8156_1.webp,404 Client Error: Not Found for url: https://autopart.tn/pieces/121/19-8156_1.webp
73661,https://autopart.tn/pieces/6752/BF0339270002_1.webp,404 Client Error: Not Found for url: https://autopart.tn/pieces/6752/BF0339270002_1.webp
74019,https://autopart.tn/pieces/6752/BF0339270004_1.webp,404 Client Error: Not Found for url: https://autopart.tn/pieces/6752/BF0339270004_1.webp
81892,https://autopart.tn/pieces/6752/BACB12-538011_1.webp,404 Client Error: Not Found for url: https://autopart.tn/pieces/6752/BACB12-538011_1.webp
81548,https://autopart.tn/pieces/121/19-1595_1.webp,404 Client Error: Not Found for url: https://autopart.tn/pieces/121/19-1595_1.webp
82797,https://autopart.tn/pieces/6752/BF0339270006_1.webp,404 Client Error: Not Found for url: https://autopart.tn/pieces/6752/BF0339270006_1.webp
82795,https://autopart.tn/pieces/6752/BF0321660040_1.webp,404 Client Error: Not Found for url: https://autopart.tn/pieces/6752/BF0321660040_1.webp
83173,https://autopart.tn/pieces/6752/BF0321660107_1.webp,404 Client Error: Not Found for url: https://autopart.tn/pieces/6752/BF0321660107_1.webp
87654,https://autopart.tn/pieces/6752/BF0321660050_1.webp,404 Client Error: Not Found for url: https://autopart.tn/pieces/6752/BF0321660050_1.webp
87659,https://autopart.tn/pieces/6752/BF0339270053_1.webp,404 Client Error: Not Found for url: https://autopart.tn/pieces/6752/BF0339270053_1.webp
88802,https://autopart.tn/pieces/301/500%20637_1.webp,404 Client Error: Not Found for url: https://autopart.tn/pieces/301/500%20637_1.webp
73658,https://autopart.tn/pieces/6752/BF0321520053_1.webp,404 Client Error: Not Found for url: https://autopart.tn/pieces/6752/BF0321520053_1.webp
79197,https://autopart.tn/pieces/6752/BF0321520048_1.webp,404 Client Error: Not Found for url: https://autopart.tn/pieces/6752/BF0321520048_1.webp
73657,https://autopart.tn/pieces/6752/BF0321520049_1.webp,404 Client Error: Not Found for url: https://autopart.tn/pieces/6752/BF0321520049_1.webp
82663,https://autopart.tn/pieces/110/32209.A_1.webp,404 Client Error: Not Found for url: https://autopart.tn/pieces/110/32209.A_1.webp
82666,https://autopart.tn/pieces/110/FC.41544.S01_1.webp,404 Client Error: Not Found for url: https://autopart.tn/pieces/110/FC.41544.S01_1.webp
82792,https://autopart.tn/pieces/6752/BF0321520047_1.webp,404 Client Error: Not Found for url: https://autopart.tn/pieces/6752/BF0321520047_1.webp
83171,https://autopart.tn/pieces/6752/BF0321660077_1.webp,404 Client Error: Not Found for url: https://autopart.tn/pieces/6752/BF0321660077_1.webp
87990,https://autopart.tn/pieces/110/XGB.41140.R00_1.webp,404 Client Error: Not Found for url: https://autopart.tn/pieces/110/XGB.41140.R00_1.webp
87985,https://autopart.tn/pieces/110/GB.12807.S10_1.webp,404 Client Error: Not Found for url: https://autopart.tn/pieces/110/GB.12807.S10_1.webp
87998,https://autopart.tn/pieces/110/FC.12271.S03_1.webp,404 Client Error: Not Found for url: https://autopart.tn/pieces/110/FC.12271.S03_1.webp
79157,https://autopart.tn/pieces/6752/BACB11-U24030_1.webp,404 Client Error: Not Found for url: https://autopart.tn/pieces/6752/BACB11-U24030_1.webp
85845,https://autopart.tn/pieces/6752/BF0423850050_1.webp,404 Client Error: Not Found for url: https://autopart.tn/pieces/6752/BF0423850050_1.webp
27963,https://autopart.tn/pieces/21/595731_1.webp,404 Client Error: Not Found for url: https://autopart.tn/pieces/21/595731_1.webp
27702,https://autopart.tn/pieces/21/053458_1.webp,404 Client Error: Not Found for url: https://autopart.tn/pieces/21/053458_1.webp
51204,https://autopart.tn/pieces/30/F%20032%20130%20493_1.webp,404 Client Error: Not Found for url: https://autopart.tn/pieces/30/F%20032%20130%20493_1.webp
82796,https://autopart.tn/pieces/6752/BF0321660051_1.webp,404 Client Error: Not Found for url: https://autopart.tn/pieces/6752/BF0321660051_1.webp
76566,https://autopart.tn/pieces/6752/BF0321520040_1.webp,404 Client Error: Not Found for url: https://autopart.tn/pieces/6752/BF0321520040_1.webp
82665,https://autopart.tn/pieces/110/FC.12784.S03_1.webp,404 Client Error: Not Found for url: https://autopart.tn/pieces/110/FC.12784.S03_1.webp
85248,https://autopart.tn/pieces/101/199689_1.webp,404 Client Error: Not Found for url: https://autopart.tn/pieces/101/199689_1.webp
82694,https://autopart.tn/pieces/110/TGB.40175.S05_1.webp,404 Client Error: Not Found for url: https://autopart.tn/pieces/110/TGB.40175.S05_1.webp
88000,https://autopart.tn/pieces/110/GB.12438.R01_1.webp,404 Client Error: Not Found for url: https://autopart.tn/pieces/110/GB.12438.R01_1.webp
76613,https://autopart.tn/pieces/6752/BF0425330004_1.webp,404 Client Error: Not Found for url: https://autopart.tn/pieces/6752/BF0425330004_1.webp
27902,https://autopart.tn/pieces/21/594117_1.webp,404 Client Error: Not Found for url: https://autopart.tn/pieces/21/594117_1.webp
27930,https://autopart.tn/pieces/21/594467_1.webp,404 Client Error: Not Found for url: https://autopart.tn/pieces/21/594467_1.webp
27939,https://autopart.tn/pieces/21/594653_1.webp,404 Client Error: Not Found for url: https://autopart.tn/pieces/21/594653_1.webp
80461,https://autopart.tn/pieces/121/19-8155_1.webp,404 Client Error: Not Found for url: https://autopart.tn/pieces/121/19-8155_1.webp
82800,https://autopart.tn/pieces/6752/BF0339270032_1.webp,404 Client Error: Not Found for url: https://autopart.tn/pieces/6752/BF0339270032_1.webp
78896,https://autopart.tn/pieces/6752/BF0321660056_1.webp,404 Client Error: Not Found for url: https://autopart.tn/pieces/6752/BF0321660056_1.webp
82658,https://autopart.tn/pieces/110/GB.10790.S05_1.webp,404 Client Error: Not Found for url: https://autopart.tn/pieces/110/GB.10790.S05_1.webp
87984,https://autopart.tn/pieces/110/FC.41394_1.webp,404 Client Error: Not Found for url: https://autopart.tn/pieces/110/FC.41394_1.webp
82667,https://autopart.tn/pieces/110/FC.41950_1.webp,404 Client Error: Not Found for url: https://autopart.tn/pieces/110/FC.41950_1.webp
87983,https://autopart.tn/pieces/110/FC.41288.S04_1.webp,404 Client Error: Not Found for url: https://autopart.tn/pieces/110/FC.41288.S04_1.webp
87999,https://autopart.tn/pieces/110/FC.12025.S09_1.webp,404 Client Error: Not Found for url: https://autopart.tn/pieces/110/FC.12025.S09_1.webp
85780,https://autopart.tn/pieces/6752/BF0321470020_1.webp,404 Client Error: Not Found for url: https://autopart.tn/pieces/6752/BF0321470020_1.webp
27098,https://autopart.tn/pieces/21/181142_1.webp,404 Client Error: Not Found for url: https://autopart.tn/pieces/21/181142_1.webp
27113,https://autopart.tn/pieces/21/182463_1.webp,404 Client Error: Not Found for url: https://autopart.tn/pieces/21/182463_1.webp
27903,https://autopart.tn/pieces/21/594183_1.webp,404 Client Error: Not Found for url: https://autopart.tn/pieces/21/594183_1.webp
27923,https://autopart.tn/pieces/21/594355_1.webp,404 Client Error: Not Found for url: https://autopart.tn/pieces/21/594355_1.webp
27928,https://autopart.tn/pieces/21/594438_1.webp,404 Client Error: Not Found for url: https://autopart.tn/pieces/21/594438_1.webp
86683,https://autopart.tn/pieces/121/19-2753_1.webp,404 Client Error: Not Found for url: https://autopart.tn/pieces/121/19-2753_1.webp
83178,https://autopart.tn/pieces/6752/BF0338880020_1.webp,404 Client Error: Not Found for url: https://autopart.tn/pieces/6752/BF0338880020_1.webp
82659,https://autopart.tn/pieces/110/AB.12076_1.webp,404 Client Error: Not Found for url: https://autopart.tn/pieces/110/AB.12076_1.webp
82660,https://autopart.tn/pieces/110/TGB.12095.S43_1.webp,404 Client Error: Not Found for url: https://autopart.tn/pieces/110/TGB.12095.S43_1.webp
83172,https://autopart.tn/pieces/6752/BF0321520090_1.webp,404 Client Error: Not Found for url: https://autopart.tn/pieces/6752/BF0321520090_1.webp
84155,https://autopart.tn/pieces/6752/BACB51-538007_1.webp,404 Client Error: Not Found for url: https://autopart.tn/pieces/6752/BACB51-538007_1.webp
87986,https://autopart.tn/pieces/110/GB.40246.S07_1.webp,404 Client Error: Not Found for url: https://autopart.tn/pieces/110/GB.40246.S07_1.webp
27937,https://autopart.tn/pieces/21/594646_1.webp,404 Client Error: Not Found for url: https://autopart.tn/pieces/21/594646_1.webp
52567,https://autopart.tn/pieces/10005/224018760R_1.webp,404 Client Error: Not Found for url: https://autopart.tn/pieces/10005/224018760R_1.webp
73755,https://autopart.tn/pieces/6752/BF0427970022_1.webp,404 Client Error: Not Found for url: https://autopart.tn/pieces/6752/BF0427970022_1.webp
85993,https://autopart.tn/pieces/6752/BF0427970095_1.webp,404 Client Error: Not Found for url: https://autopart.tn/pieces/6752/BF0427970095_1.webp
88812,https://autopart.tn/pieces/10035/LR050998_1.webp,404 Client Error: Not Found for url: https://autopart.tn/pieces/10035/LR050998_1.webp
27364,https://autopart.tn/pieces/21/343304_1.webp,404 Client Error: Not Found for url: https://autopart.tn/pieces/21/343304_1.webp
27373,https://autopart.tn/pieces/21/343432_1.webp,404 Client Error: Not Found for url: https://autopart.tn/pieces/21/343432_1.webp
39315,https://autopart.tn/pieces/43/BAE907AE-F245_1.webp,404 Client Error: Not Found for url: https://autopart.tn/pieces/43/BAE907AE-F245_1.webp
74124,https://autopart.tn/pieces/6752/BF0427970191_1.webp,404 Client Error: Not Found for url: https://autopart.tn/pieces/6752/BF0427970191_1.webp
85991,https://autopart.tn/pieces/6752/BF0427970053_1.webp,404 Client Error: Not Found for url: https://autopart.tn/pieces/6752/BF0427970053_1.webp
89814,https://autopart.tn/pieces/6752/BF0427970226_1.webp,404 Client Error: Not Found for url: https://autopart.tn/pieces/6752/BF0427970226_1.webp
89815,https://autopart.tn/pieces/6752/BF0427970227_1.webp,404 Client Error: Not Found for url: https://autopart.tn/pieces/6752/BF0427970227_1.webp
89813,https://autopart.tn/pieces/6752/BF0427970224_1.webp,404 Client Error: Not Found for url: https://autopart.tn/pieces/6752/BF0427970224_1.webp
51201,https://autopart.tn/pieces/30/F%20032%20133%20128_1.webp,404 Client Error: Not Found for url: https://autopart.tn/pieces/30/F%20032%20133%20128_1.webp
52568,https://autopart.tn/pieces/10006/95528735_1.webp,404 Client Error: Not Found for url: https://autopart.tn/pieces/10006/95528735_1.webp
90047,https://autopart.tn/pieces/5349/A1514167_1.webp,404 Client Error: Not Found for url: https://autopart.tn/pieces/5349/A1514167_1.webp
86560,https://autopart.tn/pieces/7851/138808f_1.webp,404 Client Error: Not Found for url: https://autopart.tn/pieces/7851/138808f_1.webp
27362,https://autopart.tn/pieces/21/343025_1.webp,404 Client Error: Not Found for url: https://autopart.tn/pieces/21/343025_1.webp
73474,https://autopart.tn/pieces/6752/BF0427900001_1.webp,404 Client Error: Not Found for url: https://autopart.tn/pieces/6752/BF0427900001_1.webp
90063,https://autopart.tn/pieces/4606/BED-7-12_1.webp,404 Client Error: Not Found for url: https://autopart.tn/pieces/4606/BED-7-12_1.webp
73473,https://autopart.tn/pieces/6752/BF0427890005_1.webp,404 Client Error: Not Found for url: https://autopart.tn/pieces/6752/BF0427890005_1.webp
76471,https://autopart.tn/pieces/6752/BF0216200077_1.webp,404 Client Error: Not Found for url: https://autopart.tn/pieces/6752/BF0216200077_1.webp
76472,https://autopart.tn/pieces/6752/BF0216200078_1.webp,404 Client Error: Not Found for url: https://autopart.tn/pieces/6752/BF0216200078_1.webp
76382,https://autopart.tn/pieces/6752/BF0112200240_1.webp,404 Client Error: Not Found for url: https://autopart.tn/pieces/6752/BF0112200240_1.webp
63789,https://autopart.tn/pieces/6752/BF0112200174_1.webp,404 Client Error: Not Found for url: https://autopart.tn/pieces/6752/BF0112200174_1.webp
76383,https://autopart.tn/pieces/6752/BF0112200290_1.webp,404 Client Error: Not Found for url: https://autopart.tn/pieces/6752/BF0112200290_1.webp
81920,https://autopart.tn/pieces/6752/BF0112200035_1.webp,404 Client Error: Not Found for url: https://autopart.tn/pieces/6752/BF0112200035_1.webp
78985,https://autopart.tn/pieces/6752/ATPP1212139006_1.webp,404 Client Error: Not Found for url: https://autopart.tn/pieces/6752/ATPP1212139006_1.webp
87589,https://autopart.tn/pieces/6752/BF0112200286_1.webp,404 Client Error: Not Found for url: https://autopart.tn/pieces/6752/BF0112200286_1.webp
81747,https://autopart.tn/pieces/6752/BACB12-506003_1.webp,404 Client Error: Not Found for url: https://autopart.tn/pieces/6752/BACB12-506003_1.webp
87620,https://autopart.tn/pieces/6752/BF0318450140_1.webp,404 Client Error: Not Found for url: https://autopart.tn/pieces/6752/BF0318450140_1.webp
83002,https://autopart.tn/pieces/6752/BF0135480011_1.webp,404 Client Error: Not Found for url: https://autopart.tn/pieces/6752/BF0135480011_1.webp
74152,https://autopart.tn/pieces/6752/EF0113850009_1.webp,404 Client Error: Not Found for url: https://autopart.tn/pieces/6752/EF0113850009_1.webp
76463,https://autopart.tn/pieces/6752/BF0216070003_1.webp,404 Client Error: Not Found for url: https://autopart.tn/pieces/6752/BF0216070003_1.webp
64056,https://autopart.tn/pieces/6752/EF0423490003_1.webp,404 Client Error: Not Found for url: https://autopart.tn/pieces/6752/EF0423490003_1.webp
73343,https://autopart.tn/pieces/6752/BACB13-901008_1.webp,404 Client Error: Not Found for url: https://autopart.tn/pieces/6752/BACB13-901008_1.webp
88794,https://autopart.tn/pieces/101/182656_1.webp,404 Client Error: Not Found for url: https://autopart.tn/pieces/101/182656_1.webp
83202,https://autopart.tn/pieces/6752/BF0423490022_1.webp,404 Client Error: Not Found for url: https://autopart.tn/pieces/6752/BF0423490022_1.webp
41668,https://autopart.tn/pieces/30/0%20344%20004%20010_1.webp,404 Client Error: Not Found for url: https://autopart.tn/pieces/30/0%20344%20004%20010_1.webp
83040,https://autopart.tn/pieces/6752/BACB13-451004_1.webp,404 Client Error: Not Found for url: https://autopart.tn/pieces/6752/BACB13-451004_1.webp
85989,https://autopart.tn/pieces/6752/BF0427920176_1.webp,404 Client Error: Not Found for url: https://autopart.tn/pieces/6752/BF0427920176_1.webp
87243,https://autopart.tn/pieces/89/CE20010_1.webp,404 Client Error: Not Found for url: https://autopart.tn/pieces/89/CE20010_1.webp
63790,https://autopart.tn/pieces/6752/BF0112200175_1.webp,404 Client Error: Not Found for url: https://autopart.tn/pieces/6752/BF0112200175_1.webp
81745,https://autopart.tn/pieces/6752/ATPP1212140001_1.webp,404 Client Error: Not Found for url: https://autopart.tn/pieces/6752/ATPP1212140001_1.webp
83064,https://autopart.tn/pieces/6752/BF0112200010_1.webp,404 Client Error: Not Found for url: https://autopart.tn/pieces/6752/BF0112200010_1.webp
85624,https://autopart.tn/pieces/6752/BF0112200028_1.webp,404 Client Error: Not Found for url: https://autopart.tn/pieces/6752/BF0112200028_1.webp
73873,https://autopart.tn/pieces/6752/BACB11-KIT115_1.webp,404 Client Error: Not Found for url: https://autopart.tn/pieces/6752/BACB11-KIT115_1.webp
79131,https://autopart.tn/pieces/6752/BACB11-112003_1.webp,404 Client Error: Not Found for url: https://autopart.tn/pieces/6752/BACB11-112003_1.webp
83087,https://autopart.tn/pieces/6752/BF0113850035_1.webp,404 Client Error: Not Found for url: https://autopart.tn/pieces/6752/BF0113850035_1.webp
1654,https://autopart.tn/pieces/2/6DF%20003%20263-001_1.webp,404 Client Error: Not Found for url: https://autopart.tn/pieces/2/6DF%20003%20263-001_1.webp
1656,https://autopart.tn/pieces/2/6ZF%20004%20847-001_1.webp,404 Client Error: Not Found for url: https://autopart.tn/pieces/2/6ZF%20004%20847-001_1.webp
1657,https://autopart.tn/pieces/2/6ZF%20008%20621-111_1.webp,404 Client Error: Not Found for url: https://autopart.tn/pieces/2/6ZF%20008%20621-111_1.webp
73493,https://autopart.tn/pieces/6752/EF0114750002_1.webp,404 Client Error: Not Found for url: https://autopart.tn/pieces/6752/EF0114750002_1.webp
87508,https://autopart.tn/pieces/6752/BF0216700016_1.webp,404 Client Error: Not Found for url: https://autopart.tn/pieces/6752/BF0216700016_1.webp
64050,https://autopart.tn/pieces/6752/EF0216750010_1.webp,404 Client Error: Not Found for url: https://autopart.tn/pieces/6752/EF0216750010_1.webp
76488,https://autopart.tn/pieces/6752/BF0216750010_1.webp,404 Client Error: Not Found for url: https://autopart.tn/pieces/6752/BF0216750010_1.webp
89859,https://autopart.tn/pieces/6752/EF0216750006_1.webp,404 Client Error: Not Found for url: https://autopart.tn/pieces/6752/EF0216750006_1.webp
86687,https://autopart.tn/pieces/301/500%20521_1.webp,404 Client Error: Not Found for url: https://autopart.tn/pieces/301/500%20521_1.webp
90052,https://autopart.tn/pieces/301/622%20252_1.webp,404 Client Error: Not Found for url: https://autopart.tn/pieces/301/622%20252_1.webp
51241,https://autopart.tn/pieces/301/500%20927_1.webp,404 Client Error: Not Found for url: https://autopart.tn/pieces/301/500%20927_1.webp
81918,https://autopart.tn/pieces/6752/BF0112200034_1.webp,404 Client Error: Not Found for url: https://autopart.tn/pieces/6752/BF0112200034_1.webp
87591,https://autopart.tn/pieces/6752/BF0112200288_1.webp,404 Client Error: Not Found for url: https://autopart.tn/pieces/6752/BF0112200288_1.webp
73374,https://autopart.tn/pieces/6752/BF0217200003_1.webp,404 Client Error: Not Found for url: https://autopart.tn/pieces/6752/BF0217200003_1.webp
73370,https://autopart.tn/pieces/6752/BF0216750002_1.webp,404 Client Error: Not Found for url: https://autopart.tn/pieces/6752/BF0216750002_1.webp
89858,https://autopart.tn/pieces/6752/EF0216750001_1.webp,404 Client Error: Not Found for url: https://autopart.tn/pieces/6752/EF0216750001_1.webp
83063,https://autopart.tn/pieces/6752/BF0112200008_1.webp,404 Client Error: Not Found for url: https://autopart.tn/pieces/6752/BF0112200008_1.webp
73498,https://autopart.tn/pieces/6752/EF0424640002_1.webp,404 Client Error: Not Found for url: https://autopart.tn/pieces/6752/EF0424640002_1.webp
82886,https://autopart.tn/pieces/6752/BF0435440006_1.webp,404 Client Error: Not Found for url: https://autopart.tn/pieces/6752/BF0435440006_1.webp
63806,https://autopart.tn/pieces/6752/BF0113870086_1.webp,404 Client Error: Not Found for url: https://autopart.tn/pieces/6752/BF0113870086_1.webp
63807,https://autopart.tn/pieces/6752/BF0113870093_1.webp,404 Client Error: Not Found for url: https://autopart.tn/pieces/6752/BF0113870093_1.webp
76426,https://autopart.tn/pieces/6752/BF0113870035_1.webp,404 Client Error: Not Found for url: https://autopart.tn/pieces/6752/BF0113870035_1.webp
73915,https://autopart.tn/pieces/6752/BF0113190088_1.webp,404 Client Error: Not Found for url: https://autopart.tn/pieces/6752/BF0113190088_1.webp
78865,https://autopart.tn/pieces/6752/BF0112070057_1.webp,404 Client Error: Not Found for url: https://autopart.tn/pieces/6752/BF0112070057_1.webp
27690,https://autopart.tn/pieces/21/509909_1.webp,404 Client Error: Not Found for url: https://autopart.tn/pieces/21/509909_1.webp
2473,https://autopart.tn/pieces/185/20300055_1.webp,404 Client Error: Not Found for url: https://autopart.tn/pieces/185/20300055_1.webp
2481,https://autopart.tn/pieces/185/20333320_1.webp,404 Client Error: Not Found for url: https://autopart.tn/pieces/185/20333320_1.webp
2494,https://autopart.tn/pieces/185/20335002_1.webp,404 Client Error: Not Found for url: https://autopart.tn/pieces/185/20335002_1.webp
2508,https://autopart.tn/pieces/185/20341671_1.webp,404 Client Error: Not Found for url: https://autopart.tn/pieces/185/20341671_1.webp
2507,https://autopart.tn/pieces/185/20341201_1.webp,404 Client Error: Not Found for url: https://autopart.tn/pieces/185/20341201_1.webp
2526,https://autopart.tn/pieces/185/20441209_1.webp,404 Client Error: Not Found for url: https://autopart.tn/pieces/185/20441209_1.webp
2523,https://autopart.tn/pieces/185/20441067_1.webp,404 Client Error: Not Found for url: https://autopart.tn/pieces/185/20441067_1.webp
2531,https://autopart.tn/pieces/185/20443332_1.webp,404 Client Error: Not Found for url: https://autopart.tn/pieces/185/20443332_1.webp
2534,https://autopart.tn/pieces/185/20553477_1.webp,404 Client Error: Not Found for url: https://autopart.tn/pieces/185/20553477_1.webp
2535,https://autopart.tn/pieces/185/20554006_1.webp,404 Client Error: Not Found for url: https://autopart.tn/pieces/185/20554006_1.webp
7558,https://autopart.tn/pieces/6322/545996G_1.webp,404 Client Error: Not Found for url: https://autopart.tn/pieces/6322/545996G_1.webp
7559,https://autopart.tn/pieces/6322/545997G_1.webp,404 Client Error: Not Found for url: https://autopart.tn/pieces/6322/545997G_1.webp
8261,https://autopart.tn/pieces/6322/345981G_1.webp,404 Client Error: Not Found for url: https://autopart.tn/pieces/6322/345981G_1.webp
7731,https://autopart.tn/pieces/6322/759895G_1.webp,404 Client Error: Not Found for url: https://autopart.tn/pieces/6322/759895G_1.webp
8287,https://autopart.tn/pieces/6322/215020G_1.webp,404 Client Error: Not Found for url: https://autopart.tn/pieces/6322/215020G_1.webp
8922,https://autopart.tn/pieces/273/104483_1.webp,404 Client Error: Not Found for url: https://autopart.tn/pieces/273/104483_1.webp
63932,https://autopart.tn/pieces/6752/BF0424640050_1.webp,404 Client Error: Not Found for url: https://autopart.tn/pieces/6752/BF0424640050_1.webp
78879,https://autopart.tn/pieces/6752/BF0113870011_1.webp,404 Client Error: Not Found for url: https://autopart.tn/pieces/6752/BF0113870011_1.webp
83088,https://autopart.tn/pieces/6752/BF0113870096_1.webp,404 Client Error: Not Found for url: https://autopart.tn/pieces/6752/BF0113870096_1.webp
81791,https://autopart.tn/pieces/6752/BF0113190003_1.webp,404 Client Error: Not Found for url: https://autopart.tn/pieces/6752/BF0113190003_1.webp
2483,https://autopart.tn/pieces/185/20333789_1.webp,404 Client Error: Not Found for url: https://autopart.tn/pieces/185/20333789_1.webp
2487,https://autopart.tn/pieces/185/20334305_1.webp,404 Client Error: Not Found for url: https://autopart.tn/pieces/185/20334305_1.webp
2501,https://autopart.tn/pieces/185/20341029_1.webp,404 Client Error: Not Found for url: https://autopart.tn/pieces/185/20341029_1.webp
2502,https://autopart.tn/pieces/185/20341032_1.webp,404 Client Error: Not Found for url: https://autopart.tn/pieces/185/20341032_1.webp
2530,https://autopart.tn/pieces/185/20443071_1.webp,404 Client Error: Not Found for url: https://autopart.tn/pieces/185/20443071_1.webp
2520,https://autopart.tn/pieces/185/20365001_1.webp,404 Client Error: Not Found for url: https://autopart.tn/pieces/185/20365001_1.webp
2540,https://autopart.tn/pieces/185/20633710_1.webp,404 Client Error: Not Found for url: https://autopart.tn/pieces/185/20633710_1.webp
8260,https://autopart.tn/pieces/6322/255982G_1.webp,404 Client Error: Not Found for url: https://autopart.tn/pieces/6322/255982G_1.webp
8299,https://autopart.tn/pieces/6322/349332G_1.webp,404 Client Error: Not Found for url: https://autopart.tn/pieces/6322/349332G_1.webp
8680,https://autopart.tn/pieces/273/004820_1.webp,404 Client Error: Not Found for url: https://autopart.tn/pieces/273/004820_1.webp
74047,https://autopart.tn/pieces/6752/BF0424640020_1.webp,404 Client Error: Not Found for url: https://autopart.tn/pieces/6752/BF0424640020_1.webp
1674,https://autopart.tn/pieces/2/8FT%20351%20335-271_1.webp,404 Client Error: Not Found for url: https://autopart.tn/pieces/2/8FT%20351%20335-271_1.webp
2475,https://autopart.tn/pieces/185/20300065_1.webp,404 Client Error: Not Found for url: https://autopart.tn/pieces/185/20300065_1.webp
2468,https://autopart.tn/pieces/185/20300002_1.webp,404 Client Error: Not Found for url: https://autopart.tn/pieces/185/20300002_1.webp
2477,https://autopart.tn/pieces/185/20300076_1.webp,404 Client Error: Not Found for url: https://autopart.tn/pieces/185/20300076_1.webp
2505,https://autopart.tn/pieces/185/20341047_1.webp,404 Client Error: Not Found for url: https://autopart.tn/pieces/185/20341047_1.webp
2528,https://autopart.tn/pieces/185/20443027_1.webp,404 Client Error: Not Found for url: https://autopart.tn/pieces/185/20443027_1.webp
2506,https://autopart.tn/pieces/185/20341048_1.webp,404 Client Error: Not Found for url: https://autopart.tn/pieces/185/20341048_1.webp
2542,https://autopart.tn/pieces/185/20665017_1.webp,404 Client Error: Not Found for url: https://autopart.tn/pieces/185/20665017_1.webp
7732,https://autopart.tn/pieces/6322/349894G_1.webp,404 Client Error: Not Found for url: https://autopart.tn/pieces/6322/349894G_1.webp
83004,https://autopart.tn/pieces/6752/BF0424640077_1.webp,404 Client Error: Not Found for url: https://autopart.tn/pieces/6752/BF0424640077_1.webp
2496,https://autopart.tn/pieces/185/20339012_1.webp,404 Client Error: Not Found for url: https://autopart.tn/pieces/185/20339012_1.webp
2497,https://autopart.tn/pieces/185/20339035_1.webp,404 Client Error: Not Found for url: https://autopart.tn/pieces/185/20339035_1.webp
2511,https://autopart.tn/pieces/185/20344009_1.webp,404 Client Error: Not Found for url: https://autopart.tn/pieces/185/20344009_1.webp
2510,https://autopart.tn/pieces/185/20343092_1.webp,404 Client Error: Not Found for url: https://autopart.tn/pieces/185/20343092_1.webp
49916,https://autopart.tn/pieces/32/115%20244_1.webp,404 Client Error: Not Found for url: https://autopart.tn/pieces/32/115%20244_1.webp
55306,https://autopart.tn/pieces/4570/PS9412101_1.webp,404 Client Error: Not Found for url: https://autopart.tn/pieces/4570/PS9412101_1.webp
55333,https://autopart.tn/pieces/4570/N6789704_1.webp,404 Client Error: Not Found for url: https://autopart.tn/pieces/4570/N6789704_1.webp
59661,https://autopart.tn/pieces/32/319%20964_1.webp,404 Client Error: Not Found for url: https://autopart.tn/pieces/32/319%20964_1.webp
63897,https://autopart.tn/pieces/6752/BF0321330269_1.webp,404 Client Error: Not Found for url: https://autopart.tn/pieces/6752/BF0321330269_1.webp
67311,https://autopart.tn/pieces/32/560%20205_1.webp,404 Client Error: Not Found for url: https://autopart.tn/pieces/32/560%20205_1.webp
67316,https://autopart.tn/pieces/32/560%20203_1.webp,404 Client Error: Not Found for url: https://autopart.tn/pieces/32/560%20203_1.webp
66501,https://autopart.tn/pieces/185/2000063_1.webp,404 Client Error: Not Found for url: https://autopart.tn/pieces/185/2000063_1.webp
66504,https://autopart.tn/pieces/185/2000095_1.webp,404 Client Error: Not Found for url: https://autopart.tn/pieces/185/2000095_1.webp
67593,https://autopart.tn/pieces/185/2000186_1.webp,404 Client Error: Not Found for url: https://autopart.tn/pieces/185/2000186_1.webp
63879,https://autopart.tn/pieces/6752/BF0320280346_1.webp,404 Client Error: Not Found for url: https://autopart.tn/pieces/6752/BF0320280346_1.webp
66502,https://autopart.tn/pieces/185/2000064_1.webp,404 Client Error: Not Found for url: https://autopart.tn/pieces/185/2000064_1.webp
66509,https://autopart.tn/pieces/185/2000998_1.webp,404 Client Error: Not Found for url: https://autopart.tn/pieces/185/2000998_1.webp
67604,https://autopart.tn/pieces/185/2000835_1.webp,404 Client Error: Not Found for url: https://autopart.tn/pieces/185/2000835_1.webp
82605,https://autopart.tn/pieces/32/560%20424_1.webp,404 Client Error: Not Found for url: https://autopart.tn/pieces/32/560%20424_1.webp
82607,https://autopart.tn/pieces/32/560%20457_1.webp,404 Client Error: Not Found for url: https://autopart.tn/pieces/32/560%20457_1.webp
83168,https://autopart.tn/pieces/6752/BF0321330044_1.webp,404 Client Error: Not Found for url: https://autopart.tn/pieces/6752/BF0321330044_1.webp
83147,https://autopart.tn/pieces/6752/BF0320280295_1.webp,404 Client Error: Not Found for url: https://autopart.tn/pieces/6752/BF0320280295_1.webp
85741,https://autopart.tn/pieces/6752/BF0320280499_1.webp,404 Client Error: Not Found for url: https://autopart.tn/pieces/6752/BF0320280499_1.webp
87880,https://autopart.tn/pieces/4008/EX553112S450_1.webp,404 Client Error: Not Found for url: https://autopart.tn/pieces/4008/EX553112S450_1.webp
80993,https://autopart.tn/pieces/32/560%20287_1.webp,404 Client Error: Not Found for url: https://autopart.tn/pieces/32/560%20287_1.webp
82606,https://autopart.tn/pieces/32/560%20573_1.webp,404 Client Error: Not Found for url: https://autopart.tn/pieces/32/560%20573_1.webp
76698,https://autopart.tn/pieces/6752/BF0427230096_1.webp,404 Client Error: Not Found for url: https://autopart.tn/pieces/6752/BF0427230096_1.webp
82771,https://autopart.tn/pieces/6752/BF0427230104_1.webp,404 Client Error: Not Found for url: https://autopart.tn/pieces/6752/BF0427230104_1.webp
83366,https://autopart.tn/pieces/6752/EF0633170003_1.webp,404 Client Error: Not Found for url: https://autopart.tn/pieces/6752/EF0633170003_1.webp
79235,https://autopart.tn/pieces/6752/BK0321330004_1.webp,404 Client Error: Not Found for url: https://autopart.tn/pieces/6752/BK0321330004_1.webp
80310,https://autopart.tn/pieces/6752/BF0321330122_1.webp,404 Client Error: Not Found for url: https://autopart.tn/pieces/6752/BF0321330122_1.webp
81844,https://autopart.tn/pieces/6752/BF0320280373_1.webp,404 Client Error: Not Found for url: https://autopart.tn/pieces/6752/BF0320280373_1.webp
83146,https://autopart.tn/pieces/6752/BF0320280060_1.webp,404 Client Error: Not Found for url: https://autopart.tn/pieces/6752/BF0320280060_1.webp
88801,https://autopart.tn/pieces/4731/C28522_1.webp,404 Client Error: Not Found for url: https://autopart.tn/pieces/4731/C28522_1.webp
79048,https://autopart.tn/pieces/6752/BF0320280442_1.webp,404 Client Error: Not Found for url: https://autopart.tn/pieces/6752/BF0320280442_1.webp
81840,https://autopart.tn/pieces/6752/BF0320280371_1.webp,404 Client Error: Not Found for url: https://autopart.tn/pieces/6752/BF0320280371_1.webp
87901,https://autopart.tn/pieces/4008/IN546601J050_1.webp,404 Client Error: Not Found for url: https://autopart.tn/pieces/4008/IN546601J050_1.webp
6997,https://autopart.tn/pieces/185/9919141_1.webp,404 Client Error: Not Found for url: https://autopart.tn/pieces/185/9919141_1.webp
7057,https://autopart.tn/pieces/185/9953435_1.webp,404 Client Error: Not Found for url: https://autopart.tn/pieces/185/9953435_1.webp
7015,https://autopart.tn/pieces/185/9921334_1.webp,404 Client Error: Not Found for url: https://autopart.tn/pieces/185/9921334_1.webp
7067,https://autopart.tn/pieces/185/995630_1.webp,404 Client Error: Not Found for url: https://autopart.tn/pieces/185/995630_1.webp
7064,https://autopart.tn/pieces/185/995535_1.webp,404 Client Error: Not Found for url: https://autopart.tn/pieces/185/995535_1.webp
7069,https://autopart.tn/pieces/185/995639_1.webp,404 Client Error: Not Found for url: https://autopart.tn/pieces/185/995639_1.webp
7080,https://autopart.tn/pieces/185/995830_1.webp,404 Client Error: Not Found for url: https://autopart.tn/pieces/185/995830_1.webp
7008,https://autopart.tn/pieces/185/9921127_1.webp,404 Client Error: Not Found for url: https://autopart.tn/pieces/185/9921127_1.webp
7010,https://autopart.tn/pieces/185/9921234_1.webp,404 Client Error: Not Found for url: https://autopart.tn/pieces/185/9921234_1.webp
7049,https://autopart.tn/pieces/185/9953136_1.webp,404 Client Error: Not Found for url: https://autopart.tn/pieces/185/9953136_1.webp
7031,https://autopart.tn/pieces/185/9937133_1.webp,404 Client Error: Not Found for url: https://autopart.tn/pieces/185/9937133_1.webp
7054,https://autopart.tn/pieces/185/9953331_1.webp,404 Client Error: Not Found for url: https://autopart.tn/pieces/185/9953331_1.webp
7081,https://autopart.tn/pieces/185/995831_1.webp,404 Client Error: Not Found for url: https://autopart.tn/pieces/185/995831_1.webp
7084,https://autopart.tn/pieces/185/9963237_1.webp,404 Client Error: Not Found for url: https://autopart.tn/pieces/185/9963237_1.webp
7074,https://autopart.tn/pieces/185/9957133_1.webp,404 Client Error: Not Found for url: https://autopart.tn/pieces/185/9957133_1.webp
7090,https://autopart.tn/pieces/185/9963730_1.webp,404 Client Error: Not Found for url: https://autopart.tn/pieces/185/9963730_1.webp
7021,https://autopart.tn/pieces/185/9921530_1.webp,404 Client Error: Not Found for url: https://autopart.tn/pieces/185/9921530_1.webp
7050,https://autopart.tn/pieces/185/9953234_1.webp,404 Client Error: Not Found for url: https://autopart.tn/pieces/185/9953234_1.webp
7058,https://autopart.tn/pieces/185/9953534_1.webp,404 Client Error: Not Found for url: https://autopart.tn/pieces/185/9953534_1.webp
7113,https://autopart.tn/pieces/185/9921536_1.webp,404 Client Error: Not Found for url: https://autopart.tn/pieces/185/9921536_1.webp
7053,https://autopart.tn/pieces/185/9953330_1.webp,404 Client Error: Not Found for url: https://autopart.tn/pieces/185/9953330_1.webp
7098,https://autopart.tn/pieces/185/9981136_1.webp,404 Client Error: Not Found for url: https://autopart.tn/pieces/185/9981136_1.webp
40501,https://autopart.tn/pieces/161/JTE1145_1.webp,404 Client Error: Not Found for url: https://autopart.tn/pieces/161/JTE1145_1.webp
57734,https://autopart.tn/pieces/201/STE-4065_1.webp,404 Client Error: Not Found for url: https://autopart.tn/pieces/201/STE-4065_1.webp
66943,https://autopart.tn/pieces/185/9010404_1.webp,404 Client Error: Not Found for url: https://autopart.tn/pieces/185/9010404_1.webp
66644,https://autopart.tn/pieces/185/9010401_1.webp,404 Client Error: Not Found for url: https://autopart.tn/pieces/185/9010401_1.webp
66645,https://autopart.tn/pieces/185/9010402_1.webp,404 Client Error: Not Found for url: https://autopart.tn/pieces/185/9010402_1.webp
66947,https://autopart.tn/pieces/185/9010409_1.webp,404 Client Error: Not Found for url: https://autopart.tn/pieces/185/9010409_1.webp
66946,https://autopart.tn/pieces/185/9010408_1.webp,404 Client Error: Not Found for url: https://autopart.tn/pieces/185/9010408_1.webp
73942,https://autopart.tn/pieces/6752/BF0318450032_1.webp,404 Client Error: Not Found for url: https://autopart.tn/pieces/6752/BF0318450032_1.webp
76528,https://autopart.tn/pieces/6752/BF0318450066_1.webp,404 Client Error: Not Found for url: https://autopart.tn/pieces/6752/BF0318450066_1.webp
77682,https://autopart.tn/pieces/201/STE-2073_1.webp,404 Client Error: Not Found for url: https://autopart.tn/pieces/201/STE-2073_1.webp
51986,https://autopart.tn/pieces/4455/BSG%2090-310-012_1.webp,404 Client Error: Not Found for url: https://autopart.tn/pieces/4455/BSG%2090-310-012_1.webp
65474,https://autopart.tn/pieces/185/9010405_1.webp,404 Client Error: Not Found for url: https://autopart.tn/pieces/185/9010405_1.webp
66944,https://autopart.tn/pieces/185/9010406_1.webp,404 Client Error: Not Found for url: https://autopart.tn/pieces/185/9010406_1.webp
76529,https://autopart.tn/pieces/6752/BF0318470033_1.webp,404 Client Error: Not Found for url: https://autopart.tn/pieces/6752/BF0318470033_1.webp
51984,https://autopart.tn/pieces/4455/BSG%2040-310-200_1.webp,404 Client Error: Not Found for url: https://autopart.tn/pieces/4455/BSG%2040-310-200_1.webp
57737,https://autopart.tn/pieces/201/STE-3090_1.webp,404 Client Error: Not Found for url: https://autopart.tn/pieces/201/STE-3090_1.webp
66646,https://autopart.tn/pieces/185/9010403_1.webp,404 Client Error: Not Found for url: https://autopart.tn/pieces/185/9010403_1.webp
51985,https://autopart.tn/pieces/4455/BSG%2040-310-199_1.webp,404 Client Error: Not Found for url: https://autopart.tn/pieces/4455/BSG%2040-310-199_1.webp
63863,https://autopart.tn/pieces/6752/BF0318470078_1.webp,404 Client Error: Not Found for url: https://autopart.tn/pieces/6752/BF0318470078_1.webp
81935,https://autopart.tn/pieces/6752/BF0318260077_1.webp,404 Client Error: Not Found for url: https://autopart.tn/pieces/6752/BF0318260077_1.webp
82698,https://autopart.tn/pieces/161/JTE1918_1.webp,404 Client Error: Not Found for url: https://autopart.tn/pieces/161/JTE1918_1.webp
84730,https://autopart.tn/pieces/185/9010450_1.webp,404 Client Error: Not Found for url: https://autopart.tn/pieces/185/9010450_1.webp
84738,https://autopart.tn/pieces/185/9010457_1.webp,404 Client Error: Not Found for url: https://autopart.tn/pieces/185/9010457_1.webp
84819,https://autopart.tn/pieces/185/9010471_1.webp,404 Client Error: Not Found for url: https://autopart.tn/pieces/185/9010471_1.webp
84849,https://autopart.tn/pieces/185/9010506_1.webp,404 Client Error: Not Found for url: https://autopart.tn/pieces/185/9010506_1.webp
81938,https://autopart.tn/pieces/6752/BF0318260078_1.webp,404 Client Error: Not Found for url: https://autopart.tn/pieces/6752/BF0318260078_1.webp
84871,https://autopart.tn/pieces/185/9010526_1.webp,404 Client Error: Not Found for url: https://autopart.tn/pieces/185/9010526_1.webp
66948,https://autopart.tn/pieces/185/9010410_1.webp,404 Client Error: Not Found for url: https://autopart.tn/pieces/185/9010410_1.webp
73516,https://autopart.tn/pieces/6752/BF0318470079_1.webp,404 Client Error: Not Found for url: https://autopart.tn/pieces/6752/BF0318470079_1.webp
73943,https://autopart.tn/pieces/6752/BF0318450033_1.webp,404 Client Error: Not Found for url: https://autopart.tn/pieces/6752/BF0318450033_1.webp
85688,https://autopart.tn/pieces/6752/BF0318470028_1.webp,404 Client Error: Not Found for url: https://autopart.tn/pieces/6752/BF0318470028_1.webp
90333,https://autopart.tn/pieces/301/501%20007_1.webp,404 Client Error: Not Found for url: https://autopart.tn/pieces/301/501%20007_1.webp
90334,https://autopart.tn/pieces/301/501%20008_1.webp,404 Client Error: Not Found for url: https://autopart.tn/pieces/301/501%20008_1.webp
83117,https://autopart.tn/pieces/6752/BF0318450023_1.webp,404 Client Error: Not Found for url: https://autopart.tn/pieces/6752/BF0318450023_1.webp
84822,https://autopart.tn/pieces/185/9010474_1.webp,404 Client Error: Not Found for url: https://autopart.tn/pieces/185/9010474_1.webp
52187,https://autopart.tn/pieces/185/2019198_1.webp,404 Client Error: Not Found for url: https://autopart.tn/pieces/185/2019198_1.webp
89266,https://autopart.tn/pieces/301/502%20569_1.webp,404 Client Error: Not Found for url: https://autopart.tn/pieces/301/502%20569_1.webp
87738,https://autopart.tn/pieces/32/900%20191_1.webp,404 Client Error: Not Found for url: https://autopart.tn/pieces/32/900%20191_1.webp
63786,https://autopart.tn/pieces/6752/BF0112050250_1.webp,404 Client Error: Not Found for url: https://autopart.tn/pieces/6752/BF0112050250_1.webp
63785,https://autopart.tn/pieces/6752/BF0112050249_1.webp,404 Client Error: Not Found for url: https://autopart.tn/pieces/6752/BF0112050249_1.webp
73548,https://autopart.tn/pieces/6752/ATPP1212137035_1.webp,404 Client Error: Not Found for url: https://autopart.tn/pieces/6752/ATPP1212137035_1.webp
73904,https://autopart.tn/pieces/6752/BF0112050246_1.webp,404 Client Error: Not Found for url: https://autopart.tn/pieces/6752/BF0112050246_1.webp
76372,https://autopart.tn/pieces/6752/BF0112050220_1.webp,404 Client Error: Not Found for url: https://autopart.tn/pieces/6752/BF0112050220_1.webp
81751,https://autopart.tn/pieces/6752/ATPP1212137005_1.webp,404 Client Error: Not Found for url: https://autopart.tn/pieces/6752/ATPP1212137005_1.webp
81737,https://autopart.tn/pieces/6752/ATPP1212137020_1.webp,404 Client Error: Not Found for url: https://autopart.tn/pieces/6752/ATPP1212137020_1.webp
81910,https://autopart.tn/pieces/6752/BF0112050271_1.webp,404 Client Error: Not Found for url: https://autopart.tn/pieces/6752/BF0112050271_1.webp
81912,https://autopart.tn/pieces/6752/BF0112050276_1.webp,404 Client Error: Not Found for url: https://autopart.tn/pieces/6752/BF0112050276_1.webp
81909,https://autopart.tn/pieces/6752/BF0112050232_1.webp,404 Client Error: Not Found for url: https://autopart.tn/pieces/6752/BF0112050232_1.webp
81911,https://autopart.tn/pieces/6752/BF0112050274_1.webp,404 Client Error: Not Found for url: https://autopart.tn/pieces/6752/BF0112050274_1.webp
83059,https://autopart.tn/pieces/6752/BF0112050298_1.webp,404 Client Error: Not Found for url: https://autopart.tn/pieces/6752/BF0112050298_1.webp
87510,https://autopart.tn/pieces/6752/ATPP1218118006_1.webp,404 Client Error: Not Found for url: https://autopart.tn/pieces/6752/ATPP1218118006_1.webp
87578,https://autopart.tn/pieces/6752/BF0112050275_1.webp,404 Client Error: Not Found for url: https://autopart.tn/pieces/6752/BF0112050275_1.webp
87581,https://autopart.tn/pieces/6752/BF0112050318_1.webp,404 Client Error: Not Found for url: https://autopart.tn/pieces/6752/BF0112050318_1.webp
73628,https://autopart.tn/pieces/6752/BF0112280223_1.webp,404 Client Error: Not Found for url: https://autopart.tn/pieces/6752/BF0112280223_1.webp
73910,https://autopart.tn/pieces/6752/BF0112280286_1.webp,404 Client Error: Not Found for url: https://autopart.tn/pieces/6752/BF0112280286_1.webp
73916,https://autopart.tn/pieces/6752/BF0113250006_1.webp,404 Client Error: Not Found for url: https://autopart.tn/pieces/6752/BF0113250006_1.webp
76376,https://autopart.tn/pieces/6752/BF0112100020_1.webp,404 Client Error: Not Found for url: https://autopart.tn/pieces/6752/BF0112100020_1.webp
76390,https://autopart.tn/pieces/6752/BF0112280084_1.webp,404 Client Error: Not Found for url: https://autopart.tn/pieces/6752/BF0112280084_1.webp
76394,https://autopart.tn/pieces/6752/BF0112280456_1.webp,404 Client Error: Not Found for url: https://autopart.tn/pieces/6752/BF0112280456_1.webp
76397,https://autopart.tn/pieces/6752/BF0112280459_1.webp,404 Client Error: Not Found for url: https://autopart.tn/pieces/6752/BF0112280459_1.webp
78868,https://autopart.tn/pieces/6752/BF0112280442_1.webp,404 Client Error: Not Found for url: https://autopart.tn/pieces/6752/BF0112280442_1.webp
76398,https://autopart.tn/pieces/6752/BF0112280460_1.webp,404 Client Error: Not Found for url: https://autopart.tn/pieces/6752/BF0112280460_1.webp
78870,https://autopart.tn/pieces/6752/BF0112280444_1.webp,404 Client Error: Not Found for url: https://autopart.tn/pieces/6752/BF0112280444_1.webp
78916,https://autopart.tn/pieces/6752/BF0112280160_1.webp,404 Client Error: Not Found for url: https://autopart.tn/pieces/6752/BF0112280160_1.webp
81794,https://autopart.tn/pieces/6752/BF0113390175_1.webp,404 Client Error: Not Found for url: https://autopart.tn/pieces/6752/BF0113390175_1.webp
83067,https://autopart.tn/pieces/6752/BF0112280097_1.webp,404 Client Error: Not Found for url: https://autopart.tn/pieces/6752/BF0112280097_1.webp
63604,https://autopart.tn/pieces/6752/ATPP1112137028_1.webp,404 Client Error: Not Found for url: https://autopart.tn/pieces/6752/ATPP1112137028_1.webp
73545,https://autopart.tn/pieces/6752/ATPP1212137010_1.webp,404 Client Error: Not Found for url: https://autopart.tn/pieces/6752/ATPP1212137010_1.webp
73823,https://autopart.tn/pieces/6752/ATPP1112137009_1.webp,404 Client Error: Not Found for url: https://autopart.tn/pieces/6752/ATPP1112137009_1.webp
73825,https://autopart.tn/pieces/6752/ATPP1112137027_1.webp,404 Client Error: Not Found for url: https://autopart.tn/pieces/6752/ATPP1112137027_1.webp
73914,https://autopart.tn/pieces/6752/BF0113170112_1.webp,404 Client Error: Not Found for url: https://autopart.tn/pieces/6752/BF0113170112_1.webp
81792,https://autopart.tn/pieces/6752/BF0113170122_1.webp,404 Client Error: Not Found for url: https://autopart.tn/pieces/6752/BF0113170122_1.webp
84122,https://autopart.tn/pieces/6752/ATPP1112137003_1.webp,404 Client Error: Not Found for url: https://autopart.tn/pieces/6752/ATPP1112137003_1.webp
87497,https://autopart.tn/pieces/6752/ATPP1112137011_1.webp,404 Client Error: Not Found for url: https://autopart.tn/pieces/6752/ATPP1112137011_1.webp
73627,https://autopart.tn/pieces/6752/BF0112280222_1.webp,404 Client Error: Not Found for url: https://autopart.tn/pieces/6752/BF0112280222_1.webp
76377,https://autopart.tn/pieces/6752/BF0112100021_1.webp,404 Client Error: Not Found for url: https://autopart.tn/pieces/6752/BF0112100021_1.webp
76393,https://autopart.tn/pieces/6752/BF0112280087_1.webp,404 Client Error: Not Found for url: https://autopart.tn/pieces/6752/BF0112280087_1.webp
76392,https://autopart.tn/pieces/6752/BF0112280086_1.webp,404 Client Error: Not Found for url: https://autopart.tn/pieces/6752/BF0112280086_1.webp
78869,https://autopart.tn/pieces/6752/BF0112280443_1.webp,404 Client Error: Not Found for url: https://autopart.tn/pieces/6752/BF0112280443_1.webp
78871,https://autopart.tn/pieces/6752/BF0112280445_1.webp,404 Client Error: Not Found for url: https://autopart.tn/pieces/6752/BF0112280445_1.webp
78872,https://autopart.tn/pieces/6752/BF0112280472_1.webp,404 Client Error: Not Found for url: https://autopart.tn/pieces/6752/BF0112280472_1.webp
79162,https://autopart.tn/pieces/6752/BF0112280238_1.webp,404 Client Error: Not Found for url: https://autopart.tn/pieces/6752/BF0112280238_1.webp
81796,https://autopart.tn/pieces/6752/BF0113390174_1.webp,404 Client Error: Not Found for url: https://autopart.tn/pieces/6752/BF0113390174_1.webp
83066,https://autopart.tn/pieces/6752/BF0112280096_1.webp,404 Client Error: Not Found for url: https://autopart.tn/pieces/6752/BF0112280096_1.webp
86376,https://autopart.tn/pieces/185/9010092_1.webp,404 Client Error: Not Found for url: https://autopart.tn/pieces/185/9010092_1.webp
63948,https://autopart.tn/pieces/6752/BF0425390129_1.webp,404 Client Error: Not Found for url: https://autopart.tn/pieces/6752/BF0425390129_1.webp
79066,https://autopart.tn/pieces/6752/BF0425390051_1.webp,404 Client Error: Not Found for url: https://autopart.tn/pieces/6752/BF0425390051_1.webp
79068,https://autopart.tn/pieces/6752/BF0425390079_1.webp,404 Client Error: Not Found for url: https://autopart.tn/pieces/6752/BF0425390079_1.webp
82838,https://autopart.tn/pieces/6752/BF0425390067_1.webp,404 Client Error: Not Found for url: https://autopart.tn/pieces/6752/BF0425390067_1.webp
83223,https://autopart.tn/pieces/6752/BF0425390044_1.webp,404 Client Error: Not Found for url: https://autopart.tn/pieces/6752/BF0425390044_1.webp
76618,https://autopart.tn/pieces/6752/BF0425390078_1.webp,404 Client Error: Not Found for url: https://autopart.tn/pieces/6752/BF0425390078_1.webp
87675,https://autopart.tn/pieces/6752/BF0425390153_1.webp,404 Client Error: Not Found for url: https://autopart.tn/pieces/6752/BF0425390153_1.webp
78863,https://autopart.tn/pieces/6752/BF0112050134_1.webp,404 Client Error: Not Found for url: https://autopart.tn/pieces/6752/BF0112050134_1.webp
81908,https://autopart.tn/pieces/6752/BF0112050221_1.webp,404 Client Error: Not Found for url: https://autopart.tn/pieces/6752/BF0112050221_1.webp
73911,https://autopart.tn/pieces/6752/BF0112280287_1.webp,404 Client Error: Not Found for url: https://autopart.tn/pieces/6752/BF0112280287_1.webp
76391,https://autopart.tn/pieces/6752/BF0112280085_1.webp,404 Client Error: Not Found for url: https://autopart.tn/pieces/6752/BF0112280085_1.webp
79163,https://autopart.tn/pieces/6752/BF0112280239_1.webp,404 Client Error: Not Found for url: https://autopart.tn/pieces/6752/BF0112280239_1.webp
63783,https://autopart.tn/pieces/6752/BF0112050128_1.webp,404 Client Error: Not Found for url: https://autopart.tn/pieces/6752/BF0112050128_1.webp
87580,https://autopart.tn/pieces/6752/BF0112050295_1.webp,404 Client Error: Not Found for url: https://autopart.tn/pieces/6752/BF0112050295_1.webp
87579,https://autopart.tn/pieces/6752/BF0112050290_1.webp,404 Client Error: Not Found for url: https://autopart.tn/pieces/6752/BF0112050290_1.webp
76375,https://autopart.tn/pieces/6752/BF0112100002_1.webp,404 Client Error: Not Found for url: https://autopart.tn/pieces/6752/BF0112100002_1.webp
83224,https://autopart.tn/pieces/6752/BF0425390080_1.webp,404 Client Error: Not Found for url: https://autopart.tn/pieces/6752/BF0425390080_1.webp
83222,https://autopart.tn/pieces/6752/BF0425390030_1.webp,404 Client Error: Not Found for url: https://autopart.tn/pieces/6752/BF0425390030_1.webp
73635,https://autopart.tn/pieces/6752/BF0138330072_1.webp,404 Client Error: Not Found for url: https://autopart.tn/pieces/6752/BF0138330072_1.webp
73634,https://autopart.tn/pieces/6752/BF0138330071_1.webp,404 Client Error: Not Found for url: https://autopart.tn/pieces/6752/BF0138330071_1.webp
76475,https://autopart.tn/pieces/6752/BF0216330025_1.webp,404 Client Error: Not Found for url: https://autopart.tn/pieces/6752/BF0216330025_1.webp
76478,https://autopart.tn/pieces/6752/BF0216330066_1.webp,404 Client Error: Not Found for url: https://autopart.tn/pieces/6752/BF0216330066_1.webp
81913,https://autopart.tn/pieces/6752/BF0112160011_1.webp,404 Client Error: Not Found for url: https://autopart.tn/pieces/6752/BF0112160011_1.webp
84124,https://autopart.tn/pieces/6752/ATPP1118123002_1.webp,404 Client Error: Not Found for url: https://autopart.tn/pieces/6752/ATPP1118123002_1.webp
84204,https://autopart.tn/pieces/6752/BF0112300232_1.webp,404 Client Error: Not Found for url: https://autopart.tn/pieces/6752/BF0112300232_1.webp
84205,https://autopart.tn/pieces/6752/BF0112300233_1.webp,404 Client Error: Not Found for url: https://autopart.tn/pieces/6752/BF0112300233_1.webp
76401,https://autopart.tn/pieces/6752/BF0112300196_1.webp,404 Client Error: Not Found for url: https://autopart.tn/pieces/6752/BF0112300196_1.webp
78967,https://autopart.tn/pieces/6752/BF0528720001_1.webp,404 Client Error: Not Found for url: https://autopart.tn/pieces/6752/BF0528720001_1.webp
78900,https://autopart.tn/pieces/6752/BF0426490052_1.webp,404 Client Error: Not Found for url: https://autopart.tn/pieces/6752/BF0426490052_1.webp
703,https://autopart.tn/pieces/101/24893_1.webp,404 Client Error: Not Found for url: https://autopart.tn/pieces/101/24893_1.webp
63912,https://autopart.tn/pieces/6752/BF0422430029_1.webp,404 Client Error: Not Found for url: https://autopart.tn/pieces/6752/BF0422430029_1.webp
63916,https://autopart.tn/pieces/6752/BF0422430033_1.webp,404 Client Error: Not Found for url: https://autopart.tn/pieces/6752/BF0422430033_1.webp
83180,https://autopart.tn/pieces/6752/BF0422430075_1.webp,404 Client Error: Not Found for url: https://autopart.tn/pieces/6752/BF0422430075_1.webp
82974,https://autopart.tn/pieces/6752/BACB11-U64002_1.webp,404 Client Error: Not Found for url: https://autopart.tn/pieces/6752/BACB11-U64002_1.webp
78866,https://autopart.tn/pieces/6752/BF0112090078_1.webp,404 Client Error: Not Found for url: https://autopart.tn/pieces/6752/BF0112090078_1.webp
74058,https://autopart.tn/pieces/6752/BF0425420091_1.webp,404 Client Error: Not Found for url: https://autopart.tn/pieces/6752/BF0425420091_1.webp
76622,https://autopart.tn/pieces/6752/BF0425420055_1.webp,404 Client Error: Not Found for url: https://autopart.tn/pieces/6752/BF0425420055_1.webp
79069,https://autopart.tn/pieces/6752/BF0425420061_1.webp,404 Client Error: Not Found for url: https://autopart.tn/pieces/6752/BF0425420061_1.webp
76477,https://autopart.tn/pieces/6752/BF0216330065_1.webp,404 Client Error: Not Found for url: https://autopart.tn/pieces/6752/BF0216330065_1.webp
76476,https://autopart.tn/pieces/6752/BF0216330026_1.webp,404 Client Error: Not Found for url: https://autopart.tn/pieces/6752/BF0216330026_1.webp
78874,https://autopart.tn/pieces/6752/BF0112320068_1.webp,404 Client Error: Not Found for url: https://autopart.tn/pieces/6752/BF0112320068_1.webp
83070,https://autopart.tn/pieces/6752/BF0112300113_1.webp,404 Client Error: Not Found for url: https://autopart.tn/pieces/6752/BF0112300113_1.webp
81917,https://autopart.tn/pieces/6752/BF0112160047_1.webp,404 Client Error: Not Found for url: https://autopart.tn/pieces/6752/BF0112160047_1.webp
85623,https://autopart.tn/pieces/6752/BF0112160038_1.webp,404 Client Error: Not Found for url: https://autopart.tn/pieces/6752/BF0112160038_1.webp
1682,https://autopart.tn/pieces/2/8MO%20376%20726-361_1.webp,404 Client Error: Not Found for url: https://autopart.tn/pieces/2/8MO%20376%20726-361_1.webp
76577,https://autopart.tn/pieces/6752/BF0422430055_1.webp,404 Client Error: Not Found for url: https://autopart.tn/pieces/6752/BF0422430055_1.webp
76578,https://autopart.tn/pieces/6752/BF0422430074_1.webp,404 Client Error: Not Found for url: https://autopart.tn/pieces/6752/BF0422430074_1.webp
76479,https://autopart.tn/pieces/6752/BF0216330085_1.webp,404 Client Error: Not Found for url: https://autopart.tn/pieces/6752/BF0216330085_1.webp
76403,https://autopart.tn/pieces/6752/BF0112320017_1.webp,404 Client Error: Not Found for url: https://autopart.tn/pieces/6752/BF0112320017_1.webp
81915,https://autopart.tn/pieces/6752/BF0112160045_1.webp,404 Client Error: Not Found for url: https://autopart.tn/pieces/6752/BF0112160045_1.webp
81914,https://autopart.tn/pieces/6752/BF0112160012_1.webp,404 Client Error: Not Found for url: https://autopart.tn/pieces/6752/BF0112160012_1.webp
84125,https://autopart.tn/pieces/6752/ATPP1118124002_1.webp,404 Client Error: Not Found for url: https://autopart.tn/pieces/6752/ATPP1118124002_1.webp
87595,https://autopart.tn/pieces/6752/BF0113330135_1.webp,404 Client Error: Not Found for url: https://autopart.tn/pieces/6752/BF0113330135_1.webp
78873,https://autopart.tn/pieces/6752/BF0112320067_1.webp,404 Client Error: Not Found for url: https://autopart.tn/pieces/6752/BF0112320067_1.webp
76402,https://autopart.tn/pieces/6752/BF0112320016_1.webp,404 Client Error: Not Found for url: https://autopart.tn/pieces/6752/BF0112320016_1.webp
81787,https://autopart.tn/pieces/6752/BF0112300186_1.webp,404 Client Error: Not Found for url: https://autopart.tn/pieces/6752/BF0112300186_1.webp
81916,https://autopart.tn/pieces/6752/BF0112160046_1.webp,404 Client Error: Not Found for url: https://autopart.tn/pieces/6752/BF0112160046_1.webp
84203,https://autopart.tn/pieces/6752/BF0112300018_1.webp,404 Client Error: Not Found for url: https://autopart.tn/pieces/6752/BF0112300018_1.webp
89600,https://autopart.tn/pieces/6752/BF0112160054_1.webp,404 Client Error: Not Found for url: https://autopart.tn/pieces/6752/BF0112160054_1.webp
64089,https://autopart.tn/pieces/6752/TOPT1220006_1.webp,404 Client Error: Not Found for url: https://autopart.tn/pieces/6752/TOPT1220006_1.webp
74139,https://autopart.tn/pieces/6752/BF0528720014_1.webp,404 Client Error: Not Found for url: https://autopart.tn/pieces/6752/BF0528720014_1.webp
89263,https://autopart.tn/pieces/101/196049_1.webp,404 Client Error: Not Found for url: https://autopart.tn/pieces/101/196049_1.webp
87238,https://autopart.tn/pieces/301/115%20504_1.webp,404 Client Error: Not Found for url: https://autopart.tn/pieces/301/115%20504_1.webp
27884,https://autopart.tn/pieces/21/593610_1.webp,404 Client Error: Not Found for url: https://autopart.tn/pieces/21/593610_1.webp
63910,https://autopart.tn/pieces/6752/BF0422420016_1.webp,404 Client Error: Not Found for url: https://autopart.tn/pieces/6752/BF0422420016_1.webp
83909,https://autopart.tn/pieces/185/7001744_1.webp,404 Client Error: Not Found for url: https://autopart.tn/pieces/185/7001744_1.webp
67590,https://autopart.tn/pieces/185/19039_1.webp,404 Client Error: Not Found for url: https://autopart.tn/pieces/185/19039_1.webp
83127,https://autopart.tn/pieces/6752/BF0319540056_1.webp,404 Client Error: Not Found for url: https://autopart.tn/pieces/6752/BF0319540056_1.webp
76536,https://autopart.tn/pieces/6752/BF0319540018_1.webp,404 Client Error: Not Found for url: https://autopart.tn/pieces/6752/BF0319540018_1.webp
76538,https://autopart.tn/pieces/6752/BF0319540113_1.webp,404 Client Error: Not Found for url: https://autopart.tn/pieces/6752/BF0319540113_1.webp
84906,https://autopart.tn/pieces/185/9080004_1.webp,404 Client Error: Not Found for url: https://autopart.tn/pieces/185/9080004_1.webp
84912,https://autopart.tn/pieces/185/9080010_1.webp,404 Client Error: Not Found for url: https://autopart.tn/pieces/185/9080010_1.webp
84918,https://autopart.tn/pieces/185/9080071_1.webp,404 Client Error: Not Found for url: https://autopart.tn/pieces/185/9080071_1.webp
84925,https://autopart.tn/pieces/185/9080096_1.webp,404 Client Error: Not Found for url: https://autopart.tn/pieces/185/9080096_1.webp
84926,https://autopart.tn/pieces/185/9080130_1.webp,404 Client Error: Not Found for url: https://autopart.tn/pieces/185/9080130_1.webp
84927,https://autopart.tn/pieces/185/9080129_1.webp,404 Client Error: Not Found for url: https://autopart.tn/pieces/185/9080129_1.webp
86445,https://autopart.tn/pieces/185/9080002_1.webp,404 Client Error: Not Found for url: https://autopart.tn/pieces/185/9080002_1.webp
86452,https://autopart.tn/pieces/185/9080017_1.webp,404 Client Error: Not Found for url: https://autopart.tn/pieces/185/9080017_1.webp
86460,https://autopart.tn/pieces/185/9080033_1.webp,404 Client Error: Not Found for url: https://autopart.tn/pieces/185/9080033_1.webp
86459,https://autopart.tn/pieces/185/9080024_1.webp,404 Client Error: Not Found for url: https://autopart.tn/pieces/185/9080024_1.webp
86461,https://autopart.tn/pieces/185/9080034_1.webp,404 Client Error: Not Found for url: https://autopart.tn/pieces/185/9080034_1.webp
86467,https://autopart.tn/pieces/185/9080177_1.webp,404 Client Error: Not Found for url: https://autopart.tn/pieces/185/9080177_1.webp
86473,https://autopart.tn/pieces/185/9080202_1.webp,404 Client Error: Not Found for url: https://autopart.tn/pieces/185/9080202_1.webp
86476,https://autopart.tn/pieces/185/9080229_1.webp,404 Client Error: Not Found for url: https://autopart.tn/pieces/185/9080229_1.webp
82996,https://autopart.tn/pieces/6752/BF0115290019_1.webp,404 Client Error: Not Found for url: https://autopart.tn/pieces/6752/BF0115290019_1.webp
21072,https://autopart.tn/pieces/257/GOM-809_1.webp,404 Client Error: Not Found for url: https://autopart.tn/pieces/257/GOM-809_1.webp
21082,https://autopart.tn/pieces/257/GOM-881_1.webp,404 Client Error: Not Found for url: https://autopart.tn/pieces/257/GOM-881_1.webp
41979,https://autopart.tn/pieces/30/F%2000M%20992%20732_1.webp,404 Client Error: Not Found for url: https://autopart.tn/pieces/30/F%2000M%20992%20732_1.webp
69636,https://autopart.tn/pieces/101/194078_1.webp,404 Client Error: Not Found for url: https://autopart.tn/pieces/101/194078_1.webp
86456,https://autopart.tn/pieces/185/9080020_1.webp,404 Client Error: Not Found for url: https://autopart.tn/pieces/185/9080020_1.webp
86457,https://autopart.tn/pieces/185/9080022_1.webp,404 Client Error: Not Found for url: https://autopart.tn/pieces/185/9080022_1.webp
86458,https://autopart.tn/pieces/185/9080023_1.webp,404 Client Error: Not Found for url: https://autopart.tn/pieces/185/9080023_1.webp
86463,https://autopart.tn/pieces/185/9080106_1.webp,404 Client Error: Not Found for url: https://autopart.tn/pieces/185/9080106_1.webp
86468,https://autopart.tn/pieces/185/9080178_1.webp,404 Client Error: Not Found for url: https://autopart.tn/pieces/185/9080178_1.webp
66525,https://autopart.tn/pieces/185/209229_1.webp,404 Client Error: Not Found for url: https://autopart.tn/pieces/185/209229_1.webp
73390,https://autopart.tn/pieces/6752/BF0320300094_1.webp,404 Client Error: Not Found for url: https://autopart.tn/pieces/6752/BF0320300094_1.webp
79199,https://autopart.tn/pieces/6752/BF0335750048_1.webp,404 Client Error: Not Found for url: https://autopart.tn/pieces/6752/BF0335750048_1.webp
76509,https://autopart.tn/pieces/6752/BF0216920021_1.webp,404 Client Error: Not Found for url: https://autopart.tn/pieces/6752/BF0216920021_1.webp
84791,https://autopart.tn/pieces/185/9080192_1.webp,404 Client Error: Not Found for url: https://autopart.tn/pieces/185/9080192_1.webp
84911,https://autopart.tn/pieces/185/9080009_1.webp,404 Client Error: Not Found for url: https://autopart.tn/pieces/185/9080009_1.webp
84919,https://autopart.tn/pieces/185/9080072_1.webp,404 Client Error: Not Found for url: https://autopart.tn/pieces/185/9080072_1.webp
88990,https://autopart.tn/pieces/185/9080277_1.webp,404 Client Error: Not Found for url: https://autopart.tn/pieces/185/9080277_1.webp
83149,https://autopart.tn/pieces/6752/BF0320300088_1.webp,404 Client Error: Not Found for url: https://autopart.tn/pieces/6752/BF0320300088_1.webp
83177,https://autopart.tn/pieces/6752/BF0335750010_1.webp,404 Client Error: Not Found for url: https://autopart.tn/pieces/6752/BF0335750010_1.webp
83176,https://autopart.tn/pieces/6752/BF0335750007_1.webp,404 Client Error: Not Found for url: https://autopart.tn/pieces/6752/BF0335750007_1.webp
85747,https://autopart.tn/pieces/6752/BF0320300171_1.webp,404 Client Error: Not Found for url: https://autopart.tn/pieces/6752/BF0320300171_1.webp
85750,https://autopart.tn/pieces/6752/BF0320300173_1.webp,404 Client Error: Not Found for url: https://autopart.tn/pieces/6752/BF0320300173_1.webp
85751,https://autopart.tn/pieces/6752/BF0320300174_1.webp,404 Client Error: Not Found for url: https://autopart.tn/pieces/6752/BF0320300174_1.webp
88816,https://autopart.tn/pieces/35/27309%2001_1.webp,404 Client Error: Not Found for url: https://autopart.tn/pieces/35/27309%2001_1.webp
66526,https://autopart.tn/pieces/185/209247_1.webp,404 Client Error: Not Found for url: https://autopart.tn/pieces/185/209247_1.webp
87737,https://autopart.tn/pieces/32/802%20332_1.webp,404 Client Error: Not Found for url: https://autopart.tn/pieces/32/802%20332_1.webp
90090,https://autopart.tn/pieces/35/37690%2001_1.webp,404 Client Error: Not Found for url: https://autopart.tn/pieces/35/37690%2001_1.webp
66833,https://autopart.tn/pieces/185/209233_1.webp,404 Client Error: Not Found for url: https://autopart.tn/pieces/185/209233_1.webp
73391,https://autopart.tn/pieces/6752/BF0320330086_1.webp,404 Client Error: Not Found for url: https://autopart.tn/pieces/6752/BF0320330086_1.webp
83143,https://autopart.tn/pieces/6752/BF0320250014_1.webp,404 Client Error: Not Found for url: https://autopart.tn/pieces/6752/BF0320250014_1.webp
86665,https://autopart.tn/pieces/301/409%20192_1.webp,404 Client Error: Not Found for url: https://autopart.tn/pieces/301/409%20192_1.webp
73534,https://autopart.tn/pieces/6752/BF0530470007_1.webp,404 Client Error: Not Found for url: https://autopart.tn/pieces/6752/BF0530470007_1.webp
1393,https://autopart.tn/pieces/141/FOL175_1.webp,404 Client Error: Not Found for url: https://autopart.tn/pieces/141/FOL175_1.webp
41857,https://autopart.tn/pieces/30/2%20430%20102%20340_1.webp,404 Client Error: Not Found for url: https://autopart.tn/pieces/30/2%20430%20102%20340_1.webp
41888,https://autopart.tn/pieces/30/F%2000V%20C60%20650_1.webp,404 Client Error: Not Found for url: https://autopart.tn/pieces/30/F%2000V%20C60%20650_1.webp
41889,https://autopart.tn/pieces/30/F%2000V%20C60%20638_1.webp,404 Client Error: Not Found for url: https://autopart.tn/pieces/30/F%2000V%20C60%20638_1.webp
42054,https://autopart.tn/pieces/30/2%20430%20102%20368_1.webp,404 Client Error: Not Found for url: https://autopart.tn/pieces/30/2%20430%20102%20368_1.webp
41988,https://autopart.tn/pieces/30/2%20430%20101%20515_1.webp,404 Client Error: Not Found for url: https://autopart.tn/pieces/30/2%20430%20101%20515_1.webp
42075,https://autopart.tn/pieces/30/2%20430%20102%20348_1.webp,404 Client Error: Not Found for url: https://autopart.tn/pieces/30/2%20430%20102%20348_1.webp
42061,https://autopart.tn/pieces/30/2%20430%20102%20328_1.webp,404 Client Error: Not Found for url: https://autopart.tn/pieces/30/2%20430%20102%20328_1.webp
42081,https://autopart.tn/pieces/30/F%2000Z%20C99%20080_1.webp,404 Client Error: Not Found for url: https://autopart.tn/pieces/30/F%2000Z%20C99%20080_1.webp
42082,https://autopart.tn/pieces/30/F%2000V%20C60%20632_1.webp,404 Client Error: Not Found for url: https://autopart.tn/pieces/30/F%2000V%20C60%20632_1.webp
42102,https://autopart.tn/pieces/30/2%20420%20101%20060_1.webp,404 Client Error: Not Found for url: https://autopart.tn/pieces/30/2%20420%20101%20060_1.webp
42083,https://autopart.tn/pieces/30/F%2000V%20C60%20614_1.webp,404 Client Error: Not Found for url: https://autopart.tn/pieces/30/F%2000V%20C60%20614_1.webp
42098,https://autopart.tn/pieces/30/2%20420%20101%20061_1.webp,404 Client Error: Not Found for url: https://autopart.tn/pieces/30/2%20420%20101%20061_1.webp
65029,https://autopart.tn/pieces/185/1251004_1.webp,404 Client Error: Not Found for url: https://autopart.tn/pieces/185/1251004_1.webp
65034,https://autopart.tn/pieces/185/1251010_1.webp,404 Client Error: Not Found for url: https://autopart.tn/pieces/185/1251010_1.webp
65032,https://autopart.tn/pieces/185/1251008_1.webp,404 Client Error: Not Found for url: https://autopart.tn/pieces/185/1251008_1.webp
65033,https://autopart.tn/pieces/185/1251009_1.webp,404 Client Error: Not Found for url: https://autopart.tn/pieces/185/1251009_1.webp
65037,https://autopart.tn/pieces/185/1251014_1.webp,404 Client Error: Not Found for url: https://autopart.tn/pieces/185/1251014_1.webp
65042,https://autopart.tn/pieces/185/1251021_1.webp,404 Client Error: Not Found for url: https://autopart.tn/pieces/185/1251021_1.webp
65051,https://autopart.tn/pieces/185/1251031_1.webp,404 Client Error: Not Found for url: https://autopart.tn/pieces/185/1251031_1.webp
65052,https://autopart.tn/pieces/185/1251032_1.webp,404 Client Error: Not Found for url: https://autopart.tn/pieces/185/1251032_1.webp
65050,https://autopart.tn/pieces/185/1251030_1.webp,404 Client Error: Not Found for url: https://autopart.tn/pieces/185/1251030_1.webp
65060,https://autopart.tn/pieces/185/1251041_1.webp,404 Client Error: Not Found for url: https://autopart.tn/pieces/185/1251041_1.webp
65061,https://autopart.tn/pieces/185/1251042_1.webp,404 Client Error: Not Found for url: https://autopart.tn/pieces/185/1251042_1.webp
65068,https://autopart.tn/pieces/185/1251054_1.webp,404 Client Error: Not Found for url: https://autopart.tn/pieces/185/1251054_1.webp
65070,https://autopart.tn/pieces/185/1251056_1.webp,404 Client Error: Not Found for url: https://autopart.tn/pieces/185/1251056_1.webp
65077,https://autopart.tn/pieces/185/1251064_1.webp,404 Client Error: Not Found for url: https://autopart.tn/pieces/185/1251064_1.webp
65078,https://autopart.tn/pieces/185/1251066_1.webp,404 Client Error: Not Found for url: https://autopart.tn/pieces/185/1251066_1.webp
65082,https://autopart.tn/pieces/185/1251070_1.webp,404 Client Error: Not Found for url: https://autopart.tn/pieces/185/1251070_1.webp
65084,https://autopart.tn/pieces/185/1251073_1.webp,404 Client Error: Not Found for url: https://autopart.tn/pieces/185/1251073_1.webp
66796,https://autopart.tn/pieces/185/1251012_1.webp,404 Client Error: Not Found for url: https://autopart.tn/pieces/185/1251012_1.webp
66803,https://autopart.tn/pieces/185/1251077_1.webp,404 Client Error: Not Found for url: https://autopart.tn/pieces/185/1251077_1.webp
66804,https://autopart.tn/pieces/185/1251079_1.webp,404 Client Error: Not Found for url: https://autopart.tn/pieces/185/1251079_1.webp
83144,https://autopart.tn/pieces/6752/BF0320250009_1.webp,404 Client Error: Not Found for url: https://autopart.tn/pieces/6752/BF0320250009_1.webp
90086,https://autopart.tn/pieces/10038/71741017_1.webp,404 Client Error: Not Found for url: https://autopart.tn/pieces/10038/71741017_1.webp
41890,https://autopart.tn/pieces/30/F%2000V%20C60%20622_1.webp,404 Client Error: Not Found for url: https://autopart.tn/pieces/30/F%2000V%20C60%20622_1.webp
42029,https://autopart.tn/pieces/30/F%2000V%20C10%20666_1.webp,404 Client Error: Not Found for url: https://autopart.tn/pieces/30/F%2000V%20C10%20666_1.webp
42059,https://autopart.tn/pieces/30/2%20430%20102%20380_1.webp,404 Client Error: Not Found for url: https://autopart.tn/pieces/30/2%20430%20102%20380_1.webp
42060,https://autopart.tn/pieces/30/2%20430%20102%20344_1.webp,404 Client Error: Not Found for url: https://autopart.tn/pieces/30/2%20430%20102%20344_1.webp
42062,https://autopart.tn/pieces/30/2%20430%20102%20364_1.webp,404 Client Error: Not Found for url: https://autopart.tn/pieces/30/2%20430%20102%20364_1.webp
42077,https://autopart.tn/pieces/30/1%20460%20101%20620_1.webp,404 Client Error: Not Found for url: https://autopart.tn/pieces/30/1%20460%20101%20620_1.webp
42079,https://autopart.tn/pieces/30/F%2000Z%20C99%20104_1.webp,404 Client Error: Not Found for url: https://autopart.tn/pieces/30/F%2000Z%20C99%20104_1.webp
65031,https://autopart.tn/pieces/185/1251007_1.webp,404 Client Error: Not Found for url: https://autopart.tn/pieces/185/1251007_1.webp
65039,https://autopart.tn/pieces/185/1251016_1.webp,404 Client Error: Not Found for url: https://autopart.tn/pieces/185/1251016_1.webp
65041,https://autopart.tn/pieces/185/1251020_1.webp,404 Client Error: Not Found for url: https://autopart.tn/pieces/185/1251020_1.webp
65044,https://autopart.tn/pieces/185/1251023_1.webp,404 Client Error: Not Found for url: https://autopart.tn/pieces/185/1251023_1.webp
65045,https://autopart.tn/pieces/185/1251025_1.webp,404 Client Error: Not Found for url: https://autopart.tn/pieces/185/1251025_1.webp
65048,https://autopart.tn/pieces/185/1251028_1.webp,404 Client Error: Not Found for url: https://autopart.tn/pieces/185/1251028_1.webp
65046,https://autopart.tn/pieces/185/1251026_1.webp,404 Client Error: Not Found for url: https://autopart.tn/pieces/185/1251026_1.webp
65054,https://autopart.tn/pieces/185/1251034_1.webp,404 Client Error: Not Found for url: https://autopart.tn/pieces/185/1251034_1.webp
65055,https://autopart.tn/pieces/185/1251035_1.webp,404 Client Error: Not Found for url: https://autopart.tn/pieces/185/1251035_1.webp
65058,https://autopart.tn/pieces/185/1251039_1.webp,404 Client Error: Not Found for url: https://autopart.tn/pieces/185/1251039_1.webp
65072,https://autopart.tn/pieces/185/1251059_1.webp,404 Client Error: Not Found for url: https://autopart.tn/pieces/185/1251059_1.webp
65080,https://autopart.tn/pieces/185/1251068_1.webp,404 Client Error: Not Found for url: https://autopart.tn/pieces/185/1251068_1.webp
65079,https://autopart.tn/pieces/185/1251067_1.webp,404 Client Error: Not Found for url: https://autopart.tn/pieces/185/1251067_1.webp
65081,https://autopart.tn/pieces/185/1251069_1.webp,404 Client Error: Not Found for url: https://autopart.tn/pieces/185/1251069_1.webp
66801,https://autopart.tn/pieces/185/1251072_1.webp,404 Client Error: Not Found for url: https://autopart.tn/pieces/185/1251072_1.webp
67587,https://autopart.tn/pieces/185/1251024_1.webp,404 Client Error: Not Found for url: https://autopart.tn/pieces/185/1251024_1.webp
82789,https://autopart.tn/pieces/6752/BF0321360043_1.webp,404 Client Error: Not Found for url: https://autopart.tn/pieces/6752/BF0321360043_1.webp
89738,https://autopart.tn/pieces/6752/BF0320250011_1.webp,404 Client Error: Not Found for url: https://autopart.tn/pieces/6752/BF0320250011_1.webp
73486,https://autopart.tn/pieces/6752/BF0530470004_1.webp,404 Client Error: Not Found for url: https://autopart.tn/pieces/6752/BF0530470004_1.webp
41834,https://autopart.tn/pieces/30/2%20430%20102%20360_1.webp,404 Client Error: Not Found for url: https://autopart.tn/pieces/30/2%20430%20102%20360_1.webp
41835,https://autopart.tn/pieces/30/2%20430%20102%20376_1.webp,404 Client Error: Not Found for url: https://autopart.tn/pieces/30/2%20430%20102%20376_1.webp
41881,https://autopart.tn/pieces/30/F%2000V%20C60%20582_1.webp,404 Client Error: Not Found for url: https://autopart.tn/pieces/30/F%2000V%20C60%20582_1.webp
41895,https://autopart.tn/pieces/30/F%2000V%20C60%20646_1.webp,404 Client Error: Not Found for url: https://autopart.tn/pieces/30/F%2000V%20C60%20646_1.webp
41900,https://autopart.tn/pieces/30/F%2000Z%20C99%20090_1.webp,404 Client Error: Not Found for url: https://autopart.tn/pieces/30/F%2000Z%20C99%20090_1.webp
42058,https://autopart.tn/pieces/30/2%20430%20102%20314_1.webp,404 Client Error: Not Found for url: https://autopart.tn/pieces/30/2%20430%20102%20314_1.webp
42063,https://autopart.tn/pieces/30/2%20430%20102%20322_1.webp,404 Client Error: Not Found for url: https://autopart.tn/pieces/30/2%20430%20102%20322_1.webp
42078,https://autopart.tn/pieces/30/F%2000Z%20C99%20072_1.webp,404 Client Error: Not Found for url: https://autopart.tn/pieces/30/F%2000Z%20C99%20072_1.webp
51148,https://autopart.tn/pieces/30/2%20430%20100%20545_1.webp,404 Client Error: Not Found for url: https://autopart.tn/pieces/30/2%20430%20100%20545_1.webp
65056,https://autopart.tn/pieces/185/1251036_1.webp,404 Client Error: Not Found for url: https://autopart.tn/pieces/185/1251036_1.webp
65040,https://autopart.tn/pieces/185/1251019_1.webp,404 Client Error: Not Found for url: https://autopart.tn/pieces/185/1251019_1.webp
65053,https://autopart.tn/pieces/185/1251033_1.webp,404 Client Error: Not Found for url: https://autopart.tn/pieces/185/1251033_1.webp
65059,https://autopart.tn/pieces/185/1251040_1.webp,404 Client Error: Not Found for url: https://autopart.tn/pieces/185/1251040_1.webp
65065,https://autopart.tn/pieces/185/1251047_1.webp,404 Client Error: Not Found for url: https://autopart.tn/pieces/185/1251047_1.webp
65063,https://autopart.tn/pieces/185/1251045_1.webp,404 Client Error: Not Found for url: https://autopart.tn/pieces/185/1251045_1.webp
65069,https://autopart.tn/pieces/185/1251055_1.webp,404 Client Error: Not Found for url: https://autopart.tn/pieces/185/1251055_1.webp
65071,https://autopart.tn/pieces/185/1251057_1.webp,404 Client Error: Not Found for url: https://autopart.tn/pieces/185/1251057_1.webp
65073,https://autopart.tn/pieces/185/1251060_1.webp,404 Client Error: Not Found for url: https://autopart.tn/pieces/185/1251060_1.webp
65076,https://autopart.tn/pieces/185/1251063_1.webp,404 Client Error: Not Found for url: https://autopart.tn/pieces/185/1251063_1.webp
65074,https://autopart.tn/pieces/185/1251061_1.webp,404 Client Error: Not Found for url: https://autopart.tn/pieces/185/1251061_1.webp
65085,https://autopart.tn/pieces/185/1251075_1.webp,404 Client Error: Not Found for url: https://autopart.tn/pieces/185/1251075_1.webp
66798,https://autopart.tn/pieces/185/1251051_1.webp,404 Client Error: Not Found for url: https://autopart.tn/pieces/185/1251051_1.webp
66800,https://autopart.tn/pieces/185/1251065_1.webp,404 Client Error: Not Found for url: https://autopart.tn/pieces/185/1251065_1.webp
66802,https://autopart.tn/pieces/185/1251076_1.webp,404 Client Error: Not Found for url: https://autopart.tn/pieces/185/1251076_1.webp
67588,https://autopart.tn/pieces/185/1251080_1.webp,404 Client Error: Not Found for url: https://autopart.tn/pieces/185/1251080_1.webp
79049,https://autopart.tn/pieces/6752/BF0320330072_1.webp,404 Client Error: Not Found for url: https://autopart.tn/pieces/6752/BF0320330072_1.webp
41896,https://autopart.tn/pieces/30/F%2000V%20C60%20606_1.webp,404 Client Error: Not Found for url: https://autopart.tn/pieces/30/F%2000V%20C60%20606_1.webp
65028,https://autopart.tn/pieces/185/1251001_1.webp,404 Client Error: Not Found for url: https://autopart.tn/pieces/185/1251001_1.webp
65036,https://autopart.tn/pieces/185/1251013_1.webp,404 Client Error: Not Found for url: https://autopart.tn/pieces/185/1251013_1.webp
65057,https://autopart.tn/pieces/185/1251038_1.webp,404 Client Error: Not Found for url: https://autopart.tn/pieces/185/1251038_1.webp
65075,https://autopart.tn/pieces/185/1251062_1.webp,404 Client Error: Not Found for url: https://autopart.tn/pieces/185/1251062_1.webp
66794,https://autopart.tn/pieces/185/1251002_1.webp,404 Client Error: Not Found for url: https://autopart.tn/pieces/185/1251002_1.webp
66799,https://autopart.tn/pieces/185/1251058_1.webp,404 Client Error: Not Found for url: https://autopart.tn/pieces/185/1251058_1.webp
67586,https://autopart.tn/pieces/185/1251006_1.webp,404 Client Error: Not Found for url: https://autopart.tn/pieces/185/1251006_1.webp
27628,https://autopart.tn/pieces/21/506022_1.webp,404 Client Error: Not Found for url: https://autopart.tn/pieces/21/506022_1.webp
27664,https://autopart.tn/pieces/21/506886_1.webp,404 Client Error: Not Found for url: https://autopart.tn/pieces/21/506886_1.webp
27647,https://autopart.tn/pieces/21/506655_1.webp,404 Client Error: Not Found for url: https://autopart.tn/pieces/21/506655_1.webp
27701,https://autopart.tn/pieces/21/529216_1.webp,404 Client Error: Not Found for url: https://autopart.tn/pieces/21/529216_1.webp
44664,https://autopart.tn/pieces/21/506082_1.webp,404 Client Error: Not Found for url: https://autopart.tn/pieces/21/506082_1.webp
27670,https://autopart.tn/pieces/21/506974_1.webp,404 Client Error: Not Found for url: https://autopart.tn/pieces/21/506974_1.webp
27672,https://autopart.tn/pieces/21/506993_1.webp,404 Client Error: Not Found for url: https://autopart.tn/pieces/21/506993_1.webp
55272,https://autopart.tn/pieces/21/529212_1.webp,404 Client Error: Not Found for url: https://autopart.tn/pieces/21/529212_1.webp
63964,https://autopart.tn/pieces/6752/BF0426350097_1.webp,404 Client Error: Not Found for url: https://autopart.tn/pieces/6752/BF0426350097_1.webp
57120,https://autopart.tn/pieces/185/T0316_1.webp,404 Client Error: Not Found for url: https://autopart.tn/pieces/185/T0316_1.webp
63971,https://autopart.tn/pieces/6752/BF0426350222_1.webp,404 Client Error: Not Found for url: https://autopart.tn/pieces/6752/BF0426350222_1.webp
27671,https://autopart.tn/pieces/21/506983_1.webp,404 Client Error: Not Found for url: https://autopart.tn/pieces/21/506983_1.webp
82939,https://autopart.tn/pieces/6752/BF0426350187_1.webp,404 Client Error: Not Found for url: https://autopart.tn/pieces/6752/BF0426350187_1.webp
90045,https://autopart.tn/pieces/121/24-0823_1.webp,404 Client Error: Not Found for url: https://autopart.tn/pieces/121/24-0823_1.webp
76464,https://autopart.tn/pieces/6752/BF0216100024_1.webp,404 Client Error: Not Found for url: https://autopart.tn/pieces/6752/BF0216100024_1.webp
79167,https://autopart.tn/pieces/6752/BF0115290013_1.webp,404 Client Error: Not Found for url: https://autopart.tn/pieces/6752/BF0115290013_1.webp
74177,https://autopart.tn/pieces/6752/TOPT2305003_1.webp,404 Client Error: Not Found for url: https://autopart.tn/pieces/6752/TOPT2305003_1.webp
88792,https://autopart.tn/pieces/209/08.19.175_1.webp,404 Client Error: Not Found for url: https://autopart.tn/pieces/209/08.19.175_1.webp
81827,https://autopart.tn/pieces/6752/BF0319770004_1.webp,404 Client Error: Not Found for url: https://autopart.tn/pieces/6752/BF0319770004_1.webp
85830,https://autopart.tn/pieces/6752/BF0423220017_1.webp,404 Client Error: Not Found for url: https://autopart.tn/pieces/6752/BF0423220017_1.webp
83519,https://autopart.tn/pieces/6752/BF0318770001_1.webp,404 Client Error: Not Found for url: https://autopart.tn/pieces/6752/BF0318770001_1.webp
76646,https://autopart.tn/pieces/6752/BF0426350068_1.webp,404 Client Error: Not Found for url: https://autopart.tn/pieces/6752/BF0426350068_1.webp
77392,https://autopart.tn/pieces/201/KW-1632_1.webp,404 Client Error: Not Found for url: https://autopart.tn/pieces/201/KW-1632_1.webp
83238,https://autopart.tn/pieces/6752/BF0426350362_1.webp,404 Client Error: Not Found for url: https://autopart.tn/pieces/6752/BF0426350362_1.webp
83193,https://autopart.tn/pieces/6752/BF0423220009_1.webp,404 Client Error: Not Found for url: https://autopart.tn/pieces/6752/BF0423220009_1.webp
76649,https://autopart.tn/pieces/6752/BF0426350160_1.webp,404 Client Error: Not Found for url: https://autopart.tn/pieces/6752/BF0426350160_1.webp
78972,https://autopart.tn/pieces/6752/EF0426350013_1.webp,404 Client Error: Not Found for url: https://autopart.tn/pieces/6752/EF0426350013_1.webp
83239,https://autopart.tn/pieces/6752/BF0426350391_1.webp,404 Client Error: Not Found for url: https://autopart.tn/pieces/6752/BF0426350391_1.webp
83190,https://autopart.tn/pieces/6752/BF0423220005_1.webp,404 Client Error: Not Found for url: https://autopart.tn/pieces/6752/BF0423220005_1.webp
83192,https://autopart.tn/pieces/6752/BF0423220006_1.webp,404 Client Error: Not Found for url: https://autopart.tn/pieces/6752/BF0423220006_1.webp
53309,https://autopart.tn/pieces/6358/1334A0046_1.webp,404 Client Error: Not Found for url: https://autopart.tn/pieces/6358/1334A0046_1.webp
88799,https://autopart.tn/pieces/301/114%20718_1.webp,404 Client Error: Not Found for url: https://autopart.tn/pieces/301/114%20718_1.webp
82948,https://autopart.tn/pieces/6752/ATPP1115123003_1.webp,404 Client Error: Not Found for url: https://autopart.tn/pieces/6752/ATPP1115123003_1.webp
79166,https://autopart.tn/pieces/6752/BF0114670014_1.webp,404 Client Error: Not Found for url: https://autopart.tn/pieces/6752/BF0114670014_1.webp
76757,https://autopart.tn/pieces/6752/EF0734000009_1.webp,404 Client Error: Not Found for url: https://autopart.tn/pieces/6752/EF0734000009_1.webp
50061,https://autopart.tn/pieces/6358/1361D0079_1.webp,404 Client Error: Not Found for url: https://autopart.tn/pieces/6358/1361D0079_1.webp
63780,https://autopart.tn/pieces/6752/BF0111740074_1.webp,404 Client Error: Not Found for url: https://autopart.tn/pieces/6752/BF0111740074_1.webp
76370,https://autopart.tn/pieces/6752/BF0111740122_1.webp,404 Client Error: Not Found for url: https://autopart.tn/pieces/6752/BF0111740122_1.webp
76462,https://autopart.tn/pieces/6752/BF0139250065_1.webp,404 Client Error: Not Found for url: https://autopart.tn/pieces/6752/BF0139250065_1.webp
83054,https://autopart.tn/pieces/6752/BF0111740040_1.webp,404 Client Error: Not Found for url: https://autopart.tn/pieces/6752/BF0111740040_1.webp
83079,https://autopart.tn/pieces/6752/BF0112970014_1.webp,404 Client Error: Not Found for url: https://autopart.tn/pieces/6752/BF0112970014_1.webp
87040,https://autopart.tn/pieces/301/110552_1.webp,404 Client Error: Not Found for url: https://autopart.tn/pieces/301/110552_1.webp
87052,https://autopart.tn/pieces/234/660184_1.webp,404 Client Error: Not Found for url: https://autopart.tn/pieces/234/660184_1.webp
76421,https://autopart.tn/pieces/6752/BF0113690055_1.webp,404 Client Error: Not Found for url: https://autopart.tn/pieces/6752/BF0113690055_1.webp
76422,https://autopart.tn/pieces/6752/BF0113690092_1.webp,404 Client Error: Not Found for url: https://autopart.tn/pieces/6752/BF0113690092_1.webp
76423,https://autopart.tn/pieces/6752/BF0113690112_1.webp,404 Client Error: Not Found for url: https://autopart.tn/pieces/6752/BF0113690112_1.webp
81797,https://autopart.tn/pieces/6752/BF0113690006_1.webp,404 Client Error: Not Found for url: https://autopart.tn/pieces/6752/BF0113690006_1.webp
86068,https://autopart.tn/pieces/6752/EF0318250001_1.webp,404 Client Error: Not Found for url: https://autopart.tn/pieces/6752/EF0318250001_1.webp
87765,https://autopart.tn/pieces/301/304637_1.webp,404 Client Error: Not Found for url: https://autopart.tn/pieces/301/304637_1.webp
90085,https://autopart.tn/pieces/4834/28694_1.webp,404 Client Error: Not Found for url: https://autopart.tn/pieces/4834/28694_1.webp
90282,https://autopart.tn/pieces/4664/05154_1.webp,404 Client Error: Not Found for url: https://autopart.tn/pieces/4664/05154_1.webp
63779,https://autopart.tn/pieces/6752/BF0111740073_1.webp,404 Client Error: Not Found for url: https://autopart.tn/pieces/6752/BF0111740073_1.webp
76461,https://autopart.tn/pieces/6752/BF0139250064_1.webp,404 Client Error: Not Found for url: https://autopart.tn/pieces/6752/BF0139250064_1.webp
83080,https://autopart.tn/pieces/6752/BF0112970016_1.webp,404 Client Error: Not Found for url: https://autopart.tn/pieces/6752/BF0112970016_1.webp
76748,https://autopart.tn/pieces/6752/EF0111740011_1.webp,404 Client Error: Not Found for url: https://autopart.tn/pieces/6752/EF0111740011_1.webp
81736,https://autopart.tn/pieces/6752/BF0111880006_1.webp,404 Client Error: Not Found for url: https://autopart.tn/pieces/6752/BF0111880006_1.webp
35602,https://autopart.tn/pieces/244/76812_1.webp,404 Client Error: Not Found for url: https://autopart.tn/pieces/244/76812_1.webp
82949,https://autopart.tn/pieces/6752/ATPP1115124001_1.webp,404 Client Error: Not Found for url: https://autopart.tn/pieces/6752/ATPP1115124001_1.webp
79165,https://autopart.tn/pieces/6752/BF0114670012_1.webp,404 Client Error: Not Found for url: https://autopart.tn/pieces/6752/BF0114670012_1.webp
63781,https://autopart.tn/pieces/6752/BF0111740080_1.webp,404 Client Error: Not Found for url: https://autopart.tn/pieces/6752/BF0111740080_1.webp
73902,https://autopart.tn/pieces/6752/BF0111740001_1.webp,404 Client Error: Not Found for url: https://autopart.tn/pieces/6752/BF0111740001_1.webp
82887,https://autopart.tn/pieces/6752/BF0436330253_1.webp,404 Client Error: Not Found for url: https://autopart.tn/pieces/6752/BF0436330253_1.webp
83328,https://autopart.tn/pieces/6752/BF0436330322_1.webp,404 Client Error: Not Found for url: https://autopart.tn/pieces/6752/BF0436330322_1.webp
87029,https://autopart.tn/pieces/4379/9%206155%201_1.webp,404 Client Error: Not Found for url: https://autopart.tn/pieces/4379/9%206155%201_1.webp
85527,https://autopart.tn/pieces/6752/BF0436330037_1.webp,404 Client Error: Not Found for url: https://autopart.tn/pieces/6752/BF0436330037_1.webp
78855,https://autopart.tn/pieces/6752/ATPP1317121001_1.webp,404 Client Error: Not Found for url: https://autopart.tn/pieces/6752/ATPP1317121001_1.webp
83086,https://autopart.tn/pieces/6752/BF0113690044_1.webp,404 Client Error: Not Found for url: https://autopart.tn/pieces/6752/BF0113690044_1.webp
69632,https://autopart.tn/pieces/101/193356_1.webp,404 Client Error: Not Found for url: https://autopart.tn/pieces/101/193356_1.webp
74136,https://autopart.tn/pieces/6752/BF0436330177_1.webp,404 Client Error: Not Found for url: https://autopart.tn/pieces/6752/BF0436330177_1.webp
64038,https://autopart.tn/pieces/6752/BF0436330208_1.webp,404 Client Error: Not Found for url: https://autopart.tn/pieces/6752/BF0436330208_1.webp
90097,https://autopart.tn/pieces/161/GS8745_1.webp,404 Client Error: Not Found for url: https://autopart.tn/pieces/161/GS8745_1.webp
76540,https://autopart.tn/pieces/6752/BF0319640003_1.webp,404 Client Error: Not Found for url: https://autopart.tn/pieces/6752/BF0319640003_1.webp
76543,https://autopart.tn/pieces/6752/BF0319660004_1.webp,404 Client Error: Not Found for url: https://autopart.tn/pieces/6752/BF0319660004_1.webp
85598,https://autopart.tn/pieces/6752/BACB12-KIT203_1.webp,404 Client Error: Not Found for url: https://autopart.tn/pieces/6752/BACB12-KIT203_1.webp
89272,https://autopart.tn/pieces/373/514805_1.webp,404 Client Error: Not Found for url: https://autopart.tn/pieces/373/514805_1.webp
51183,https://autopart.tn/pieces/30/F%2000M%20991%20192_1.webp,404 Client Error: Not Found for url: https://autopart.tn/pieces/30/F%2000M%20991%20192_1.webp
73961,https://autopart.tn/pieces/6752/BF0319640032_1.webp,404 Client Error: Not Found for url: https://autopart.tn/pieces/6752/BF0319640032_1.webp
87629,https://autopart.tn/pieces/6752/BF0319640022_1.webp,404 Client Error: Not Found for url: https://autopart.tn/pieces/6752/BF0319640022_1.webp
85706,https://autopart.tn/pieces/6752/BF0319640027_1.webp,404 Client Error: Not Found for url: https://autopart.tn/pieces/6752/BF0319640027_1.webp
89727,https://autopart.tn/pieces/6752/BF0319660001_1.webp,404 Client Error: Not Found for url: https://autopart.tn/pieces/6752/BF0319660001_1.webp
89608,https://autopart.tn/pieces/6752/BF0216230175_1.webp,404 Client Error: Not Found for url: https://autopart.tn/pieces/6752/BF0216230175_1.webp
85663,https://autopart.tn/pieces/6752/BF0216230193_1.webp,404 Client Error: Not Found for url: https://autopart.tn/pieces/6752/BF0216230193_1.webp
41836,https://autopart.tn/pieces/30/2%20003%20429%20058_1.webp,404 Client Error: Not Found for url: https://autopart.tn/pieces/30/2%20003%20429%20058_1.webp
89610,https://autopart.tn/pieces/6752/BF0216230212_1.webp,404 Client Error: Not Found for url: https://autopart.tn/pieces/6752/BF0216230212_1.webp
75183,https://autopart.tn/pieces/21/588426_1.webp,404 Client Error: Not Found for url: https://autopart.tn/pieces/21/588426_1.webp
82772,https://autopart.tn/pieces/6752/BF0427230072_1.webp,404 Client Error: Not Found for url: https://autopart.tn/pieces/6752/BF0427230072_1.webp
78893,https://autopart.tn/pieces/6752/BF0321190005_1.webp,404 Client Error: Not Found for url: https://autopart.tn/pieces/6752/BF0321190005_1.webp
41905,https://autopart.tn/pieces/30/2%20911%20062%20196_1.webp,404 Client Error: Not Found for url: https://autopart.tn/pieces/30/2%20911%20062%20196_1.webp
41998,https://autopart.tn/pieces/30/F%20002%20D12%20534_1.webp,404 Client Error: Not Found for url: https://autopart.tn/pieces/30/F%20002%20D12%20534_1.webp
76410,https://autopart.tn/pieces/6752/BF0112410001_1.webp,404 Client Error: Not Found for url: https://autopart.tn/pieces/6752/BF0112410001_1.webp
27085,https://autopart.tn/pieces/21/101342_1.webp,404 Client Error: Not Found for url: https://autopart.tn/pieces/21/101342_1.webp
27853,https://autopart.tn/pieces/21/592651_1.webp,404 Client Error: Not Found for url: https://autopart.tn/pieces/21/592651_1.webp
27857,https://autopart.tn/pieces/21/592882_1.webp,404 Client Error: Not Found for url: https://autopart.tn/pieces/21/592882_1.webp
41966,https://autopart.tn/pieces/30/1%20127%20319%20104_1.webp,404 Client Error: Not Found for url: https://autopart.tn/pieces/30/1%20127%20319%20104_1.webp
27904,https://autopart.tn/pieces/21/594185_1.webp,404 Client Error: Not Found for url: https://autopart.tn/pieces/21/594185_1.webp
27917,https://autopart.tn/pieces/21/594308_1.webp,404 Client Error: Not Found for url: https://autopart.tn/pieces/21/594308_1.webp
27107,https://autopart.tn/pieces/21/182176_1.webp,404 Client Error: Not Found for url: https://autopart.tn/pieces/21/182176_1.webp
27927,https://autopart.tn/pieces/21/594436_1.webp,404 Client Error: Not Found for url: https://autopart.tn/pieces/21/594436_1.webp
28717,https://autopart.tn/pieces/21/095442_1.webp,404 Client Error: Not Found for url: https://autopart.tn/pieces/21/095442_1.webp
44657,https://autopart.tn/pieces/21/594631_1.webp,404 Client Error: Not Found for url: https://autopart.tn/pieces/21/594631_1.webp
79177,https://autopart.tn/pieces/6752/BF0137240047_1.webp,404 Client Error: Not Found for url: https://autopart.tn/pieces/6752/BF0137240047_1.webp
63813,https://autopart.tn/pieces/6752/BF0115930026_1.webp,404 Client Error: Not Found for url: https://autopart.tn/pieces/6752/BF0115930026_1.webp
63815,https://autopart.tn/pieces/6752/BF0115930068_1.webp,404 Client Error: Not Found for url: https://autopart.tn/pieces/6752/BF0115930068_1.webp
73359,https://autopart.tn/pieces/6752/BF0115970035_1.webp,404 Client Error: Not Found for url: https://autopart.tn/pieces/6752/BF0115970035_1.webp
73568,https://autopart.tn/pieces/6752/ATPP1213136020_1.webp,404 Client Error: Not Found for url: https://autopart.tn/pieces/6752/ATPP1213136020_1.webp
76451,https://autopart.tn/pieces/6752/BF0115940025_1.webp,404 Client Error: Not Found for url: https://autopart.tn/pieces/6752/BF0115940025_1.webp
76448,https://autopart.tn/pieces/6752/BF0115930233_1.webp,404 Client Error: Not Found for url: https://autopart.tn/pieces/6752/BF0115930233_1.webp
79172,https://autopart.tn/pieces/6752/BF0115940010_1.webp,404 Client Error: Not Found for url: https://autopart.tn/pieces/6752/BF0115940010_1.webp
81811,https://autopart.tn/pieces/6752/BF0115930043_1.webp,404 Client Error: Not Found for url: https://autopart.tn/pieces/6752/BF0115930043_1.webp
82999,https://autopart.tn/pieces/6752/BF0115930061_1.webp,404 Client Error: Not Found for url: https://autopart.tn/pieces/6752/BF0115930061_1.webp
89602,https://autopart.tn/pieces/6752/BF0115930174_1.webp,404 Client Error: Not Found for url: https://autopart.tn/pieces/6752/BF0115930174_1.webp
83001,https://autopart.tn/pieces/6752/BF0115930063_1.webp,404 Client Error: Not Found for url: https://autopart.tn/pieces/6752/BF0115930063_1.webp
78926,https://autopart.tn/pieces/6752/BF0319640033_1.webp,404 Client Error: Not Found for url: https://autopart.tn/pieces/6752/BF0319640033_1.webp
82908,https://autopart.tn/pieces/6752/BK0319660001_1.webp,404 Client Error: Not Found for url: https://autopart.tn/pieces/6752/BK0319660001_1.webp
81828,https://autopart.tn/pieces/6752/BF0319640046_1.webp,404 Client Error: Not Found for url: https://autopart.tn/pieces/6752/BF0319640046_1.webp
87236,https://autopart.tn/pieces/405/200823_1.webp,404 Client Error: Not Found for url: https://autopart.tn/pieces/405/200823_1.webp
90098,https://autopart.tn/pieces/5349/B3512140_1.webp,404 Client Error: Not Found for url: https://autopart.tn/pieces/5349/B3512140_1.webp
76799,https://autopart.tn/pieces/6752/BF0319600017_1.webp,404 Client Error: Not Found for url: https://autopart.tn/pieces/6752/BF0319600017_1.webp
83129,https://autopart.tn/pieces/6752/BF0319600038_1.webp,404 Client Error: Not Found for url: https://autopart.tn/pieces/6752/BF0319600038_1.webp
83096,https://autopart.tn/pieces/6752/BF0216230037_1.webp,404 Client Error: Not Found for url: https://autopart.tn/pieces/6752/BF0216230037_1.webp
73330,https://autopart.tn/pieces/6752/ATPP1314125033_1.webp,404 Client Error: Not Found for url: https://autopart.tn/pieces/6752/ATPP1314125033_1.webp
42031,https://autopart.tn/pieces/30/F%20002%20D13%20576_1.webp,404 Client Error: Not Found for url: https://autopart.tn/pieces/30/F%20002%20D13%20576_1.webp
27854,https://autopart.tn/pieces/21/592749_1.webp,404 Client Error: Not Found for url: https://autopart.tn/pieces/21/592749_1.webp
41669,https://autopart.tn/pieces/30/1%20107%20014%20132_1.webp,404 Client Error: Not Found for url: https://autopart.tn/pieces/30/1%20107%20014%20132_1.webp
27088,https://autopart.tn/pieces/21/106009_1.webp,404 Client Error: Not Found for url: https://autopart.tn/pieces/21/106009_1.webp
27101,https://autopart.tn/pieces/21/182047_1.webp,404 Client Error: Not Found for url: https://autopart.tn/pieces/21/182047_1.webp
27926,https://autopart.tn/pieces/21/594410_1.webp,404 Client Error: Not Found for url: https://autopart.tn/pieces/21/594410_1.webp
27936,https://autopart.tn/pieces/21/594644_1.webp,404 Client Error: Not Found for url: https://autopart.tn/pieces/21/594644_1.webp
27960,https://autopart.tn/pieces/21/595622_1.webp,404 Client Error: Not Found for url: https://autopart.tn/pieces/21/595622_1.webp
27962,https://autopart.tn/pieces/21/595656_1.webp,404 Client Error: Not Found for url: https://autopart.tn/pieces/21/595656_1.webp
27961,https://autopart.tn/pieces/21/595634_1.webp,404 Client Error: Not Found for url: https://autopart.tn/pieces/21/595634_1.webp
28241,https://autopart.tn/pieces/21/073301_1.webp,404 Client Error: Not Found for url: https://autopart.tn/pieces/21/073301_1.webp
88025,https://autopart.tn/pieces/21/127000_1.webp,404 Client Error: Not Found for url: https://autopart.tn/pieces/21/127000_1.webp
63812,https://autopart.tn/pieces/6752/BF0115930024_1.webp,404 Client Error: Not Found for url: https://autopart.tn/pieces/6752/BF0115930024_1.webp
63818,https://autopart.tn/pieces/6752/BF0115930105_1.webp,404 Client Error: Not Found for url: https://autopart.tn/pieces/6752/BF0115930105_1.webp
63814,https://autopart.tn/pieces/6752/BF0115930028_1.webp,404 Client Error: Not Found for url: https://autopart.tn/pieces/6752/BF0115930028_1.webp
63825,https://autopart.tn/pieces/6752/BF0115940015_1.webp,404 Client Error: Not Found for url: https://autopart.tn/pieces/6752/BF0115940015_1.webp
63828,https://autopart.tn/pieces/6752/BF0115970034_1.webp,404 Client Error: Not Found for url: https://autopart.tn/pieces/6752/BF0115970034_1.webp
73563,https://autopart.tn/pieces/6752/ATPP1213135019_1.webp,404 Client Error: Not Found for url: https://autopart.tn/pieces/6752/ATPP1213135019_1.webp
73927,https://autopart.tn/pieces/6752/BF0115940021_1.webp,404 Client Error: Not Found for url: https://autopart.tn/pieces/6752/BF0115940021_1.webp
76450,https://autopart.tn/pieces/6752/BF0115940009_1.webp,404 Client Error: Not Found for url: https://autopart.tn/pieces/6752/BF0115940009_1.webp
78887,https://autopart.tn/pieces/6752/BF0115930160_1.webp,404 Client Error: Not Found for url: https://autopart.tn/pieces/6752/BF0115930160_1.webp
79171,https://autopart.tn/pieces/6752/BF0115930144_1.webp,404 Client Error: Not Found for url: https://autopart.tn/pieces/6752/BF0115930144_1.webp
81739,https://autopart.tn/pieces/6752/BF0115970036_1.webp,404 Client Error: Not Found for url: https://autopart.tn/pieces/6752/BF0115970036_1.webp
81810,https://autopart.tn/pieces/6752/BF0115930042_1.webp,404 Client Error: Not Found for url: https://autopart.tn/pieces/6752/BF0115930042_1.webp
42050,https://autopart.tn/pieces/30/1%20123%20414%20003_1.webp,404 Client Error: Not Found for url: https://autopart.tn/pieces/30/1%20123%20414%20003_1.webp
42089,https://autopart.tn/pieces/30/1%20413%20453%20025_1.webp,404 Client Error: Not Found for url: https://autopart.tn/pieces/30/1%20413%20453%20025_1.webp
73582,https://autopart.tn/pieces/6752/ATPP12KIT056_1.webp,404 Client Error: Not Found for url: https://autopart.tn/pieces/6752/ATPP12KIT056_1.webp
27855,https://autopart.tn/pieces/21/592847_1.webp,404 Client Error: Not Found for url: https://autopart.tn/pieces/21/592847_1.webp
41951,https://autopart.tn/pieces/30/1%20127%20320%20192_1.webp,404 Client Error: Not Found for url: https://autopart.tn/pieces/30/1%20127%20320%20192_1.webp
27924,https://autopart.tn/pieces/21/594382_1.webp,404 Client Error: Not Found for url: https://autopart.tn/pieces/21/594382_1.webp
41761,https://autopart.tn/pieces/30/2%20006%20382%20019_1.webp,404 Client Error: Not Found for url: https://autopart.tn/pieces/30/2%20006%20382%20019_1.webp
63816,https://autopart.tn/pieces/6752/BF0115930069_1.webp,404 Client Error: Not Found for url: https://autopart.tn/pieces/6752/BF0115930069_1.webp
78888,https://autopart.tn/pieces/6752/BF0115930161_1.webp,404 Client Error: Not Found for url: https://autopart.tn/pieces/6752/BF0115930161_1.webp
79170,https://autopart.tn/pieces/6752/BF0115930143_1.webp,404 Client Error: Not Found for url: https://autopart.tn/pieces/6752/BF0115930143_1.webp
81817,https://autopart.tn/pieces/6752/BF0115930285_1.webp,404 Client Error: Not Found for url: https://autopart.tn/pieces/6752/BF0115930285_1.webp
85677,https://autopart.tn/pieces/6752/BF0239900012_1.webp,404 Client Error: Not Found for url: https://autopart.tn/pieces/6752/BF0239900012_1.webp
86686,https://autopart.tn/pieces/341/2103704_1.webp,404 Client Error: Not Found for url: https://autopart.tn/pieces/341/2103704_1.webp
89696,https://autopart.tn/pieces/6752/BF0112850005_1.webp,404 Client Error: Not Found for url: https://autopart.tn/pieces/6752/BF0112850005_1.webp
58246,https://autopart.tn/pieces/30/F%20002%20D16%20017_1.webp,404 Client Error: Not Found for url: https://autopart.tn/pieces/30/F%20002%20D16%20017_1.webp
73499,https://autopart.tn/pieces/6752/EF0424710005_1.webp,404 Client Error: Not Found for url: https://autopart.tn/pieces/6752/EF0424710005_1.webp
73418,https://autopart.tn/pieces/6752/BF0424710059_1.webp,404 Client Error: Not Found for url: https://autopart.tn/pieces/6752/BF0424710059_1.webp
84695,https://autopart.tn/pieces/185/8712013_1.webp,404 Client Error: Not Found for url: https://autopart.tn/pieces/185/8712013_1.webp
28626,https://autopart.tn/pieces/21/850523_1.webp,404 Client Error: Not Found for url: https://autopart.tn/pieces/21/850523_1.webp
28628,https://autopart.tn/pieces/21/851307_1.webp,404 Client Error: Not Found for url: https://autopart.tn/pieces/21/851307_1.webp
83306,https://autopart.tn/pieces/6752/BF0427310029_1.webp,404 Client Error: Not Found for url: https://autopart.tn/pieces/6752/BF0427310029_1.webp
80324,https://autopart.tn/pieces/6752/BF0427330171_1.webp,404 Client Error: Not Found for url: https://autopart.tn/pieces/6752/BF0427330171_1.webp
82832,https://autopart.tn/pieces/6752/BF0424710062_1.webp,404 Client Error: Not Found for url: https://autopart.tn/pieces/6752/BF0424710062_1.webp
84693,https://autopart.tn/pieces/185/8712011_1.webp,404 Client Error: Not Found for url: https://autopart.tn/pieces/185/8712011_1.webp
85676,https://autopart.tn/pieces/6752/BF0239900013_1.webp,404 Client Error: Not Found for url: https://autopart.tn/pieces/6752/BF0239900013_1.webp
50188,https://autopart.tn/pieces/287/227%20AS%2021665%20000_1.webp,404 Client Error: Not Found for url: https://autopart.tn/pieces/287/227%20AS%2021665%20000_1.webp
51806,https://autopart.tn/pieces/4455/BSG%2060-720-248_1.webp,404 Client Error: Not Found for url: https://autopart.tn/pieces/4455/BSG%2060-720-248_1.webp
87673,https://autopart.tn/pieces/6752/BF0424710145_1.webp,404 Client Error: Not Found for url: https://autopart.tn/pieces/6752/BF0424710145_1.webp
87873,https://autopart.tn/pieces/287/061%20AS%2020087%20000_1.webp,404 Client Error: Not Found for url: https://autopart.tn/pieces/287/061%20AS%2020087%20000_1.webp
79086,https://autopart.tn/pieces/6752/BF0427330172_1.webp,404 Client Error: Not Found for url: https://autopart.tn/pieces/6752/BF0427330172_1.webp
86557,https://autopart.tn/pieces/10034/2443203000_K_1.webp,404 Client Error: Not Found for url: https://autopart.tn/pieces/10034/2443203000_K_1.webp
64051,https://autopart.tn/pieces/6752/EF0216820008_1.webp,404 Client Error: Not Found for url: https://autopart.tn/pieces/6752/EF0216820008_1.webp
76506,https://autopart.tn/pieces/6752/BF0216820208_1.webp,404 Client Error: Not Found for url: https://autopart.tn/pieces/6752/BF0216820208_1.webp
76505,https://autopart.tn/pieces/6752/BF0216820195_1.webp,404 Client Error: Not Found for url: https://autopart.tn/pieces/6752/BF0216820195_1.webp
90081,https://autopart.tn/pieces/301/116%20032_1.webp,404 Client Error: Not Found for url: https://autopart.tn/pieces/301/116%20032_1.webp
83102,https://autopart.tn/pieces/6752/BF0216820167_1.webp,404 Client Error: Not Found for url: https://autopart.tn/pieces/6752/BF0216820167_1.webp
83103,https://autopart.tn/pieces/6752/BF0216820189_1.webp,404 Client Error: Not Found for url: https://autopart.tn/pieces/6752/BF0216820189_1.webp
89614,https://autopart.tn/pieces/6752/BF0216820095_1.webp,404 Client Error: Not Found for url: https://autopart.tn/pieces/6752/BF0216820095_1.webp
66834,https://autopart.tn/pieces/185/209320_1.webp,404 Client Error: Not Found for url: https://autopart.tn/pieces/185/209320_1.webp
66835,https://autopart.tn/pieces/185/209337_1.webp,404 Client Error: Not Found for url: https://autopart.tn/pieces/185/209337_1.webp
66830,https://autopart.tn/pieces/185/209139_1.webp,404 Client Error: Not Found for url: https://autopart.tn/pieces/185/209139_1.webp
66831,https://autopart.tn/pieces/185/209151_1.webp,404 Client Error: Not Found for url: https://autopart.tn/pieces/185/209151_1.webp
87874,https://autopart.tn/pieces/287/037%20FX%2031921%20000_1.webp,404 Client Error: Not Found for url: https://autopart.tn/pieces/287/037%20FX%2031921%20000_1.webp
73372,https://autopart.tn/pieces/6752/BF0216820058_1.webp,404 Client Error: Not Found for url: https://autopart.tn/pieces/6752/BF0216820058_1.webp
63851,https://autopart.tn/pieces/6752/BF0216820183_1.webp,404 Client Error: Not Found for url: https://autopart.tn/pieces/6752/BF0216820183_1.webp
76498,https://autopart.tn/pieces/6752/BF0216820103_1.webp,404 Client Error: Not Found for url: https://autopart.tn/pieces/6752/BF0216820103_1.webp
85668,https://autopart.tn/pieces/6752/BF0216820202_1.webp,404 Client Error: Not Found for url: https://autopart.tn/pieces/6752/BF0216820202_1.webp
76504,https://autopart.tn/pieces/6752/BF0216820194_1.webp,404 Client Error: Not Found for url: https://autopart.tn/pieces/6752/BF0216820194_1.webp
79272,https://autopart.tn/pieces/6752/BF0216820238_1.webp,404 Client Error: Not Found for url: https://autopart.tn/pieces/6752/BF0216820238_1.webp
76501,https://autopart.tn/pieces/6752/BF0216820171_1.webp,404 Client Error: Not Found for url: https://autopart.tn/pieces/6752/BF0216820171_1.webp
65487,https://autopart.tn/pieces/185/CP0009_1.webp,404 Client Error: Not Found for url: https://autopart.tn/pieces/185/CP0009_1.webp
65486,https://autopart.tn/pieces/185/CP0007_1.webp,404 Client Error: Not Found for url: https://autopart.tn/pieces/185/CP0007_1.webp
65490,https://autopart.tn/pieces/185/CP0029_1.webp,404 Client Error: Not Found for url: https://autopart.tn/pieces/185/CP0029_1.webp
65491,https://autopart.tn/pieces/185/CP0031_1.webp,404 Client Error: Not Found for url: https://autopart.tn/pieces/185/CP0031_1.webp
65494,https://autopart.tn/pieces/185/CP0045_1.webp,404 Client Error: Not Found for url: https://autopart.tn/pieces/185/CP0045_1.webp
65496,https://autopart.tn/pieces/185/CP0058_1.webp,404 Client Error: Not Found for url: https://autopart.tn/pieces/185/CP0058_1.webp
65498,https://autopart.tn/pieces/185/CP0083_1.webp,404 Client Error: Not Found for url: https://autopart.tn/pieces/185/CP0083_1.webp
65501,https://autopart.tn/pieces/185/CP0090_1.webp,404 Client Error: Not Found for url: https://autopart.tn/pieces/185/CP0090_1.webp
65504,https://autopart.tn/pieces/185/CP0113_1.webp,404 Client Error: Not Found for url: https://autopart.tn/pieces/185/CP0113_1.webp
65505,https://autopart.tn/pieces/185/CP0131_1.webp,404 Client Error: Not Found for url: https://autopart.tn/pieces/185/CP0131_1.webp
66654,https://autopart.tn/pieces/185/CP0002_1.webp,404 Client Error: Not Found for url: https://autopart.tn/pieces/185/CP0002_1.webp
66656,https://autopart.tn/pieces/185/CP0022_1.webp,404 Client Error: Not Found for url: https://autopart.tn/pieces/185/CP0022_1.webp
66658,https://autopart.tn/pieces/185/CP0037_1.webp,404 Client Error: Not Found for url: https://autopart.tn/pieces/185/CP0037_1.webp
66660,https://autopart.tn/pieces/185/CP0040_1.webp,404 Client Error: Not Found for url: https://autopart.tn/pieces/185/CP0040_1.webp
66657,https://autopart.tn/pieces/185/CP0035_1.webp,404 Client Error: Not Found for url: https://autopart.tn/pieces/185/CP0035_1.webp
66663,https://autopart.tn/pieces/185/CP0044_1.webp,404 Client Error: Not Found for url: https://autopart.tn/pieces/185/CP0044_1.webp
66669,https://autopart.tn/pieces/185/CP0080_1.webp,404 Client Error: Not Found for url: https://autopart.tn/pieces/185/CP0080_1.webp
66670,https://autopart.tn/pieces/185/CP0082_1.webp,404 Client Error: Not Found for url: https://autopart.tn/pieces/185/CP0082_1.webp
66666,https://autopart.tn/pieces/185/CP0073_1.webp,404 Client Error: Not Found for url: https://autopart.tn/pieces/185/CP0073_1.webp
66677,https://autopart.tn/pieces/185/CP0106_1.webp,404 Client Error: Not Found for url: https://autopart.tn/pieces/185/CP0106_1.webp
66674,https://autopart.tn/pieces/185/CP0095_1.webp,404 Client Error: Not Found for url: https://autopart.tn/pieces/185/CP0095_1.webp
66679,https://autopart.tn/pieces/185/CP0114_1.webp,404 Client Error: Not Found for url: https://autopart.tn/pieces/185/CP0114_1.webp
66686,https://autopart.tn/pieces/185/CP0133_1.webp,404 Client Error: Not Found for url: https://autopart.tn/pieces/185/CP0133_1.webp
66689,https://autopart.tn/pieces/185/CP0154_1.webp,404 Client Error: Not Found for url: https://autopart.tn/pieces/185/CP0154_1.webp
66696,https://autopart.tn/pieces/185/CP0174_1.webp,404 Client Error: Not Found for url: https://autopart.tn/pieces/185/CP0174_1.webp
66695,https://autopart.tn/pieces/185/CP0173_1.webp,404 Client Error: Not Found for url: https://autopart.tn/pieces/185/CP0173_1.webp
66700,https://autopart.tn/pieces/185/CP0220_1.webp,404 Client Error: Not Found for url: https://autopart.tn/pieces/185/CP0220_1.webp
66699,https://autopart.tn/pieces/185/CP0195_1.webp,404 Client Error: Not Found for url: https://autopart.tn/pieces/185/CP0195_1.webp
66703,https://autopart.tn/pieces/185/CP0225_1.webp,404 Client Error: Not Found for url: https://autopart.tn/pieces/185/CP0225_1.webp
66961,https://autopart.tn/pieces/185/CP0012_1.webp,404 Client Error: Not Found for url: https://autopart.tn/pieces/185/CP0012_1.webp
66968,https://autopart.tn/pieces/185/CP0070_1.webp,404 Client Error: Not Found for url: https://autopart.tn/pieces/185/CP0070_1.webp
66702,https://autopart.tn/pieces/185/CP0224_1.webp,404 Client Error: Not Found for url: https://autopart.tn/pieces/185/CP0224_1.webp
66967,https://autopart.tn/pieces/185/CP0069_1.webp,404 Client Error: Not Found for url: https://autopart.tn/pieces/185/CP0069_1.webp
66971,https://autopart.tn/pieces/185/CP0101_1.webp,404 Client Error: Not Found for url: https://autopart.tn/pieces/185/CP0101_1.webp
66970,https://autopart.tn/pieces/185/CP0100_1.webp,404 Client Error: Not Found for url: https://autopart.tn/pieces/185/CP0100_1.webp
66972,https://autopart.tn/pieces/185/CP0102_1.webp,404 Client Error: Not Found for url: https://autopart.tn/pieces/185/CP0102_1.webp
66973,https://autopart.tn/pieces/185/CP0105_1.webp,404 Client Error: Not Found for url: https://autopart.tn/pieces/185/CP0105_1.webp
66969,https://autopart.tn/pieces/185/CP0078_1.webp,404 Client Error: Not Found for url: https://autopart.tn/pieces/185/CP0078_1.webp
66978,https://autopart.tn/pieces/185/CP0141_1.webp,404 Client Error: Not Found for url: https://autopart.tn/pieces/185/CP0141_1.webp
66979,https://autopart.tn/pieces/185/CP0148_1.webp,404 Client Error: Not Found for url: https://autopart.tn/pieces/185/CP0148_1.webp
66984,https://autopart.tn/pieces/185/CP0157_1.webp,404 Client Error: Not Found for url: https://autopart.tn/pieces/185/CP0157_1.webp
66988,https://autopart.tn/pieces/185/CP0163_1.webp,404 Client Error: Not Found for url: https://autopart.tn/pieces/185/CP0163_1.webp
66987,https://autopart.tn/pieces/185/CP0162_1.webp,404 Client Error: Not Found for url: https://autopart.tn/pieces/185/CP0162_1.webp
66989,https://autopart.tn/pieces/185/CP0164_1.webp,404 Client Error: Not Found for url: https://autopart.tn/pieces/185/CP0164_1.webp
66991,https://autopart.tn/pieces/185/CP0168_1.webp,404 Client Error: Not Found for url: https://autopart.tn/pieces/185/CP0168_1.webp
66992,https://autopart.tn/pieces/185/CP0169_1.webp,404 Client Error: Not Found for url: https://autopart.tn/pieces/185/CP0169_1.webp
66993,https://autopart.tn/pieces/185/CP0177_1.webp,404 Client Error: Not Found for url: https://autopart.tn/pieces/185/CP0177_1.webp
66998,https://autopart.tn/pieces/185/CP0183_1.webp,404 Client Error: Not Found for url: https://autopart.tn/pieces/185/CP0183_1.webp
67002,https://autopart.tn/pieces/185/CP0204_1.webp,404 Client Error: Not Found for url: https://autopart.tn/pieces/185/CP0204_1.webp
67000,https://autopart.tn/pieces/185/CP0196_1.webp,404 Client Error: Not Found for url: https://autopart.tn/pieces/185/CP0196_1.webp
67003,https://autopart.tn/pieces/185/CP0206_1.webp,404 Client Error: Not Found for url: https://autopart.tn/pieces/185/CP0206_1.webp
67009,https://autopart.tn/pieces/185/CP0213_1.webp,404 Client Error: Not Found for url: https://autopart.tn/pieces/185/CP0213_1.webp
67012,https://autopart.tn/pieces/185/CP0228_1.webp,404 Client Error: Not Found for url: https://autopart.tn/pieces/185/CP0228_1.webp
86998,https://autopart.tn/pieces/185/CP0094_1.webp,404 Client Error: Not Found for url: https://autopart.tn/pieces/185/CP0094_1.webp
51883,https://autopart.tn/pieces/4455/BSG%2015-910-028_1.webp,404 Client Error: Not Found for url: https://autopart.tn/pieces/4455/BSG%2015-910-028_1.webp
76347,https://autopart.tn/pieces/6752/BF0111090031_1.webp,404 Client Error: Not Found for url: https://autopart.tn/pieces/6752/BF0111090031_1.webp
76349,https://autopart.tn/pieces/6752/BF0111090035_1.webp,404 Client Error: Not Found for url: https://autopart.tn/pieces/6752/BF0111090035_1.webp
76352,https://autopart.tn/pieces/6752/BF0111090038_1.webp,404 Client Error: Not Found for url: https://autopart.tn/pieces/6752/BF0111090038_1.webp
76353,https://autopart.tn/pieces/6752/BF0111090039_1.webp,404 Client Error: Not Found for url: https://autopart.tn/pieces/6752/BF0111090039_1.webp
76351,https://autopart.tn/pieces/6752/BF0111090037_1.webp,404 Client Error: Not Found for url: https://autopart.tn/pieces/6752/BF0111090037_1.webp
76362,https://autopart.tn/pieces/6752/BF0111090073_1.webp,404 Client Error: Not Found for url: https://autopart.tn/pieces/6752/BF0111090073_1.webp
76363,https://autopart.tn/pieces/6752/BF0111090074_1.webp,404 Client Error: Not Found for url: https://autopart.tn/pieces/6752/BF0111090074_1.webp
78861,https://autopart.tn/pieces/6752/BF0111090061_1.webp,404 Client Error: Not Found for url: https://autopart.tn/pieces/6752/BF0111090061_1.webp
79038,https://autopart.tn/pieces/6752/BF0111090080_1.webp,404 Client Error: Not Found for url: https://autopart.tn/pieces/6752/BF0111090080_1.webp
76365,https://autopart.tn/pieces/6752/BF0111090078_1.webp,404 Client Error: Not Found for url: https://autopart.tn/pieces/6752/BF0111090078_1.webp
79158,https://autopart.tn/pieces/6752/BF0111090066_1.webp,404 Client Error: Not Found for url: https://autopart.tn/pieces/6752/BF0111090066_1.webp
65500,https://autopart.tn/pieces/185/CP0086_1.webp,404 Client Error: Not Found for url: https://autopart.tn/pieces/185/CP0086_1.webp
65489,https://autopart.tn/pieces/185/CP0023_1.webp,404 Client Error: Not Found for url: https://autopart.tn/pieces/185/CP0023_1.webp
65509,https://autopart.tn/pieces/185/CP0151_1.webp,404 Client Error: Not Found for url: https://autopart.tn/pieces/185/CP0151_1.webp
66664,https://autopart.tn/pieces/185/CP0047_1.webp,404 Client Error: Not Found for url: https://autopart.tn/pieces/185/CP0047_1.webp
65493,https://autopart.tn/pieces/185/CP0034_1.webp,404 Client Error: Not Found for url: https://autopart.tn/pieces/185/CP0034_1.webp
66665,https://autopart.tn/pieces/185/CP0056_1.webp,404 Client Error: Not Found for url: https://autopart.tn/pieces/185/CP0056_1.webp
66668,https://autopart.tn/pieces/185/CP0076_1.webp,404 Client Error: Not Found for url: https://autopart.tn/pieces/185/CP0076_1.webp
66672,https://autopart.tn/pieces/185/CP0092_1.webp,404 Client Error: Not Found for url: https://autopart.tn/pieces/185/CP0092_1.webp
66676,https://autopart.tn/pieces/185/CP0097_1.webp,404 Client Error: Not Found for url: https://autopart.tn/pieces/185/CP0097_1.webp
66678,https://autopart.tn/pieces/185/CP0109_1.webp,404 Client Error: Not Found for url: https://autopart.tn/pieces/185/CP0109_1.webp
66682,https://autopart.tn/pieces/185/CP0119_1.webp,404 Client Error: Not Found for url: https://autopart.tn/pieces/185/CP0119_1.webp
66684,https://autopart.tn/pieces/185/CP0129_1.webp,404 Client Error: Not Found for url: https://autopart.tn/pieces/185/CP0129_1.webp
66691,https://autopart.tn/pieces/185/CP0161_1.webp,404 Client Error: Not Found for url: https://autopart.tn/pieces/185/CP0161_1.webp
66688,https://autopart.tn/pieces/185/CP0142_1.webp,404 Client Error: Not Found for url: https://autopart.tn/pieces/185/CP0142_1.webp
66693,https://autopart.tn/pieces/185/CP0171_1.webp,404 Client Error: Not Found for url: https://autopart.tn/pieces/185/CP0171_1.webp
66694,https://autopart.tn/pieces/185/CP0172_1.webp,404 Client Error: Not Found for url: https://autopart.tn/pieces/185/CP0172_1.webp
66698,https://autopart.tn/pieces/185/CP0193_1.webp,404 Client Error: Not Found for url: https://autopart.tn/pieces/185/CP0193_1.webp
66960,https://autopart.tn/pieces/185/CP0011_1.webp,404 Client Error: Not Found for url: https://autopart.tn/pieces/185/CP0011_1.webp
66962,https://autopart.tn/pieces/185/CP0025_1.webp,404 Client Error: Not Found for url: https://autopart.tn/pieces/185/CP0025_1.webp
66959,https://autopart.tn/pieces/185/CP0006_1.webp,404 Client Error: Not Found for url: https://autopart.tn/pieces/185/CP0006_1.webp
66701,https://autopart.tn/pieces/185/CP0223_1.webp,404 Client Error: Not Found for url: https://autopart.tn/pieces/185/CP0223_1.webp
66963,https://autopart.tn/pieces/185/CP0030_1.webp,404 Client Error: Not Found for url: https://autopart.tn/pieces/185/CP0030_1.webp
66982,https://autopart.tn/pieces/185/CP0152_1.webp,404 Client Error: Not Found for url: https://autopart.tn/pieces/185/CP0152_1.webp
66980,https://autopart.tn/pieces/185/CP0149_1.webp,404 Client Error: Not Found for url: https://autopart.tn/pieces/185/CP0149_1.webp
66983,https://autopart.tn/pieces/185/CP0155_1.webp,404 Client Error: Not Found for url: https://autopart.tn/pieces/185/CP0155_1.webp
66990,https://autopart.tn/pieces/185/CP0165_1.webp,404 Client Error: Not Found for url: https://autopart.tn/pieces/185/CP0165_1.webp
66994,https://autopart.tn/pieces/185/CP0178_1.webp,404 Client Error: Not Found for url: https://autopart.tn/pieces/185/CP0178_1.webp
67004,https://autopart.tn/pieces/185/CP0207_1.webp,404 Client Error: Not Found for url: https://autopart.tn/pieces/185/CP0207_1.webp
67001,https://autopart.tn/pieces/185/CP0197_1.webp,404 Client Error: Not Found for url: https://autopart.tn/pieces/185/CP0197_1.webp
66999,https://autopart.tn/pieces/185/CP0185_1.webp,404 Client Error: Not Found for url: https://autopart.tn/pieces/185/CP0185_1.webp
67011,https://autopart.tn/pieces/185/CP0221_1.webp,404 Client Error: Not Found for url: https://autopart.tn/pieces/185/CP0221_1.webp
67006,https://autopart.tn/pieces/185/CP0210_1.webp,404 Client Error: Not Found for url: https://autopart.tn/pieces/185/CP0210_1.webp
67010,https://autopart.tn/pieces/185/CP0218_1.webp,404 Client Error: Not Found for url: https://autopart.tn/pieces/185/CP0218_1.webp
67839,https://autopart.tn/pieces/185/CP0184_1.webp,404 Client Error: Not Found for url: https://autopart.tn/pieces/185/CP0184_1.webp
67013,https://autopart.tn/pieces/185/CP0229_1.webp,404 Client Error: Not Found for url: https://autopart.tn/pieces/185/CP0229_1.webp
86996,https://autopart.tn/pieces/185/CP0039_1.webp,404 Client Error: Not Found for url: https://autopart.tn/pieces/185/CP0039_1.webp
86995,https://autopart.tn/pieces/185/CP0071_1.webp,404 Client Error: Not Found for url: https://autopart.tn/pieces/185/CP0071_1.webp
65492,https://autopart.tn/pieces/185/CP0032_1.webp,404 Client Error: Not Found for url: https://autopart.tn/pieces/185/CP0032_1.webp
65495,https://autopart.tn/pieces/185/CP0050_1.webp,404 Client Error: Not Found for url: https://autopart.tn/pieces/185/CP0050_1.webp
65507,https://autopart.tn/pieces/185/CP0135_1.webp,404 Client Error: Not Found for url: https://autopart.tn/pieces/185/CP0135_1.webp
65511,https://autopart.tn/pieces/185/CP0170_1.webp,404 Client Error: Not Found for url: https://autopart.tn/pieces/185/CP0170_1.webp
66659,https://autopart.tn/pieces/185/CP0038_1.webp,404 Client Error: Not Found for url: https://autopart.tn/pieces/185/CP0038_1.webp
66667,https://autopart.tn/pieces/185/CP0074_1.webp,404 Client Error: Not Found for url: https://autopart.tn/pieces/185/CP0074_1.webp
66662,https://autopart.tn/pieces/185/CP0043_1.webp,404 Client Error: Not Found for url: https://autopart.tn/pieces/185/CP0043_1.webp
66685,https://autopart.tn/pieces/185/CP0130_1.webp,404 Client Error: Not Found for url: https://autopart.tn/pieces/185/CP0130_1.webp
66680,https://autopart.tn/pieces/185/CP0115_1.webp,404 Client Error: Not Found for url: https://autopart.tn/pieces/185/CP0115_1.webp
66690,https://autopart.tn/pieces/185/CP0156_1.webp,404 Client Error: Not Found for url: https://autopart.tn/pieces/185/CP0156_1.webp
66697,https://autopart.tn/pieces/185/CP0181_1.webp,404 Client Error: Not Found for url: https://autopart.tn/pieces/185/CP0181_1.webp
66966,https://autopart.tn/pieces/185/CP0068_1.webp,404 Client Error: Not Found for url: https://autopart.tn/pieces/185/CP0068_1.webp
66976,https://autopart.tn/pieces/185/CP0118_1.webp,404 Client Error: Not Found for url: https://autopart.tn/pieces/185/CP0118_1.webp
66986,https://autopart.tn/pieces/185/CP0160_1.webp,404 Client Error: Not Found for url: https://autopart.tn/pieces/185/CP0160_1.webp
67005,https://autopart.tn/pieces/185/CP0208_1.webp,404 Client Error: Not Found for url: https://autopart.tn/pieces/185/CP0208_1.webp
66996,https://autopart.tn/pieces/185/CP0180_1.webp,404 Client Error: Not Found for url: https://autopart.tn/pieces/185/CP0180_1.webp
84799,https://autopart.tn/pieces/185/CP0049_1.webp,404 Client Error: Not Found for url: https://autopart.tn/pieces/185/CP0049_1.webp
86997,https://autopart.tn/pieces/185/CP0099_1.webp,404 Client Error: Not Found for url: https://autopart.tn/pieces/185/CP0099_1.webp
76354,https://autopart.tn/pieces/6752/BF0111090040_1.webp,404 Client Error: Not Found for url: https://autopart.tn/pieces/6752/BF0111090040_1.webp
76357,https://autopart.tn/pieces/6752/BF0111090063_1.webp,404 Client Error: Not Found for url: https://autopart.tn/pieces/6752/BF0111090063_1.webp
83075,https://autopart.tn/pieces/6752/BF0112360199_1.webp,404 Client Error: Not Found for url: https://autopart.tn/pieces/6752/BF0112360199_1.webp
84206,https://autopart.tn/pieces/6752/BF0112360060_1.webp,404 Client Error: Not Found for url: https://autopart.tn/pieces/6752/BF0112360060_1.webp
83076,https://autopart.tn/pieces/6752/BF0112360260_1.webp,404 Client Error: Not Found for url: https://autopart.tn/pieces/6752/BF0112360260_1.webp
83077,https://autopart.tn/pieces/6752/BF0112360417_1.webp,404 Client Error: Not Found for url: https://autopart.tn/pieces/6752/BF0112360417_1.webp
73353,https://autopart.tn/pieces/6752/BF0112580003_1.webp,404 Client Error: Not Found for url: https://autopart.tn/pieces/6752/BF0112580003_1.webp
89879,https://autopart.tn/pieces/134/PE-ES-12655_1.webp,404 Client Error: Not Found for url: https://autopart.tn/pieces/134/PE-ES-12655_1.webp
73620,https://autopart.tn/pieces/6752/BACB12-U24008_1.webp,404 Client Error: Not Found for url: https://autopart.tn/pieces/6752/BACB12-U24008_1.webp
78894,https://autopart.tn/pieces/6752/BF0321470016_1.webp,404 Client Error: Not Found for url: https://autopart.tn/pieces/6752/BF0321470016_1.webp
76565,https://autopart.tn/pieces/6752/BF0321470012_1.webp,404 Client Error: Not Found for url: https://autopart.tn/pieces/6752/BF0321470012_1.webp
41610,https://autopart.tn/pieces/30/F%20002%20D15%20656_1.webp,404 Client Error: Not Found for url: https://autopart.tn/pieces/30/F%20002%20D15%20656_1.webp
84354,https://autopart.tn/pieces/6752/BF0733980006_1.webp,404 Client Error: Not Found for url: https://autopart.tn/pieces/6752/BF0733980006_1.webp
78974,https://autopart.tn/pieces/6752/EF0733980002_1.webp,404 Client Error: Not Found for url: https://autopart.tn/pieces/6752/EF0733980002_1.webp
76358,https://autopart.tn/pieces/6752/BF0111090064_1.webp,404 Client Error: Not Found for url: https://autopart.tn/pieces/6752/BF0111090064_1.webp
76360,https://autopart.tn/pieces/6752/BF0111090067_1.webp,404 Client Error: Not Found for url: https://autopart.tn/pieces/6752/BF0111090067_1.webp
76361,https://autopart.tn/pieces/6752/BF0111090068_1.webp,404 Client Error: Not Found for url: https://autopart.tn/pieces/6752/BF0111090068_1.webp
76366,https://autopart.tn/pieces/6752/BF0111090086_1.webp,404 Client Error: Not Found for url: https://autopart.tn/pieces/6752/BF0111090086_1.webp
79159,https://autopart.tn/pieces/6752/BF0111090069_1.webp,404 Client Error: Not Found for url: https://autopart.tn/pieces/6752/BF0111090069_1.webp
84207,https://autopart.tn/pieces/6752/BF0112360061_1.webp,404 Client Error: Not Found for url: https://autopart.tn/pieces/6752/BF0112360061_1.webp
74148,https://autopart.tn/pieces/6752/BK0319510005_1.webp,404 Client Error: Not Found for url: https://autopart.tn/pieces/6752/BK0319510005_1.webp
76571,https://autopart.tn/pieces/6752/BF0338460002_1.webp,404 Client Error: Not Found for url: https://autopart.tn/pieces/6752/BF0338460002_1.webp
1686,https://autopart.tn/pieces/2/8MV%20376%20733-211_1.webp,404 Client Error: Not Found for url: https://autopart.tn/pieces/2/8MV%20376%20733-211_1.webp
89226,https://autopart.tn/pieces/301/500%20900_1.webp,404 Client Error: Not Found for url: https://autopart.tn/pieces/301/500%20900_1.webp
700,https://autopart.tn/pieces/101/12007_1.webp,404 Client Error: Not Found for url: https://autopart.tn/pieces/101/12007_1.webp
78862,https://autopart.tn/pieces/6752/BF0111090062_1.webp,404 Client Error: Not Found for url: https://autopart.tn/pieces/6752/BF0111090062_1.webp
87730,https://autopart.tn/pieces/6752/BK0319160001_1.webp,404 Client Error: Not Found for url: https://autopart.tn/pieces/6752/BK0319160001_1.webp
79156,https://autopart.tn/pieces/6752/BACB11-KIT091_1.webp,404 Client Error: Not Found for url: https://autopart.tn/pieces/6752/BACB11-KIT091_1.webp
78883,https://autopart.tn/pieces/6752/BF0115710039_1.webp,404 Client Error: Not Found for url: https://autopart.tn/pieces/6752/BF0115710039_1.webp
64063,https://autopart.tn/pieces/6752/EF0426940001_1.webp,404 Client Error: Not Found for url: https://autopart.tn/pieces/6752/EF0426940001_1.webp
41748,https://autopart.tn/pieces/30/2%20004%20336%20220_1.webp,404 Client Error: Not Found for url: https://autopart.tn/pieces/30/2%20004%20336%20220_1.webp
41724,https://autopart.tn/pieces/30/1%20006%20209%20506_1.webp,404 Client Error: Not Found for url: https://autopart.tn/pieces/30/1%20006%20209%20506_1.webp
41799,https://autopart.tn/pieces/30/1%20006%20209%20987_1.webp,404 Client Error: Not Found for url: https://autopart.tn/pieces/30/1%20006%20209%20987_1.webp
44679,https://autopart.tn/pieces/21/594204_1.webp,404 Client Error: Not Found for url: https://autopart.tn/pieces/21/594204_1.webp
41736,https://autopart.tn/pieces/30/2%20004%20015%20102_1.webp,404 Client Error: Not Found for url: https://autopart.tn/pieces/30/2%20004%20015%20102_1.webp
44670,https://autopart.tn/pieces/21/102380_1.webp,404 Client Error: Not Found for url: https://autopart.tn/pieces/21/102380_1.webp
41759,https://autopart.tn/pieces/30/2%20004%20014%20952_1.webp,404 Client Error: Not Found for url: https://autopart.tn/pieces/30/2%20004%20014%20952_1.webp
41695,https://autopart.tn/pieces/30/1%20125%20045%20121_1.webp,404 Client Error: Not Found for url: https://autopart.tn/pieces/30/1%20125%20045%20121_1.webp
41789,https://autopart.tn/pieces/30/1%20125%20045%20090_1.webp,404 Client Error: Not Found for url: https://autopart.tn/pieces/30/1%20125%20045%20090_1.webp
41704,https://autopart.tn/pieces/30/1%20124%20035%20177_1.webp,404 Client Error: Not Found for url: https://autopart.tn/pieces/30/1%20124%20035%20177_1.webp
41709,https://autopart.tn/pieces/30/1%20124%20034%20776_1.webp,404 Client Error: Not Found for url: https://autopart.tn/pieces/30/1%20124%20034%20776_1.webp
41829,https://autopart.tn/pieces/30/1%20124%20034%20750_1.webp,404 Client Error: Not Found for url: https://autopart.tn/pieces/30/1%20124%20034%20750_1.webp
67826,https://autopart.tn/pieces/185/8600177_1.webp,404 Client Error: Not Found for url: https://autopart.tn/pieces/185/8600177_1.webp
27898,https://autopart.tn/pieces/21/594070_1.webp,404 Client Error: Not Found for url: https://autopart.tn/pieces/21/594070_1.webp
27916,https://autopart.tn/pieces/21/594289_1.webp,404 Client Error: Not Found for url: https://autopart.tn/pieces/21/594289_1.webp
41693,https://autopart.tn/pieces/30/2%20417%20010%20008_1.webp,404 Client Error: Not Found for url: https://autopart.tn/pieces/30/2%20417%20010%20008_1.webp
28132,https://autopart.tn/pieces/21/070926_1.webp,404 Client Error: Not Found for url: https://autopart.tn/pieces/21/070926_1.webp
81748,https://autopart.tn/pieces/6752/ATPP1218133019_1.webp,404 Client Error: Not Found for url: https://autopart.tn/pieces/6752/ATPP1218133019_1.webp
7020,https://autopart.tn/pieces/185/9921484_1.webp,404 Client Error: Not Found for url: https://autopart.tn/pieces/185/9921484_1.webp
7072,https://autopart.tn/pieces/185/9957084_1.webp,404 Client Error: Not Found for url: https://autopart.tn/pieces/185/9957084_1.webp
7061,https://autopart.tn/pieces/185/9954085_1.webp,404 Client Error: Not Found for url: https://autopart.tn/pieces/185/9954085_1.webp
7088,https://autopart.tn/pieces/185/9963586_1.webp,404 Client Error: Not Found for url: https://autopart.tn/pieces/185/9963586_1.webp
41600,https://autopart.tn/pieces/30/1%20986%20SE1%20652_1.webp,404 Client Error: Not Found for url: https://autopart.tn/pieces/30/1%20986%20SE1%20652_1.webp
41762,https://autopart.tn/pieces/30/6%20033%20AD4%20001_1.webp,404 Client Error: Not Found for url: https://autopart.tn/pieces/30/6%20033%20AD4%20001_1.webp
41778,https://autopart.tn/pieces/30/1%20006%20209%20554_1.webp,404 Client Error: Not Found for url: https://autopart.tn/pieces/30/1%20006%20209%20554_1.webp
41744,https://autopart.tn/pieces/30/1%20006%20209%20809_1.webp,404 Client Error: Not Found for url: https://autopart.tn/pieces/30/1%20006%20209%20809_1.webp
51197,https://autopart.tn/pieces/30/1%20986%20SE1%20635_1.webp,404 Client Error: Not Found for url: https://autopart.tn/pieces/30/1%20986%20SE1%20635_1.webp
41689,https://autopart.tn/pieces/30/1%20125%20043%20007_1.webp,404 Client Error: Not Found for url: https://autopart.tn/pieces/30/1%20125%20043%20007_1.webp
42040,https://autopart.tn/pieces/30/1%20125%20045%20128_1.webp,404 Client Error: Not Found for url: https://autopart.tn/pieces/30/1%20125%20045%20128_1.webp
41713,https://autopart.tn/pieces/30/1%20124%20034%20777_1.webp,404 Client Error: Not Found for url: https://autopart.tn/pieces/30/1%20124%20034%20777_1.webp
41710,https://autopart.tn/pieces/30/1%20124%20035%20211_1.webp,404 Client Error: Not Found for url: https://autopart.tn/pieces/30/1%20124%20035%20211_1.webp
67821,https://autopart.tn/pieces/185/8600137_1.webp,404 Client Error: Not Found for url: https://autopart.tn/pieces/185/8600137_1.webp
27102,https://autopart.tn/pieces/21/182048_1.webp,404 Client Error: Not Found for url: https://autopart.tn/pieces/21/182048_1.webp
27918,https://autopart.tn/pieces/21/594317_1.webp,404 Client Error: Not Found for url: https://autopart.tn/pieces/21/594317_1.webp
88534,https://autopart.tn/pieces/30/9%20001%20337%20095_1.webp,404 Client Error: Not Found for url: https://autopart.tn/pieces/30/9%20001%20337%20095_1.webp
44671,https://autopart.tn/pieces/21/594076_1.webp,404 Client Error: Not Found for url: https://autopart.tn/pieces/21/594076_1.webp
41687,https://autopart.tn/pieces/30/1%20104%20102%20040_1.webp,404 Client Error: Not Found for url: https://autopart.tn/pieces/30/1%20104%20102%20040_1.webp
82961,https://autopart.tn/pieces/6752/ATPP1318133028_1.webp,404 Client Error: Not Found for url: https://autopart.tn/pieces/6752/ATPP1318133028_1.webp
7004,https://autopart.tn/pieces/185/9919784_1.webp,404 Client Error: Not Found for url: https://autopart.tn/pieces/185/9919784_1.webp
7087,https://autopart.tn/pieces/185/9963582_1.webp,404 Client Error: Not Found for url: https://autopart.tn/pieces/185/9963582_1.webp
7094,https://autopart.tn/pieces/185/9981084_1.webp,404 Client Error: Not Found for url: https://autopart.tn/pieces/185/9981084_1.webp
78884,https://autopart.tn/pieces/6752/BF0115710040_1.webp,404 Client Error: Not Found for url: https://autopart.tn/pieces/6752/BF0115710040_1.webp
87714,https://autopart.tn/pieces/6752/BF0426940041_1.webp,404 Client Error: Not Found for url: https://autopart.tn/pieces/6752/BF0426940041_1.webp
51195,https://autopart.tn/pieces/30/1%20986%20SE1%20591_1.webp,404 Client Error: Not Found for url: https://autopart.tn/pieces/30/1%20986%20SE1%20591_1.webp
41801,https://autopart.tn/pieces/30/6%20033%20AD0%20304_1.webp,404 Client Error: Not Found for url: https://autopart.tn/pieces/30/6%20033%20AD0%20304_1.webp
41804,https://autopart.tn/pieces/30/6%20033%20AD3%20334_1.webp,404 Client Error: Not Found for url: https://autopart.tn/pieces/30/6%20033%20AD3%20334_1.webp
41814,https://autopart.tn/pieces/30/6%20033%20AD1%20002_1.webp,404 Client Error: Not Found for url: https://autopart.tn/pieces/30/6%20033%20AD1%20002_1.webp
41745,https://autopart.tn/pieces/30/F%2000M%20990%20434_1.webp,404 Client Error: Not Found for url: https://autopart.tn/pieces/30/F%2000M%20990%20434_1.webp
41808,https://autopart.tn/pieces/30/1%20004%20011%20214_1.webp,404 Client Error: Not Found for url: https://autopart.tn/pieces/30/1%20004%20011%20214_1.webp
28719,https://autopart.tn/pieces/21/097100_1.webp,404 Client Error: Not Found for url: https://autopart.tn/pieces/21/097100_1.webp
41712,https://autopart.tn/pieces/30/1%20124%20034%20739_1.webp,404 Client Error: Not Found for url: https://autopart.tn/pieces/30/1%20124%20034%20739_1.webp
41652,https://autopart.tn/pieces/30/2%20421%20015%20088_1.webp,404 Client Error: Not Found for url: https://autopart.tn/pieces/30/2%20421%20015%20088_1.webp
88186,https://autopart.tn/pieces/30/2%20411%20015%20049_1.webp,404 Client Error: Not Found for url: https://autopart.tn/pieces/30/2%20411%20015%20049_1.webp
67822,https://autopart.tn/pieces/185/8600153_1.webp,404 Client Error: Not Found for url: https://autopart.tn/pieces/185/8600153_1.webp
67820,https://autopart.tn/pieces/185/8600111_1.webp,404 Client Error: Not Found for url: https://autopart.tn/pieces/185/8600111_1.webp
27929,https://autopart.tn/pieces/21/594447_1.webp,404 Client Error: Not Found for url: https://autopart.tn/pieces/21/594447_1.webp
89913,https://autopart.tn/pieces/5349/C7117114_1.webp,404 Client Error: Not Found for url: https://autopart.tn/pieces/5349/C7117114_1.webp
82960,https://autopart.tn/pieces/6752/ATPP1312151007_1.webp,404 Client Error: Not Found for url: https://autopart.tn/pieces/6752/ATPP1312151007_1.webp
7089,https://autopart.tn/pieces/185/9963587_1.webp,404 Client Error: Not Found for url: https://autopart.tn/pieces/185/9963587_1.webp
51199,https://autopart.tn/pieces/30/F%20032%20137%20277_1.webp,404 Client Error: Not Found for url: https://autopart.tn/pieces/30/F%20032%20137%20277_1.webp
41775,https://autopart.tn/pieces/30/1%20105%20853%20185_1.webp,404 Client Error: Not Found for url: https://autopart.tn/pieces/30/1%20105%20853%20185_1.webp
42021,https://autopart.tn/pieces/30/0%20399%20630%20031_1.webp,404 Client Error: Not Found for url: https://autopart.tn/pieces/30/0%20399%20630%20031_1.webp
58244,https://autopart.tn/pieces/30/F%20032%20136%20037_1.webp,404 Client Error: Not Found for url: https://autopart.tn/pieces/30/F%20032%20136%20037_1.webp
67827,https://autopart.tn/pieces/185/8600245_1.webp,404 Client Error: Not Found for url: https://autopart.tn/pieces/185/8600245_1.webp
67823,https://autopart.tn/pieces/185/8600169_1.webp,404 Client Error: Not Found for url: https://autopart.tn/pieces/185/8600169_1.webp
44668,https://autopart.tn/pieces/21/300760_1.webp,404 Client Error: Not Found for url: https://autopart.tn/pieces/21/300760_1.webp
7110,https://autopart.tn/pieces/185/999983_1.webp,404 Client Error: Not Found for url: https://autopart.tn/pieces/185/999983_1.webp
66957,https://autopart.tn/pieces/185/9040302_1.webp,404 Client Error: Not Found for url: https://autopart.tn/pieces/185/9040302_1.webp
66651,https://autopart.tn/pieces/185/9040304_1.webp,404 Client Error: Not Found for url: https://autopart.tn/pieces/185/9040304_1.webp
73996,https://autopart.tn/pieces/6752/BF0320960054_1.webp,404 Client Error: Not Found for url: https://autopart.tn/pieces/6752/BF0320960054_1.webp
76530,https://autopart.tn/pieces/6752/BF0319320002_1.webp,404 Client Error: Not Found for url: https://autopart.tn/pieces/6752/BF0319320002_1.webp
84889,https://autopart.tn/pieces/185/9040055_1.webp,404 Client Error: Not Found for url: https://autopart.tn/pieces/185/9040055_1.webp
84890,https://autopart.tn/pieces/185/9040176_1.webp,404 Client Error: Not Found for url: https://autopart.tn/pieces/185/9040176_1.webp
88797,https://autopart.tn/pieces/301/202%20422_1.webp,404 Client Error: Not Found for url: https://autopart.tn/pieces/301/202%20422_1.webp
83343,https://autopart.tn/pieces/6752/BK0422440009_1.webp,404 Client Error: Not Found for url: https://autopart.tn/pieces/6752/BK0422440009_1.webp
78970,https://autopart.tn/pieces/6752/BK0422440019_1.webp,404 Client Error: Not Found for url: https://autopart.tn/pieces/6752/BK0422440019_1.webp
67749,https://autopart.tn/pieces/185/7790104_1.webp,404 Client Error: Not Found for url: https://autopart.tn/pieces/185/7790104_1.webp
67748,https://autopart.tn/pieces/185/7790009_1.webp,404 Client Error: Not Found for url: https://autopart.tn/pieces/185/7790009_1.webp
69322,https://autopart.tn/pieces/21/509840_1.webp,404 Client Error: Not Found for url: https://autopart.tn/pieces/21/509840_1.webp
7039,https://autopart.tn/pieces/185/9937879_1.webp,404 Client Error: Not Found for url: https://autopart.tn/pieces/185/9937879_1.webp
81890,https://autopart.tn/pieces/6752/BACB12-480001_1.webp,404 Client Error: Not Found for url: https://autopart.tn/pieces/6752/BACB12-480001_1.webp
84892,https://autopart.tn/pieces/185/9040177_1.webp,404 Client Error: Not Found for url: https://autopart.tn/pieces/185/9040177_1.webp
84891,https://autopart.tn/pieces/185/9040064_1.webp,404 Client Error: Not Found for url: https://autopart.tn/pieces/185/9040064_1.webp
83099,https://autopart.tn/pieces/6752/BF0216640001_1.webp,404 Client Error: Not Found for url: https://autopart.tn/pieces/6752/BF0216640001_1.webp
83338,https://autopart.tn/pieces/6752/BF0734050006_1.webp,404 Client Error: Not Found for url: https://autopart.tn/pieces/6752/BF0734050006_1.webp
87646,https://autopart.tn/pieces/6752/BF0320960099_1.webp,404 Client Error: Not Found for url: https://autopart.tn/pieces/6752/BF0320960099_1.webp
51845,https://autopart.tn/pieces/4455/BSG%2015-160-002_1.webp,404 Client Error: Not Found for url: https://autopart.tn/pieces/4455/BSG%2015-160-002_1.webp
82894,https://autopart.tn/pieces/6752/BF0530020032_1.webp,404 Client Error: Not Found for url: https://autopart.tn/pieces/6752/BF0530020032_1.webp
76736,https://autopart.tn/pieces/6752/BF0530050001_1.webp,404 Client Error: Not Found for url: https://autopart.tn/pieces/6752/BF0530050001_1.webp
27691,https://autopart.tn/pieces/21/509914_1.webp,404 Client Error: Not Found for url: https://autopart.tn/pieces/21/509914_1.webp
63907,https://autopart.tn/pieces/6752/BF0422350048_1.webp,404 Client Error: Not Found for url: https://autopart.tn/pieces/6752/BF0422350048_1.webp
76574,https://autopart.tn/pieces/6752/BF0422350020_1.webp,404 Client Error: Not Found for url: https://autopart.tn/pieces/6752/BF0422350020_1.webp
87662,https://autopart.tn/pieces/6752/BF0422350015_1.webp,404 Client Error: Not Found for url: https://autopart.tn/pieces/6752/BF0422350015_1.webp
90337,https://autopart.tn/pieces/5349/B1213125_1.webp,404 Client Error: Not Found for url: https://autopart.tn/pieces/5349/B1213125_1.webp
63999,https://autopart.tn/pieces/6752/BF0426670031_1.webp,404 Client Error: Not Found for url: https://autopart.tn/pieces/6752/BF0426670031_1.webp
63906,https://autopart.tn/pieces/6752/BF0422350036_1.webp,404 Client Error: Not Found for url: https://autopart.tn/pieces/6752/BF0422350036_1.webp
85796,https://autopart.tn/pieces/6752/BF0422350046_1.webp,404 Client Error: Not Found for url: https://autopart.tn/pieces/6752/BF0422350046_1.webp
78901,https://autopart.tn/pieces/6752/BF0426620031_1.webp,404 Client Error: Not Found for url: https://autopart.tn/pieces/6752/BF0426620031_1.webp
74098,https://autopart.tn/pieces/6752/BF0426670069_1.webp,404 Client Error: Not Found for url: https://autopart.tn/pieces/6752/BF0426670069_1.webp
76664,https://autopart.tn/pieces/6752/BF0426620095_1.webp,404 Client Error: Not Found for url: https://autopart.tn/pieces/6752/BF0426620095_1.webp
51946,https://autopart.tn/pieces/4455/BSG%2015-170-008_1.webp,404 Client Error: Not Found for url: https://autopart.tn/pieces/4455/BSG%2015-170-008_1.webp
78965,https://autopart.tn/pieces/6752/BF0426620005_1.webp,404 Client Error: Not Found for url: https://autopart.tn/pieces/6752/BF0426620005_1.webp
65596,https://autopart.tn/pieces/185/RW103_1.webp,404 Client Error: Not Found for url: https://autopart.tn/pieces/185/RW103_1.webp
73662,https://autopart.tn/pieces/6752/BF0422350026_1.webp,404 Client Error: Not Found for url: https://autopart.tn/pieces/6752/BF0422350026_1.webp
82803,https://autopart.tn/pieces/6752/BF0422350053_1.webp,404 Client Error: Not Found for url: https://autopart.tn/pieces/6752/BF0422350053_1.webp
87903,https://autopart.tn/pieces/4008/DMB010163_1.webp,404 Client Error: Not Found for url: https://autopart.tn/pieces/4008/DMB010163_1.webp
83286,https://autopart.tn/pieces/6752/BF0426670087_1.webp,404 Client Error: Not Found for url: https://autopart.tn/pieces/6752/BF0426670087_1.webp
82871,https://autopart.tn/pieces/6752/BF0426670050_1.webp,404 Client Error: Not Found for url: https://autopart.tn/pieces/6752/BF0426670050_1.webp
87051,https://autopart.tn/pieces/301/117170_1.webp,404 Client Error: Not Found for url: https://autopart.tn/pieces/301/117170_1.webp
87697,https://autopart.tn/pieces/6752/BF0426620111_1.webp,404 Client Error: Not Found for url: https://autopart.tn/pieces/6752/BF0426620111_1.webp
87505,https://autopart.tn/pieces/6752/BF0426620046_1.webp,404 Client Error: Not Found for url: https://autopart.tn/pieces/6752/BF0426620046_1.webp
89662,https://autopart.tn/pieces/6752/BF0426670149_1.webp,404 Client Error: Not Found for url: https://autopart.tn/pieces/6752/BF0426670149_1.webp
76749,https://autopart.tn/pieces/6752/EF0136630001_1.webp,404 Client Error: Not Found for url: https://autopart.tn/pieces/6752/EF0136630001_1.webp
7045,https://autopart.tn/pieces/185/9953062_1.webp,404 Client Error: Not Found for url: https://autopart.tn/pieces/185/9953062_1.webp
6998,https://autopart.tn/pieces/185/9919167_1.webp,404 Client Error: Not Found for url: https://autopart.tn/pieces/185/9919167_1.webp
7059,https://autopart.tn/pieces/185/9953567_1.webp,404 Client Error: Not Found for url: https://autopart.tn/pieces/185/9953567_1.webp
7086,https://autopart.tn/pieces/185/9963563_1.webp,404 Client Error: Not Found for url: https://autopart.tn/pieces/185/9963563_1.webp
7060,https://autopart.tn/pieces/185/9953663_1.webp,404 Client Error: Not Found for url: https://autopart.tn/pieces/185/9953663_1.webp
7070,https://autopart.tn/pieces/185/995666_1.webp,404 Client Error: Not Found for url: https://autopart.tn/pieces/185/995666_1.webp
7103,https://autopart.tn/pieces/185/9981361_1.webp,404 Client Error: Not Found for url: https://autopart.tn/pieces/185/9981361_1.webp
7101,https://autopart.tn/pieces/185/9981268_1.webp,404 Client Error: Not Found for url: https://autopart.tn/pieces/185/9981268_1.webp
83387,https://autopart.tn/pieces/6752/TOPT1225003_1.webp,404 Client Error: Not Found for url: https://autopart.tn/pieces/6752/TOPT1225003_1.webp
7011,https://autopart.tn/pieces/185/9921260_1.webp,404 Client Error: Not Found for url: https://autopart.tn/pieces/185/9921260_1.webp
7092,https://autopart.tn/pieces/185/997762_1.webp,404 Client Error: Not Found for url: https://autopart.tn/pieces/185/997762_1.webp
7102,https://autopart.tn/pieces/185/9981269_1.webp,404 Client Error: Not Found for url: https://autopart.tn/pieces/185/9981269_1.webp
63833,https://autopart.tn/pieces/6752/BF0140090007_1.webp,404 Client Error: Not Found for url: https://autopart.tn/pieces/6752/BF0140090007_1.webp
52070,https://autopart.tn/pieces/4455/BSG%2040-310-170_1.webp,404 Client Error: Not Found for url: https://autopart.tn/pieces/4455/BSG%2040-310-170_1.webp
52559,https://autopart.tn/pieces/10004/CH-14306_1.webp,404 Client Error: Not Found for url: https://autopart.tn/pieces/10004/CH-14306_1.webp
57768,https://autopart.tn/pieces/201/SLS-3100_1.webp,404 Client Error: Not Found for url: https://autopart.tn/pieces/201/SLS-3100_1.webp
66956,https://autopart.tn/pieces/185/9030515_1.webp,404 Client Error: Not Found for url: https://autopart.tn/pieces/185/9030515_1.webp
66955,https://autopart.tn/pieces/185/9030511_1.webp,404 Client Error: Not Found for url: https://autopart.tn/pieces/185/9030511_1.webp
67832,https://autopart.tn/pieces/185/9030516_1.webp,404 Client Error: Not Found for url: https://autopart.tn/pieces/185/9030516_1.webp
89258,https://autopart.tn/pieces/4683/79077_1.webp,404 Client Error: Not Found for url: https://autopart.tn/pieces/4683/79077_1.webp
7009,https://autopart.tn/pieces/185/9921167_1.webp,404 Client Error: Not Found for url: https://autopart.tn/pieces/185/9921167_1.webp
52092,https://autopart.tn/pieces/4455/BSG%2040-310-109_1.webp,404 Client Error: Not Found for url: https://autopart.tn/pieces/4455/BSG%2040-310-109_1.webp
63865,https://autopart.tn/pieces/6752/BF0319510209_1.webp,404 Client Error: Not Found for url: https://autopart.tn/pieces/6752/BF0319510209_1.webp
65480,https://autopart.tn/pieces/185/9030510_1.webp,404 Client Error: Not Found for url: https://autopart.tn/pieces/185/9030510_1.webp
66951,https://autopart.tn/pieces/185/9030506_1.webp,404 Client Error: Not Found for url: https://autopart.tn/pieces/185/9030506_1.webp
66953,https://autopart.tn/pieces/185/9030508_1.webp,404 Client Error: Not Found for url: https://autopart.tn/pieces/185/9030508_1.webp
66954,https://autopart.tn/pieces/185/9030509_1.webp,404 Client Error: Not Found for url: https://autopart.tn/pieces/185/9030509_1.webp
67835,https://autopart.tn/pieces/185/9030520_1.webp,404 Client Error: Not Found for url: https://autopart.tn/pieces/185/9030520_1.webp
67833,https://autopart.tn/pieces/185/9030517_1.webp,404 Client Error: Not Found for url: https://autopart.tn/pieces/185/9030517_1.webp
84778,https://autopart.tn/pieces/185/9030364_1.webp,404 Client Error: Not Found for url: https://autopart.tn/pieces/185/9030364_1.webp
86656,https://autopart.tn/pieces/35/36862%2001_1.webp,404 Client Error: Not Found for url: https://autopart.tn/pieces/35/36862%2001_1.webp
87030,https://autopart.tn/pieces/161/JTS1067_1.webp,404 Client Error: Not Found for url: https://autopart.tn/pieces/161/JTS1067_1.webp
76524,https://autopart.tn/pieces/6752/BF0318240029_1.webp,404 Client Error: Not Found for url: https://autopart.tn/pieces/6752/BF0318240029_1.webp
52100,https://autopart.tn/pieces/4455/BSG%2040-310-105_1.webp,404 Client Error: Not Found for url: https://autopart.tn/pieces/4455/BSG%2040-310-105_1.webp
66952,https://autopart.tn/pieces/185/9030507_1.webp,404 Client Error: Not Found for url: https://autopart.tn/pieces/185/9030507_1.webp
73959,https://autopart.tn/pieces/6752/BF0319510137_1.webp,404 Client Error: Not Found for url: https://autopart.tn/pieces/6752/BF0319510137_1.webp
89305,https://autopart.tn/pieces/101/181204_1.webp,404 Client Error: Not Found for url: https://autopart.tn/pieces/101/181204_1.webp
89255,https://autopart.tn/pieces/134/RE-LS-7407_1.webp,404 Client Error: Not Found for url: https://autopart.tn/pieces/134/RE-LS-7407_1.webp
90283,https://autopart.tn/pieces/301/700%20473_1.webp,404 Client Error: Not Found for url: https://autopart.tn/pieces/301/700%20473_1.webp
66624,https://autopart.tn/pieces/185/7910119_1.webp,404 Client Error: Not Found for url: https://autopart.tn/pieces/185/7910119_1.webp
66872,https://autopart.tn/pieces/185/7910124_1.webp,404 Client Error: Not Found for url: https://autopart.tn/pieces/185/7910124_1.webp
66623,https://autopart.tn/pieces/185/7910029_1.webp,404 Client Error: Not Found for url: https://autopart.tn/pieces/185/7910029_1.webp
66883,https://autopart.tn/pieces/185/7910285_1.webp,404 Client Error: Not Found for url: https://autopart.tn/pieces/185/7910285_1.webp
66629,https://autopart.tn/pieces/185/7910494_1.webp,404 Client Error: Not Found for url: https://autopart.tn/pieces/185/7910494_1.webp
66888,https://autopart.tn/pieces/185/7910336_1.webp,404 Client Error: Not Found for url: https://autopart.tn/pieces/185/7910336_1.webp
66892,https://autopart.tn/pieces/185/7910363_1.webp,404 Client Error: Not Found for url: https://autopart.tn/pieces/185/7910363_1.webp
66886,https://autopart.tn/pieces/185/7910311_1.webp,404 Client Error: Not Found for url: https://autopart.tn/pieces/185/7910311_1.webp
66890,https://autopart.tn/pieces/185/7910347_1.webp,404 Client Error: Not Found for url: https://autopart.tn/pieces/185/7910347_1.webp
66901,https://autopart.tn/pieces/185/7910465_1.webp,404 Client Error: Not Found for url: https://autopart.tn/pieces/185/7910465_1.webp
66898,https://autopart.tn/pieces/185/7910445_1.webp,404 Client Error: Not Found for url: https://autopart.tn/pieces/185/7910445_1.webp
66902,https://autopart.tn/pieces/185/7910490_1.webp,404 Client Error: Not Found for url: https://autopart.tn/pieces/185/7910490_1.webp
66899,https://autopart.tn/pieces/185/7910453_1.webp,404 Client Error: Not Found for url: https://autopart.tn/pieces/185/7910453_1.webp
66907,https://autopart.tn/pieces/185/7910533_1.webp,404 Client Error: Not Found for url: https://autopart.tn/pieces/185/7910533_1.webp
66908,https://autopart.tn/pieces/185/7910538_1.webp,404 Client Error: Not Found for url: https://autopart.tn/pieces/185/7910538_1.webp
66911,https://autopart.tn/pieces/185/7910570_1.webp,404 Client Error: Not Found for url: https://autopart.tn/pieces/185/7910570_1.webp
66912,https://autopart.tn/pieces/185/7910588_1.webp,404 Client Error: Not Found for url: https://autopart.tn/pieces/185/7910588_1.webp
66915,https://autopart.tn/pieces/185/7910625_1.webp,404 Client Error: Not Found for url: https://autopart.tn/pieces/185/7910625_1.webp
66920,https://autopart.tn/pieces/185/7910654_1.webp,404 Client Error: Not Found for url: https://autopart.tn/pieces/185/7910654_1.webp
66919,https://autopart.tn/pieces/185/7910647_1.webp,404 Client Error: Not Found for url: https://autopart.tn/pieces/185/7910647_1.webp
66925,https://autopart.tn/pieces/185/7910791_1.webp,404 Client Error: Not Found for url: https://autopart.tn/pieces/185/7910791_1.webp
66926,https://autopart.tn/pieces/185/7910810_1.webp,404 Client Error: Not Found for url: https://autopart.tn/pieces/185/7910810_1.webp
66922,https://autopart.tn/pieces/185/7910737_1.webp,404 Client Error: Not Found for url: https://autopart.tn/pieces/185/7910737_1.webp
66929,https://autopart.tn/pieces/185/7910847_1.webp,404 Client Error: Not Found for url: https://autopart.tn/pieces/185/7910847_1.webp
66932,https://autopart.tn/pieces/185/7910881_1.webp,404 Client Error: Not Found for url: https://autopart.tn/pieces/185/7910881_1.webp
67762,https://autopart.tn/pieces/185/7910033_1.webp,404 Client Error: Not Found for url: https://autopart.tn/pieces/185/7910033_1.webp
67759,https://autopart.tn/pieces/185/7910022_1.webp,404 Client Error: Not Found for url: https://autopart.tn/pieces/185/7910022_1.webp
67766,https://autopart.tn/pieces/185/7910040_1.webp,404 Client Error: Not Found for url: https://autopart.tn/pieces/185/7910040_1.webp
67769,https://autopart.tn/pieces/185/7910046_1.webp,404 Client Error: Not Found for url: https://autopart.tn/pieces/185/7910046_1.webp
67765,https://autopart.tn/pieces/185/7910039_1.webp,404 Client Error: Not Found for url: https://autopart.tn/pieces/185/7910039_1.webp
67786,https://autopart.tn/pieces/185/7910108_1.webp,404 Client Error: Not Found for url: https://autopart.tn/pieces/185/7910108_1.webp
67783,https://autopart.tn/pieces/185/7910102_1.webp,404 Client Error: Not Found for url: https://autopart.tn/pieces/185/7910102_1.webp
67790,https://autopart.tn/pieces/185/7910117_1.webp,404 Client Error: Not Found for url: https://autopart.tn/pieces/185/7910117_1.webp
67789,https://autopart.tn/pieces/185/7910113_1.webp,404 Client Error: Not Found for url: https://autopart.tn/pieces/185/7910113_1.webp
67796,https://autopart.tn/pieces/185/7910139_1.webp,404 Client Error: Not Found for url: https://autopart.tn/pieces/185/7910139_1.webp
67801,https://autopart.tn/pieces/185/7910153_1.webp,404 Client Error: Not Found for url: https://autopart.tn/pieces/185/7910153_1.webp
67802,https://autopart.tn/pieces/185/7910155_1.webp,404 Client Error: Not Found for url: https://autopart.tn/pieces/185/7910155_1.webp
67806,https://autopart.tn/pieces/185/7910165_1.webp,404 Client Error: Not Found for url: https://autopart.tn/pieces/185/7910165_1.webp
73503,https://autopart.tn/pieces/6752/EF0437200003_1.webp,404 Client Error: Not Found for url: https://autopart.tn/pieces/6752/EF0437200003_1.webp
83121,https://autopart.tn/pieces/6752/BF0319270038_1.webp,404 Client Error: Not Found for url: https://autopart.tn/pieces/6752/BF0319270038_1.webp
84779,https://autopart.tn/pieces/185/9030365_1.webp,404 Client Error: Not Found for url: https://autopart.tn/pieces/185/9030365_1.webp
86558,https://autopart.tn/pieces/6101/7-543k_1.webp,404 Client Error: Not Found for url: https://autopart.tn/pieces/6101/7-543k_1.webp
90060,https://autopart.tn/pieces/301/600%20378_1.webp,404 Client Error: Not Found for url: https://autopart.tn/pieces/301/600%20378_1.webp
73494,https://autopart.tn/pieces/6752/EF0318420001_1.webp,404 Client Error: Not Found for url: https://autopart.tn/pieces/6752/EF0318420001_1.webp
66625,https://autopart.tn/pieces/185/7910303_1.webp,404 Client Error: Not Found for url: https://autopart.tn/pieces/185/7910303_1.webp
66626,https://autopart.tn/pieces/185/7910370_1.webp,404 Client Error: Not Found for url: https://autopart.tn/pieces/185/7910370_1.webp
66631,https://autopart.tn/pieces/185/7910543_1.webp,404 Client Error: Not Found for url: https://autopart.tn/pieces/185/7910543_1.webp
66627,https://autopart.tn/pieces/185/7910388_1.webp,404 Client Error: Not Found for url: https://autopart.tn/pieces/185/7910388_1.webp
66632,https://autopart.tn/pieces/185/7910548_1.webp,404 Client Error: Not Found for url: https://autopart.tn/pieces/185/7910548_1.webp
66635,https://autopart.tn/pieces/185/7910755_1.webp,404 Client Error: Not Found for url: https://autopart.tn/pieces/185/7910755_1.webp
66867,https://autopart.tn/pieces/185/7910003_1.webp,404 Client Error: Not Found for url: https://autopart.tn/pieces/185/7910003_1.webp
66637,https://autopart.tn/pieces/185/7910888_1.webp,404 Client Error: Not Found for url: https://autopart.tn/pieces/185/7910888_1.webp
66870,https://autopart.tn/pieces/185/7910085_1.webp,404 Client Error: Not Found for url: https://autopart.tn/pieces/185/7910085_1.webp
66877,https://autopart.tn/pieces/185/7910256_1.webp,404 Client Error: Not Found for url: https://autopart.tn/pieces/185/7910256_1.webp
66893,https://autopart.tn/pieces/185/7910365_1.webp,404 Client Error: Not Found for url: https://autopart.tn/pieces/185/7910365_1.webp
66905,https://autopart.tn/pieces/185/7910512_1.webp,404 Client Error: Not Found for url: https://autopart.tn/pieces/185/7910512_1.webp
66903,https://autopart.tn/pieces/185/7910495_1.webp,404 Client Error: Not Found for url: https://autopart.tn/pieces/185/7910495_1.webp
66909,https://autopart.tn/pieces/185/7910547_1.webp,404 Client Error: Not Found for url: https://autopart.tn/pieces/185/7910547_1.webp
66906,https://autopart.tn/pieces/185/7910531_1.webp,404 Client Error: Not Found for url: https://autopart.tn/pieces/185/7910531_1.webp
66913,https://autopart.tn/pieces/185/7910589_1.webp,404 Client Error: Not Found for url: https://autopart.tn/pieces/185/7910589_1.webp
66918,https://autopart.tn/pieces/185/7910644_1.webp,404 Client Error: Not Found for url: https://autopart.tn/pieces/185/7910644_1.webp
66928,https://autopart.tn/pieces/185/7910825_1.webp,404 Client Error: Not Found for url: https://autopart.tn/pieces/185/7910825_1.webp
67760,https://autopart.tn/pieces/185/7910025_1.webp,404 Client Error: Not Found for url: https://autopart.tn/pieces/185/7910025_1.webp
66933,https://autopart.tn/pieces/185/7910896_1.webp,404 Client Error: Not Found for url: https://autopart.tn/pieces/185/7910896_1.webp
67761,https://autopart.tn/pieces/185/7910031_1.webp,404 Client Error: Not Found for url: https://autopart.tn/pieces/185/7910031_1.webp
67763,https://autopart.tn/pieces/185/7910036_1.webp,404 Client Error: Not Found for url: https://autopart.tn/pieces/185/7910036_1.webp
67770,https://autopart.tn/pieces/185/7910047_1.webp,404 Client Error: Not Found for url: https://autopart.tn/pieces/185/7910047_1.webp
67774,https://autopart.tn/pieces/185/7910062_1.webp,404 Client Error: Not Found for url: https://autopart.tn/pieces/185/7910062_1.webp
67776,https://autopart.tn/pieces/185/7910086_1.webp,404 Client Error: Not Found for url: https://autopart.tn/pieces/185/7910086_1.webp
67778,https://autopart.tn/pieces/185/7910089_1.webp,404 Client Error: Not Found for url: https://autopart.tn/pieces/185/7910089_1.webp
67785,https://autopart.tn/pieces/185/7910105_1.webp,404 Client Error: Not Found for url: https://autopart.tn/pieces/185/7910105_1.webp
67784,https://autopart.tn/pieces/185/7910103_1.webp,404 Client Error: Not Found for url: https://autopart.tn/pieces/185/7910103_1.webp
67794,https://autopart.tn/pieces/185/7910131_1.webp,404 Client Error: Not Found for url: https://autopart.tn/pieces/185/7910131_1.webp
67787,https://autopart.tn/pieces/185/7910109_1.webp,404 Client Error: Not Found for url: https://autopart.tn/pieces/185/7910109_1.webp
67797,https://autopart.tn/pieces/185/7910143_1.webp,404 Client Error: Not Found for url: https://autopart.tn/pieces/185/7910143_1.webp
67798,https://autopart.tn/pieces/185/7910145_1.webp,404 Client Error: Not Found for url: https://autopart.tn/pieces/185/7910145_1.webp
67805,https://autopart.tn/pieces/185/7910163_1.webp,404 Client Error: Not Found for url: https://autopart.tn/pieces/185/7910163_1.webp
67803,https://autopart.tn/pieces/185/7910156_1.webp,404 Client Error: Not Found for url: https://autopart.tn/pieces/185/7910156_1.webp
73404,https://autopart.tn/pieces/6752/BF0422700030_1.webp,404 Client Error: Not Found for url: https://autopart.tn/pieces/6752/BF0422700030_1.webp
76585,https://autopart.tn/pieces/6752/BF0422700424_1.webp,404 Client Error: Not Found for url: https://autopart.tn/pieces/6752/BF0422700424_1.webp
83182,https://autopart.tn/pieces/6752/BF0422700529_1.webp,404 Client Error: Not Found for url: https://autopart.tn/pieces/6752/BF0422700529_1.webp
82909,https://autopart.tn/pieces/6752/BK0335640003_1.webp,404 Client Error: Not Found for url: https://autopart.tn/pieces/6752/BK0335640003_1.webp
64090,https://autopart.tn/pieces/6752/TOPT1227001_1.webp,404 Client Error: Not Found for url: https://autopart.tn/pieces/6752/TOPT1227001_1.webp
66633,https://autopart.tn/pieces/185/7910549_1.webp,404 Client Error: Not Found for url: https://autopart.tn/pieces/185/7910549_1.webp
66868,https://autopart.tn/pieces/185/7910017_1.webp,404 Client Error: Not Found for url: https://autopart.tn/pieces/185/7910017_1.webp
66879,https://autopart.tn/pieces/185/7910271_1.webp,404 Client Error: Not Found for url: https://autopart.tn/pieces/185/7910271_1.webp
66878,https://autopart.tn/pieces/185/7910258_1.webp,404 Client Error: Not Found for url: https://autopart.tn/pieces/185/7910258_1.webp
66924,https://autopart.tn/pieces/185/7910766_1.webp,404 Client Error: Not Found for url: https://autopart.tn/pieces/185/7910766_1.webp
66891,https://autopart.tn/pieces/185/7910356_1.webp,404 Client Error: Not Found for url: https://autopart.tn/pieces/185/7910356_1.webp
67757,https://autopart.tn/pieces/185/7910018_1.webp,404 Client Error: Not Found for url: https://autopart.tn/pieces/185/7910018_1.webp
67768,https://autopart.tn/pieces/185/7910042_1.webp,404 Client Error: Not Found for url: https://autopart.tn/pieces/185/7910042_1.webp
67780,https://autopart.tn/pieces/185/7910095_1.webp,404 Client Error: Not Found for url: https://autopart.tn/pieces/185/7910095_1.webp
74114,https://autopart.tn/pieces/6752/BF0427030036_1.webp,404 Client Error: Not Found for url: https://autopart.tn/pieces/6752/BF0427030036_1.webp
84669,https://autopart.tn/pieces/185/7912549_1.webp,404 Client Error: Not Found for url: https://autopart.tn/pieces/185/7912549_1.webp
89617,https://autopart.tn/pieces/6752/BF0422700722_1.webp,404 Client Error: Not Found for url: https://autopart.tn/pieces/6752/BF0422700722_1.webp
89779,https://autopart.tn/pieces/6752/BF0422700721_1.webp,404 Client Error: Not Found for url: https://autopart.tn/pieces/6752/BF0422700721_1.webp
73416,https://autopart.tn/pieces/6752/BF0424370052_1.webp,404 Client Error: Not Found for url: https://autopart.tn/pieces/6752/BF0424370052_1.webp
82828,https://autopart.tn/pieces/6752/BF0424370020_1.webp,404 Client Error: Not Found for url: https://autopart.tn/pieces/6752/BF0424370020_1.webp
73891,https://autopart.tn/pieces/6752/BF0111080002_1.webp,404 Client Error: Not Found for url: https://autopart.tn/pieces/6752/BF0111080002_1.webp
78911,https://autopart.tn/pieces/6752/BF0111060002_1.webp,404 Client Error: Not Found for url: https://autopart.tn/pieces/6752/BF0111060002_1.webp
78910,https://autopart.tn/pieces/6752/BF0111060001_1.webp,404 Client Error: Not Found for url: https://autopart.tn/pieces/6752/BF0111060001_1.webp
85685,https://autopart.tn/pieces/6752/BF0318420005_1.webp,404 Client Error: Not Found for url: https://autopart.tn/pieces/6752/BF0318420005_1.webp
66628,https://autopart.tn/pieces/185/7910425_1.webp,404 Client Error: Not Found for url: https://autopart.tn/pieces/185/7910425_1.webp
66630,https://autopart.tn/pieces/185/7910522_1.webp,404 Client Error: Not Found for url: https://autopart.tn/pieces/185/7910522_1.webp
66885,https://autopart.tn/pieces/185/7910304_1.webp,404 Client Error: Not Found for url: https://autopart.tn/pieces/185/7910304_1.webp
66894,https://autopart.tn/pieces/185/7910371_1.webp,404 Client Error: Not Found for url: https://autopart.tn/pieces/185/7910371_1.webp
66900,https://autopart.tn/pieces/185/7910463_1.webp,404 Client Error: Not Found for url: https://autopart.tn/pieces/185/7910463_1.webp
66897,https://autopart.tn/pieces/185/7910433_1.webp,404 Client Error: Not Found for url: https://autopart.tn/pieces/185/7910433_1.webp
66904,https://autopart.tn/pieces/185/7910502_1.webp,404 Client Error: Not Found for url: https://autopart.tn/pieces/185/7910502_1.webp
66916,https://autopart.tn/pieces/185/7910628_1.webp,404 Client Error: Not Found for url: https://autopart.tn/pieces/185/7910628_1.webp
66927,https://autopart.tn/pieces/185/7910817_1.webp,404 Client Error: Not Found for url: https://autopart.tn/pieces/185/7910817_1.webp
67758,https://autopart.tn/pieces/185/7910019_1.webp,404 Client Error: Not Found for url: https://autopart.tn/pieces/185/7910019_1.webp
66930,https://autopart.tn/pieces/185/7910864_1.webp,404 Client Error: Not Found for url: https://autopart.tn/pieces/185/7910864_1.webp
67773,https://autopart.tn/pieces/185/7910060_1.webp,404 Client Error: Not Found for url: https://autopart.tn/pieces/185/7910060_1.webp
67771,https://autopart.tn/pieces/185/7910049_1.webp,404 Client Error: Not Found for url: https://autopart.tn/pieces/185/7910049_1.webp
67779,https://autopart.tn/pieces/185/7910090_1.webp,404 Client Error: Not Found for url: https://autopart.tn/pieces/185/7910090_1.webp
67792,https://autopart.tn/pieces/185/7910128_1.webp,404 Client Error: Not Found for url: https://autopart.tn/pieces/185/7910128_1.webp
67793,https://autopart.tn/pieces/185/7910130_1.webp,404 Client Error: Not Found for url: https://autopart.tn/pieces/185/7910130_1.webp
67795,https://autopart.tn/pieces/185/7910136_1.webp,404 Client Error: Not Found for url: https://autopart.tn/pieces/185/7910136_1.webp
67812,https://autopart.tn/pieces/185/7910206_1.webp,404 Client Error: Not Found for url: https://autopart.tn/pieces/185/7910206_1.webp
67808,https://autopart.tn/pieces/185/7910183_1.webp,404 Client Error: Not Found for url: https://autopart.tn/pieces/185/7910183_1.webp
74028,https://autopart.tn/pieces/6752/BF0422700033_1.webp,404 Client Error: Not Found for url: https://autopart.tn/pieces/6752/BF0422700033_1.webp
65361,https://autopart.tn/pieces/185/7270010_1.webp,404 Client Error: Not Found for url: https://autopart.tn/pieces/185/7270010_1.webp
79060,https://autopart.tn/pieces/6752/BF0423430022_1.webp,404 Client Error: Not Found for url: https://autopart.tn/pieces/6752/BF0423430022_1.webp
82817,https://autopart.tn/pieces/6752/BF0423430004_1.webp,404 Client Error: Not Found for url: https://autopart.tn/pieces/6752/BF0423430004_1.webp
73821,https://autopart.tn/pieces/6752/ATPP1112126008_1.webp,404 Client Error: Not Found for url: https://autopart.tn/pieces/6752/ATPP1112126008_1.webp
76756,https://autopart.tn/pieces/6752/EF0427730001_1.webp,404 Client Error: Not Found for url: https://autopart.tn/pieces/6752/EF0427730001_1.webp
86670,https://autopart.tn/pieces/5314/AN-552_1.webp,404 Client Error: Not Found for url: https://autopart.tn/pieces/5314/AN-552_1.webp
82763,https://autopart.tn/pieces/6752/BF0426740035_1.webp,404 Client Error: Not Found for url: https://autopart.tn/pieces/6752/BF0426740035_1.webp
89828,https://autopart.tn/pieces/6752/BF0436100007_1.webp,404 Client Error: Not Found for url: https://autopart.tn/pieces/6752/BF0436100007_1.webp
70784,https://autopart.tn/pieces/4815/B10611_1.webp,404 Client Error: Not Found for url: https://autopart.tn/pieces/4815/B10611_1.webp
82937,https://autopart.tn/pieces/6752/BF0216350007_1.webp,404 Client Error: Not Found for url: https://autopart.tn/pieces/6752/BF0216350007_1.webp
85763,https://autopart.tn/pieces/6752/BF0321010124_1.webp,404 Client Error: Not Found for url: https://autopart.tn/pieces/6752/BF0321010124_1.webp
83043,https://autopart.tn/pieces/6752/BACB13-847001_1.webp,404 Client Error: Not Found for url: https://autopart.tn/pieces/6752/BACB13-847001_1.webp
74094,https://autopart.tn/pieces/6752/BF0426661157_1.webp,404 Client Error: Not Found for url: https://autopart.tn/pieces/6752/BF0426661157_1.webp
83006,https://autopart.tn/pieces/6752/TOPT1105031_1.webp,404 Client Error: Not Found for url: https://autopart.tn/pieces/6752/TOPT1105031_1.webp
82762,https://autopart.tn/pieces/6752/BF0426740034_1.webp,404 Client Error: Not Found for url: https://autopart.tn/pieces/6752/BF0426740034_1.webp
86014,https://autopart.tn/pieces/6752/BF0436100002_1.webp,404 Client Error: Not Found for url: https://autopart.tn/pieces/6752/BF0436100002_1.webp
87032,https://autopart.tn/pieces/30/1%20987%20947%20824_1.webp,404 Client Error: Not Found for url: https://autopart.tn/pieces/30/1%20987%20947%20824_1.webp
89829,https://autopart.tn/pieces/6752/BF0436100006_1.webp,404 Client Error: Not Found for url: https://autopart.tn/pieces/6752/BF0436100006_1.webp
64044,https://autopart.tn/pieces/6752/BK0115980004_1.webp,404 Client Error: Not Found for url: https://autopart.tn/pieces/6752/BK0115980004_1.webp
83184,https://autopart.tn/pieces/6752/BF0422730049_1.webp,404 Client Error: Not Found for url: https://autopart.tn/pieces/6752/BF0422730049_1.webp
84265,https://autopart.tn/pieces/6752/BF0422700351_1.webp,404 Client Error: Not Found for url: https://autopart.tn/pieces/6752/BF0422700351_1.webp
65360,https://autopart.tn/pieces/185/7270009_1.webp,404 Client Error: Not Found for url: https://autopart.tn/pieces/185/7270009_1.webp
65362,https://autopart.tn/pieces/185/7270011_1.webp,404 Client Error: Not Found for url: https://autopart.tn/pieces/185/7270011_1.webp
83517,https://autopart.tn/pieces/6752/BF0217110023_1.webp,404 Client Error: Not Found for url: https://autopart.tn/pieces/6752/BF0217110023_1.webp
73890,https://autopart.tn/pieces/6752/BF0111080001_1.webp,404 Client Error: Not Found for url: https://autopart.tn/pieces/6752/BF0111080001_1.webp
79096,https://autopart.tn/pieces/6752/BF0633340052_1.webp,404 Client Error: Not Found for url: https://autopart.tn/pieces/6752/BF0633340052_1.webp
51811,https://autopart.tn/pieces/4455/BSG%2015-720-042_1.webp,404 Client Error: Not Found for url: https://autopart.tn/pieces/4455/BSG%2015-720-042_1.webp
88293,https://autopart.tn/pieces/30/0%20431%20114%20985_1.webp,404 Client Error: Not Found for url: https://autopart.tn/pieces/30/0%20431%20114%20985_1.webp
88380,https://autopart.tn/pieces/30/0%20432%20191%20704_1.webp,404 Client Error: Not Found for url: https://autopart.tn/pieces/30/0%20432%20191%20704_1.webp
41583,https://autopart.tn/pieces/30/0%20433%20171%20173_1.webp,404 Client Error: Not Found for url: https://autopart.tn/pieces/30/0%20433%20171%20173_1.webp
41611,https://autopart.tn/pieces/30/F%20019%20121%20174_1.webp,404 Client Error: Not Found for url: https://autopart.tn/pieces/30/F%20019%20121%20174_1.webp
41616,https://autopart.tn/pieces/30/F%20002%20C30%20106_1.webp,404 Client Error: Not Found for url: https://autopart.tn/pieces/30/F%20002%20C30%20106_1.webp
41622,https://autopart.tn/pieces/30/F%20002%20C40%20582_1.webp,404 Client Error: Not Found for url: https://autopart.tn/pieces/30/F%20002%20C40%20582_1.webp
41665,https://autopart.tn/pieces/30/F%20002%20C40%20562_1.webp,404 Client Error: Not Found for url: https://autopart.tn/pieces/30/F%20002%20C40%20562_1.webp
41681,https://autopart.tn/pieces/30/F%20019%20121%20180_1.webp,404 Client Error: Not Found for url: https://autopart.tn/pieces/30/F%20019%20121%20180_1.webp
58228,https://autopart.tn/pieces/30/0%20433%20171%20273_1.webp,404 Client Error: Not Found for url: https://autopart.tn/pieces/30/0%20433%20171%20273_1.webp
58240,https://autopart.tn/pieces/30/H%20105%20025%20344_1.webp,404 Client Error: Not Found for url: https://autopart.tn/pieces/30/H%20105%20025%20344_1.webp
58255,https://autopart.tn/pieces/30/F%20002%20C30%20007_1.webp,404 Client Error: Not Found for url: https://autopart.tn/pieces/30/F%20002%20C30%20007_1.webp
61707,https://autopart.tn/pieces/30/H%20105%20025%20438_1.webp,404 Client Error: Not Found for url: https://autopart.tn/pieces/30/H%20105%20025%20438_1.webp
88105,https://autopart.tn/pieces/30/0%20433%20171%20253_1.webp,404 Client Error: Not Found for url: https://autopart.tn/pieces/30/0%20433%20171%20253_1.webp
88145,https://autopart.tn/pieces/30/0%20433%20271%20403_1.webp,404 Client Error: Not Found for url: https://autopart.tn/pieces/30/0%20433%20271%20403_1.webp
88185,https://autopart.tn/pieces/30/H%20105%20007%20162_1.webp,404 Client Error: Not Found for url: https://autopart.tn/pieces/30/H%20105%20007%20162_1.webp
88190,https://autopart.tn/pieces/30/H%20105%20007%20150_1.webp,404 Client Error: Not Found for url: https://autopart.tn/pieces/30/H%20105%20007%20150_1.webp
88221,https://autopart.tn/pieces/30/0%20434%20250%20012_1.webp,404 Client Error: Not Found for url: https://autopart.tn/pieces/30/0%20434%20250%20012_1.webp
88249,https://autopart.tn/pieces/30/0%20433%20271%20001_1.webp,404 Client Error: Not Found for url: https://autopart.tn/pieces/30/0%20433%20271%20001_1.webp
88234,https://autopart.tn/pieces/30/0%20433%20271%20481_1.webp,404 Client Error: Not Found for url: https://autopart.tn/pieces/30/0%20433%20271%20481_1.webp
88239,https://autopart.tn/pieces/30/0%20433%20271%20849_1.webp,404 Client Error: Not Found for url: https://autopart.tn/pieces/30/0%20433%20271%20849_1.webp
88251,https://autopart.tn/pieces/30/0%20433%20271%20625_1.webp,404 Client Error: Not Found for url: https://autopart.tn/pieces/30/0%20433%20271%20625_1.webp
88253,https://autopart.tn/pieces/30/0%20433%20171%20414_1.webp,404 Client Error: Not Found for url: https://autopart.tn/pieces/30/0%20433%20171%20414_1.webp
88266,https://autopart.tn/pieces/30/0%20433%20171%20307_1.webp,404 Client Error: Not Found for url: https://autopart.tn/pieces/30/0%20433%20171%20307_1.webp
88279,https://autopart.tn/pieces/30/0%20433%20171%20059_1.webp,404 Client Error: Not Found for url: https://autopart.tn/pieces/30/0%20433%20171%20059_1.webp
88271,https://autopart.tn/pieces/30/0%20433%20271%20467_1.webp,404 Client Error: Not Found for url: https://autopart.tn/pieces/30/0%20433%20271%20467_1.webp
88288,https://autopart.tn/pieces/30/0%20433%20271%20804_1.webp,404 Client Error: Not Found for url: https://autopart.tn/pieces/30/0%20433%20271%20804_1.webp
88291,https://autopart.tn/pieces/30/0%20434%20250%20155_1.webp,404 Client Error: Not Found for url: https://autopart.tn/pieces/30/0%20434%20250%20155_1.webp
88300,https://autopart.tn/pieces/30/0%20434%20250%20153_1.webp,404 Client Error: Not Found for url: https://autopart.tn/pieces/30/0%20434%20250%20153_1.webp
88302,https://autopart.tn/pieces/30/0%20434%20250%20122_1.webp,404 Client Error: Not Found for url: https://autopart.tn/pieces/30/0%20434%20250%20122_1.webp
78908,https://autopart.tn/pieces/6752/BK0530160020_1.webp,404 Client Error: Not Found for url: https://autopart.tn/pieces/6752/BK0530160020_1.webp
79002,https://autopart.tn/pieces/6752/BACB12-011002_1.webp,404 Client Error: Not Found for url: https://autopart.tn/pieces/6752/BACB12-011002_1.webp
63933,https://autopart.tn/pieces/6752/BF0424680002_1.webp,404 Client Error: Not Found for url: https://autopart.tn/pieces/6752/BF0424680002_1.webp
73583,https://autopart.tn/pieces/6752/BACB12-012009_1.webp,404 Client Error: Not Found for url: https://autopart.tn/pieces/6752/BACB12-012009_1.webp
41617,https://autopart.tn/pieces/30/F%20002%20C40%20675_1.webp,404 Client Error: Not Found for url: https://autopart.tn/pieces/30/F%20002%20C40%20675_1.webp
41613,https://autopart.tn/pieces/30/F%20002%20C40%20738_1.webp,404 Client Error: Not Found for url: https://autopart.tn/pieces/30/F%20002%20C40%20738_1.webp
41615,https://autopart.tn/pieces/30/F%20002%20C40%20580_1.webp,404 Client Error: Not Found for url: https://autopart.tn/pieces/30/F%20002%20C40%20580_1.webp
41623,https://autopart.tn/pieces/30/F%20002%20C40%20552_1.webp,404 Client Error: Not Found for url: https://autopart.tn/pieces/30/F%20002%20C40%20552_1.webp
41624,https://autopart.tn/pieces/30/F%20002%20C30%20108_1.webp,404 Client Error: Not Found for url: https://autopart.tn/pieces/30/F%20002%20C30%20108_1.webp
51194,https://autopart.tn/pieces/30/0%20433%20272%20079_1.webp,404 Client Error: Not Found for url: https://autopart.tn/pieces/30/0%20433%20272%20079_1.webp
58230,https://autopart.tn/pieces/30/H%20105%20015%20985_1.webp,404 Client Error: Not Found for url: https://autopart.tn/pieces/30/H%20105%20015%20985_1.webp
61705,https://autopart.tn/pieces/30/F%20002%20C40%20573_1.webp,404 Client Error: Not Found for url: https://autopart.tn/pieces/30/F%20002%20C40%20573_1.webp
88135,https://autopart.tn/pieces/30/0%20433%20171%20440_1.webp,404 Client Error: Not Found for url: https://autopart.tn/pieces/30/0%20433%20171%20440_1.webp
88191,https://autopart.tn/pieces/30/H%20105%20025%20373_1.webp,404 Client Error: Not Found for url: https://autopart.tn/pieces/30/H%20105%20025%20373_1.webp
88192,https://autopart.tn/pieces/30/H%20105%20015%20507_1.webp,404 Client Error: Not Found for url: https://autopart.tn/pieces/30/H%20105%20015%20507_1.webp
88219,https://autopart.tn/pieces/30/0%20433%20271%20670_1.webp,404 Client Error: Not Found for url: https://autopart.tn/pieces/30/0%20433%20271%20670_1.webp
88220,https://autopart.tn/pieces/30/0%20433%20271%20735_1.webp,404 Client Error: Not Found for url: https://autopart.tn/pieces/30/0%20433%20271%20735_1.webp
88233,https://autopart.tn/pieces/30/0%20433%20271%20359_1.webp,404 Client Error: Not Found for url: https://autopart.tn/pieces/30/0%20433%20271%20359_1.webp
88237,https://autopart.tn/pieces/30/0%20433%20271%20774_1.webp,404 Client Error: Not Found for url: https://autopart.tn/pieces/30/0%20433%20271%20774_1.webp
88269,https://autopart.tn/pieces/30/0%20433%20220%20147_1.webp,404 Client Error: Not Found for url: https://autopart.tn/pieces/30/0%20433%20220%20147_1.webp
88268,https://autopart.tn/pieces/30/0%20433%20171%20366_1.webp,404 Client Error: Not Found for url: https://autopart.tn/pieces/30/0%20433%20171%20366_1.webp
51134,https://autopart.tn/pieces/30/F%20002%20C40%20594_1.webp,404 Client Error: Not Found for url: https://autopart.tn/pieces/30/F%20002%20C40%20594_1.webp
61691,https://autopart.tn/pieces/30/H%20105%20017%20218_1.webp,404 Client Error: Not Found for url: https://autopart.tn/pieces/30/H%20105%20017%20218_1.webp
88160,https://autopart.tn/pieces/30/0%20433%20171%20130_1.webp,404 Client Error: Not Found for url: https://autopart.tn/pieces/30/0%20433%20171%20130_1.webp
88188,https://autopart.tn/pieces/30/H%20105%20007%20131_1.webp,404 Client Error: Not Found for url: https://autopart.tn/pieces/30/H%20105%20007%20131_1.webp
88308,https://autopart.tn/pieces/30/0%20433%20175%20048_1.webp,404 Client Error: Not Found for url: https://autopart.tn/pieces/30/0%20433%20175%20048_1.webp
88314,https://autopart.tn/pieces/30/9%20432%20610%20281_1.webp,404 Client Error: Not Found for url: https://autopart.tn/pieces/30/9%20432%20610%20281_1.webp
88312,https://autopart.tn/pieces/30/0%20434%20250%20160_1.webp,404 Client Error: Not Found for url: https://autopart.tn/pieces/30/0%20434%20250%20160_1.webp
88318,https://autopart.tn/pieces/30/0%20434%20250%20897_1.webp,404 Client Error: Not Found for url: https://autopart.tn/pieces/30/0%20434%20250%20897_1.webp
88319,https://autopart.tn/pieces/30/0%20434%20250%20159_1.webp,404 Client Error: Not Found for url: https://autopart.tn/pieces/30/0%20434%20250%20159_1.webp
88320,https://autopart.tn/pieces/30/0%20434%20250%20125_1.webp,404 Client Error: Not Found for url: https://autopart.tn/pieces/30/0%20434%20250%20125_1.webp
88326,https://autopart.tn/pieces/30/9%20432%20610%20441_1.webp,404 Client Error: Not Found for url: https://autopart.tn/pieces/30/9%20432%20610%20441_1.webp
88342,https://autopart.tn/pieces/30/0%20433%20171%20296_1.webp,404 Client Error: Not Found for url: https://autopart.tn/pieces/30/0%20433%20171%20296_1.webp
88360,https://autopart.tn/pieces/30/0%20433%20171%20286_1.webp,404 Client Error: Not Found for url: https://autopart.tn/pieces/30/0%20433%20171%20286_1.webp
88363,https://autopart.tn/pieces/30/0%20433%20271%20381_1.webp,404 Client Error: Not Found for url: https://autopart.tn/pieces/30/0%20433%20271%20381_1.webp
88414,https://autopart.tn/pieces/30/0%20433%20171%20391_1.webp,404 Client Error: Not Found for url: https://autopart.tn/pieces/30/0%20433%20171%20391_1.webp
88466,https://autopart.tn/pieces/30/0%20433%20171%20901_1.webp,404 Client Error: Not Found for url: https://autopart.tn/pieces/30/0%20433%20171%20901_1.webp
88473,https://autopart.tn/pieces/30/0%20433%20171%20583_1.webp,404 Client Error: Not Found for url: https://autopart.tn/pieces/30/0%20433%20171%20583_1.webp
88484,https://autopart.tn/pieces/30/0%20433%20271%20332_1.webp,404 Client Error: Not Found for url: https://autopart.tn/pieces/30/0%20433%20271%20332_1.webp
88492,https://autopart.tn/pieces/30/H%20105%20017%20326_1.webp,404 Client Error: Not Found for url: https://autopart.tn/pieces/30/H%20105%20017%20326_1.webp
88494,https://autopart.tn/pieces/30/H%20105%20017%20357_1.webp,404 Client Error: Not Found for url: https://autopart.tn/pieces/30/H%20105%20017%20357_1.webp
88498,https://autopart.tn/pieces/30/H%20105%20015%20580_1.webp,404 Client Error: Not Found for url: https://autopart.tn/pieces/30/H%20105%20015%20580_1.webp
88501,https://autopart.tn/pieces/30/H%20105%20025%20029_1.webp,404 Client Error: Not Found for url: https://autopart.tn/pieces/30/H%20105%20025%20029_1.webp
88497,https://autopart.tn/pieces/30/H%20105%20007%20152_1.webp,404 Client Error: Not Found for url: https://autopart.tn/pieces/30/H%20105%20007%20152_1.webp
88500,https://autopart.tn/pieces/30/H%20105%20017%20283_1.webp,404 Client Error: Not Found for url: https://autopart.tn/pieces/30/H%20105%20017%20283_1.webp
88503,https://autopart.tn/pieces/30/H%20105%20025%20139_1.webp,404 Client Error: Not Found for url: https://autopart.tn/pieces/30/H%20105%20025%20139_1.webp
88504,https://autopart.tn/pieces/30/H%20105%20025%20224_1.webp,404 Client Error: Not Found for url: https://autopart.tn/pieces/30/H%20105%20025%20224_1.webp
88515,https://autopart.tn/pieces/30/H%20105%20017%20186_1.webp,404 Client Error: Not Found for url: https://autopart.tn/pieces/30/H%20105%20017%20186_1.webp
88518,https://autopart.tn/pieces/30/H%20105%20017%20177_1.webp,404 Client Error: Not Found for url: https://autopart.tn/pieces/30/H%20105%20017%20177_1.webp
88521,https://autopart.tn/pieces/30/H%20105%20017%20067_1.webp,404 Client Error: Not Found for url: https://autopart.tn/pieces/30/H%20105%20017%20067_1.webp
88544,https://autopart.tn/pieces/30/H%20105%20017%20116_1.webp,404 Client Error: Not Found for url: https://autopart.tn/pieces/30/H%20105%20017%20116_1.webp
89487,https://autopart.tn/pieces/30/H%20105%20017%20309_1.webp,404 Client Error: Not Found for url: https://autopart.tn/pieces/30/H%20105%20017%20309_1.webp
89484,https://autopart.tn/pieces/30/H%20105%20017%20185_1.webp,404 Client Error: Not Found for url: https://autopart.tn/pieces/30/H%20105%20017%20185_1.webp
89494,https://autopart.tn/pieces/30/0%20433%20271%20664_1.webp,404 Client Error: Not Found for url: https://autopart.tn/pieces/30/0%20433%20271%20664_1.webp
73435,https://autopart.tn/pieces/6752/BF0426110300_1.webp,404 Client Error: Not Found for url: https://autopart.tn/pieces/6752/BF0426110300_1.webp
87679,https://autopart.tn/pieces/6752/BF0426110066_1.webp,404 Client Error: Not Found for url: https://autopart.tn/pieces/6752/BF0426110066_1.webp
1661,https://autopart.tn/pieces/2/8ET%20009%20149-231_1.webp,404 Client Error: Not Found for url: https://autopart.tn/pieces/2/8ET%20009%20149-231_1.webp
36580,https://autopart.tn/pieces/30/0%20281%20006%20759_1.webp,404 Client Error: Not Found for url: https://autopart.tn/pieces/30/0%20281%20006%20759_1.webp
51214,https://autopart.tn/pieces/30/0%20280%20218%20410_1.webp,404 Client Error: Not Found for url: https://autopart.tn/pieces/30/0%20280%20218%20410_1.webp
88235,https://autopart.tn/pieces/30/0%20433%20271%20482_1.webp,404 Client Error: Not Found for url: https://autopart.tn/pieces/30/0%20433%20271%20482_1.webp
88262,https://autopart.tn/pieces/30/0%20433%20271%20834_1.webp,404 Client Error: Not Found for url: https://autopart.tn/pieces/30/0%20433%20271%20834_1.webp
88263,https://autopart.tn/pieces/30/0%20434%20250%20120_1.webp,404 Client Error: Not Found for url: https://autopart.tn/pieces/30/0%20434%20250%20120_1.webp
88292,https://autopart.tn/pieces/30/0%20433%20171%20045_1.webp,404 Client Error: Not Found for url: https://autopart.tn/pieces/30/0%20433%20171%20045_1.webp
74115,https://autopart.tn/pieces/6752/BF0427370034_1.webp,404 Client Error: Not Found for url: https://autopart.tn/pieces/6752/BF0427370034_1.webp
41864,https://autopart.tn/pieces/30/F%2000R%20J00%20955_1.webp,404 Client Error: Not Found for url: https://autopart.tn/pieces/30/F%2000R%20J00%20955_1.webp
41859,https://autopart.tn/pieces/30/F%2000R%20J00%20138_1.webp,404 Client Error: Not Found for url: https://autopart.tn/pieces/30/F%2000R%20J00%20138_1.webp
88343,https://autopart.tn/pieces/30/0%20433%20175%20085_1.webp,404 Client Error: Not Found for url: https://autopart.tn/pieces/30/0%20433%20175%20085_1.webp
88390,https://autopart.tn/pieces/30/0%20433%20171%20485_1.webp,404 Client Error: Not Found for url: https://autopart.tn/pieces/30/0%20433%20171%20485_1.webp
88405,https://autopart.tn/pieces/30/9%20432%20610%20456_1.webp,404 Client Error: Not Found for url: https://autopart.tn/pieces/30/9%20432%20610%20456_1.webp
88406,https://autopart.tn/pieces/30/0%20433%20175%20147_1.webp,404 Client Error: Not Found for url: https://autopart.tn/pieces/30/0%20433%20175%20147_1.webp
88415,https://autopart.tn/pieces/30/0%20433%20271%20498_1.webp,404 Client Error: Not Found for url: https://autopart.tn/pieces/30/0%20433%20271%20498_1.webp
88434,https://autopart.tn/pieces/30/0%20433%20171%20223_1.webp,404 Client Error: Not Found for url: https://autopart.tn/pieces/30/0%20433%20171%20223_1.webp
88491,https://autopart.tn/pieces/30/H%20105%20007%20154_1.webp,404 Client Error: Not Found for url: https://autopart.tn/pieces/30/H%20105%20007%20154_1.webp
88493,https://autopart.tn/pieces/30/H%20105%20025%20407_1.webp,404 Client Error: Not Found for url: https://autopart.tn/pieces/30/H%20105%20025%20407_1.webp
88505,https://autopart.tn/pieces/30/H%20105%20025%20067_1.webp,404 Client Error: Not Found for url: https://autopart.tn/pieces/30/H%20105%20025%20067_1.webp
88514,https://autopart.tn/pieces/30/H%20105%20007%20113_1.webp,404 Client Error: Not Found for url: https://autopart.tn/pieces/30/H%20105%20007%20113_1.webp
88517,https://autopart.tn/pieces/30/H%20105%20017%20061_1.webp,404 Client Error: Not Found for url: https://autopart.tn/pieces/30/H%20105%20017%20061_1.webp
88523,https://autopart.tn/pieces/30/H%20105%20017%20315_1.webp,404 Client Error: Not Found for url: https://autopart.tn/pieces/30/H%20105%20017%20315_1.webp
89507,https://autopart.tn/pieces/30/0%20433%20270%20191_1.webp,404 Client Error: Not Found for url: https://autopart.tn/pieces/30/0%20433%20270%20191_1.webp
88524,https://autopart.tn/pieces/30/0%20438%20201%20081_1.webp,404 Client Error: Not Found for url: https://autopart.tn/pieces/30/0%20438%20201%20081_1.webp
83205,https://autopart.tn/pieces/6752/BF0423680043_1.webp,404 Client Error: Not Found for url: https://autopart.tn/pieces/6752/BF0423680043_1.webp
87417,https://autopart.tn/pieces/185/8430054_1.webp,404 Client Error: Not Found for url: https://autopart.tn/pieces/185/8430054_1.webp
83313,https://autopart.tn/pieces/6752/BF0427850004_1.webp,404 Client Error: Not Found for url: https://autopart.tn/pieces/6752/BF0427850004_1.webp
76322,https://autopart.tn/pieces/6752/BACB12-741053_1.webp,404 Client Error: Not Found for url: https://autopart.tn/pieces/6752/BACB12-741053_1.webp
27303,https://autopart.tn/pieces/21/253743_1.webp,404 Client Error: Not Found for url: https://autopart.tn/pieces/21/253743_1.webp
36579,https://autopart.tn/pieces/30/0%20281%20006%20756_1.webp,404 Client Error: Not Found for url: https://autopart.tn/pieces/30/0%20281%20006%20756_1.webp
51188,https://autopart.tn/pieces/30/0%20281%20006%20680_1.webp,404 Client Error: Not Found for url: https://autopart.tn/pieces/30/0%20281%20006%20680_1.webp
51196,https://autopart.tn/pieces/30/0%20280%20218%20405_1.webp,404 Client Error: Not Found for url: https://autopart.tn/pieces/30/0%20280%20218%20405_1.webp
88307,https://autopart.tn/pieces/30/0%20434%20250%20162_1.webp,404 Client Error: Not Found for url: https://autopart.tn/pieces/30/0%20434%20250%20162_1.webp
88376,https://autopart.tn/pieces/30/0%20433%20171%20329_1.webp,404 Client Error: Not Found for url: https://autopart.tn/pieces/30/0%20433%20171%20329_1.webp
88395,https://autopart.tn/pieces/30/0%20433%20171%20748_1.webp,404 Client Error: Not Found for url: https://autopart.tn/pieces/30/0%20433%20171%20748_1.webp
88433,https://autopart.tn/pieces/30/0%20433%20220%20141_1.webp,404 Client Error: Not Found for url: https://autopart.tn/pieces/30/0%20433%20220%20141_1.webp
88441,https://autopart.tn/pieces/30/0%20433%20175%20015_1.webp,404 Client Error: Not Found for url: https://autopart.tn/pieces/30/0%20433%20175%20015_1.webp
88449,https://autopart.tn/pieces/30/0%20433%20172%20137_1.webp,404 Client Error: Not Found for url: https://autopart.tn/pieces/30/0%20433%20172%20137_1.webp
88495,https://autopart.tn/pieces/30/H%20105%20025%20088_1.webp,404 Client Error: Not Found for url: https://autopart.tn/pieces/30/H%20105%20025%20088_1.webp
88499,https://autopart.tn/pieces/30/H%20105%20017%20208_1.webp,404 Client Error: Not Found for url: https://autopart.tn/pieces/30/H%20105%20017%20208_1.webp
88520,https://autopart.tn/pieces/30/H%20105%20000%20187_1.webp,404 Client Error: Not Found for url: https://autopart.tn/pieces/30/H%20105%20000%20187_1.webp
88512,https://autopart.tn/pieces/30/H%20105%20015%20634_1.webp,404 Client Error: Not Found for url: https://autopart.tn/pieces/30/H%20105%20015%20634_1.webp
88513,https://autopart.tn/pieces/30/H%20105%20007%20121_1.webp,404 Client Error: Not Found for url: https://autopart.tn/pieces/30/H%20105%20007%20121_1.webp
88522,https://autopart.tn/pieces/30/H%20105%20000%20229_1.webp,404 Client Error: Not Found for url: https://autopart.tn/pieces/30/H%20105%20000%20229_1.webp
88543,https://autopart.tn/pieces/30/0%20433%20271%20839_1.webp,404 Client Error: Not Found for url: https://autopart.tn/pieces/30/0%20433%20271%20839_1.webp
64058,https://autopart.tn/pieces/6752/EF0426110097_1.webp,404 Client Error: Not Found for url: https://autopart.tn/pieces/6752/EF0426110097_1.webp
76636,https://autopart.tn/pieces/6752/BF0426110020_1.webp,404 Client Error: Not Found for url: https://autopart.tn/pieces/6752/BF0426110020_1.webp
87683,https://autopart.tn/pieces/6752/BF0426110519_1.webp,404 Client Error: Not Found for url: https://autopart.tn/pieces/6752/BF0426110519_1.webp
88803,https://autopart.tn/pieces/89/AF10395-12B1_1.webp,404 Client Error: Not Found for url: https://autopart.tn/pieces/89/AF10395-12B1_1.webp
88804,https://autopart.tn/pieces/7851/135107_1.webp,404 Client Error: Not Found for url: https://autopart.tn/pieces/7851/135107_1.webp
88322,https://autopart.tn/pieces/30/0%20434%20250%20171_1.webp,404 Client Error: Not Found for url: https://autopart.tn/pieces/30/0%20434%20250%20171_1.webp
88485,https://autopart.tn/pieces/30/0%20434%20150%20006_1.webp,404 Client Error: Not Found for url: https://autopart.tn/pieces/30/0%20434%20150%20006_1.webp
88496,https://autopart.tn/pieces/30/H%20105%20007%20135_1.webp,404 Client Error: Not Found for url: https://autopart.tn/pieces/30/H%20105%20007%20135_1.webp
76639,https://autopart.tn/pieces/6752/BF0426110425_1.webp,404 Client Error: Not Found for url: https://autopart.tn/pieces/6752/BF0426110425_1.webp
82915,https://autopart.tn/pieces/6752/EF0426110081_1.webp,404 Client Error: Not Found for url: https://autopart.tn/pieces/6752/EF0426110081_1.webp
82916,https://autopart.tn/pieces/6752/EF0426110098_1.webp,404 Client Error: Not Found for url: https://autopart.tn/pieces/6752/EF0426110098_1.webp
41892,https://autopart.tn/pieces/30/F%2000Z%20C99%20136_1.webp,404 Client Error: Not Found for url: https://autopart.tn/pieces/30/F%2000Z%20C99%20136_1.webp
41878,https://autopart.tn/pieces/30/F%2000Z%20C99%20137_1.webp,404 Client Error: Not Found for url: https://autopart.tn/pieces/30/F%2000Z%20C99%20137_1.webp
41901,https://autopart.tn/pieces/30/F%2000Z%20C99%20132_1.webp,404 Client Error: Not Found for url: https://autopart.tn/pieces/30/F%2000Z%20C99%20132_1.webp
41904,https://autopart.tn/pieces/30/F%2000Z%20C99%20131_1.webp,404 Client Error: Not Found for url: https://autopart.tn/pieces/30/F%2000Z%20C99%20131_1.webp
51150,https://autopart.tn/pieces/30/F%2000Z%20C99%20201_1.webp,404 Client Error: Not Found for url: https://autopart.tn/pieces/30/F%2000Z%20C99%20201_1.webp
51154,https://autopart.tn/pieces/30/F%2000Z%20C99%20420_1.webp,404 Client Error: Not Found for url: https://autopart.tn/pieces/30/F%2000Z%20C99%20420_1.webp
88488,https://autopart.tn/pieces/30/F%2000V%20C60%20507_1.webp,404 Client Error: Not Found for url: https://autopart.tn/pieces/30/F%2000V%20C60%20507_1.webp
88508,https://autopart.tn/pieces/30/F%2000V%20C60%20309_1.webp,404 Client Error: Not Found for url: https://autopart.tn/pieces/30/F%2000V%20C60%20309_1.webp
88510,https://autopart.tn/pieces/30/F%2000V%20C60%20329_1.webp,404 Client Error: Not Found for url: https://autopart.tn/pieces/30/F%2000V%20C60%20329_1.webp
88516,https://autopart.tn/pieces/30/F%2000V%20C60%20521_1.webp,404 Client Error: Not Found for url: https://autopart.tn/pieces/30/F%2000V%20C60%20521_1.webp
41675,https://autopart.tn/pieces/30/2%20437%20010%20087_1.webp,404 Client Error: Not Found for url: https://autopart.tn/pieces/30/2%20437%20010%20087_1.webp
41628,https://autopart.tn/pieces/30/2%20437%20010%20137_1.webp,404 Client Error: Not Found for url: https://autopart.tn/pieces/30/2%20437%20010%20137_1.webp
61692,https://autopart.tn/pieces/30/2%20437%20010%20136_1.webp,404 Client Error: Not Found for url: https://autopart.tn/pieces/30/2%20437%20010%20136_1.webp
82892,https://autopart.tn/pieces/6752/BF0439630001_1.webp,404 Client Error: Not Found for url: https://autopart.tn/pieces/6752/BF0439630001_1.webp
89644,https://autopart.tn/pieces/6752/BF0425990220_1.webp,404 Client Error: Not Found for url: https://autopart.tn/pieces/6752/BF0425990220_1.webp
73497,https://autopart.tn/pieces/6752/EF0424300015_1.webp,404 Client Error: Not Found for url: https://autopart.tn/pieces/6752/EF0424300015_1.webp
87762,https://autopart.tn/pieces/244/87972_1.webp,404 Client Error: Not Found for url: https://autopart.tn/pieces/244/87972_1.webp
86681,https://autopart.tn/pieces/301/723%20349_1.webp,404 Client Error: Not Found for url: https://autopart.tn/pieces/301/723%20349_1.webp
88800,https://autopart.tn/pieces/301/121%20059_1.webp,404 Client Error: Not Found for url: https://autopart.tn/pieces/301/121%20059_1.webp
82662,https://autopart.tn/pieces/110/EC.35469_1.webp,404 Client Error: Not Found for url: https://autopart.tn/pieces/110/EC.35469_1.webp
83191,https://autopart.tn/pieces/6752/BF0423020090_1.webp,404 Client Error: Not Found for url: https://autopart.tn/pieces/6752/BF0423020090_1.webp
66821,https://autopart.tn/pieces/185/2070059_1.webp,404 Client Error: Not Found for url: https://autopart.tn/pieces/185/2070059_1.webp
66820,https://autopart.tn/pieces/185/2070032_1.webp,404 Client Error: Not Found for url: https://autopart.tn/pieces/185/2070032_1.webp
73748,https://autopart.tn/pieces/6752/BF0427370062_1.webp,404 Client Error: Not Found for url: https://autopart.tn/pieces/6752/BF0427370062_1.webp
41887,https://autopart.tn/pieces/30/F%2000Z%20C99%20135_1.webp,404 Client Error: Not Found for url: https://autopart.tn/pieces/30/F%2000Z%20C99%20135_1.webp
42080,https://autopart.tn/pieces/30/F%2000Z%20C99%20134_1.webp,404 Client Error: Not Found for url: https://autopart.tn/pieces/30/F%2000Z%20C99%20134_1.webp
88507,https://autopart.tn/pieces/30/F%2000V%20C60%20361_1.webp,404 Client Error: Not Found for url: https://autopart.tn/pieces/30/F%2000V%20C60%20361_1.webp
88489,https://autopart.tn/pieces/30/F%2000V%20C60%20485_1.webp,404 Client Error: Not Found for url: https://autopart.tn/pieces/30/F%2000V%20C60%20485_1.webp
51158,https://autopart.tn/pieces/30/F%2000Z%20C99%20418_1.webp,404 Client Error: Not Found for url: https://autopart.tn/pieces/30/F%2000Z%20C99%20418_1.webp
88193,https://autopart.tn/pieces/30/2%20437%20010%20098_1.webp,404 Client Error: Not Found for url: https://autopart.tn/pieces/30/2%20437%20010%20098_1.webp
64055,https://autopart.tn/pieces/6752/EF0423060002_1.webp,404 Client Error: Not Found for url: https://autopart.tn/pieces/6752/EF0423060002_1.webp
36473,https://autopart.tn/pieces/30/0%20261%20232%2003B_1.webp,404 Client Error: Not Found for url: https://autopart.tn/pieces/30/0%20261%20232%2003B_1.webp
66822,https://autopart.tn/pieces/185/2070060_1.webp,404 Client Error: Not Found for url: https://autopart.tn/pieces/185/2070060_1.webp
66819,https://autopart.tn/pieces/185/2070031_1.webp,404 Client Error: Not Found for url: https://autopart.tn/pieces/185/2070031_1.webp
66824,https://autopart.tn/pieces/185/2070075_1.webp,404 Client Error: Not Found for url: https://autopart.tn/pieces/185/2070075_1.webp
51151,https://autopart.tn/pieces/30/F%2000Z%20C99%20409_1.webp,404 Client Error: Not Found for url: https://autopart.tn/pieces/30/F%2000Z%20C99%20409_1.webp
51152,https://autopart.tn/pieces/30/F%2000Z%20C99%20326_1.webp,404 Client Error: Not Found for url: https://autopart.tn/pieces/30/F%2000Z%20C99%20326_1.webp
51157,https://autopart.tn/pieces/30/F%2000Z%20C99%20187_1.webp,404 Client Error: Not Found for url: https://autopart.tn/pieces/30/F%2000Z%20C99%20187_1.webp
88509,https://autopart.tn/pieces/30/F%2000V%20C60%20319_1.webp,404 Client Error: Not Found for url: https://autopart.tn/pieces/30/F%2000V%20C60%20319_1.webp
73468,https://autopart.tn/pieces/6752/BF0427300010_1.webp,404 Client Error: Not Found for url: https://autopart.tn/pieces/6752/BF0427300010_1.webp
69945,https://autopart.tn/pieces/4346/K11785101_1.webp,404 Client Error: Not Found for url: https://autopart.tn/pieces/4346/K11785101_1.webp
66519,https://autopart.tn/pieces/185/2070061_1.webp,404 Client Error: Not Found for url: https://autopart.tn/pieces/185/2070061_1.webp
66825,https://autopart.tn/pieces/185/2070091_1.webp,404 Client Error: Not Found for url: https://autopart.tn/pieces/185/2070091_1.webp
67616,https://autopart.tn/pieces/185/2070095_1.webp,404 Client Error: Not Found for url: https://autopart.tn/pieces/185/2070095_1.webp
67615,https://autopart.tn/pieces/185/2070040_1.webp,404 Client Error: Not Found for url: https://autopart.tn/pieces/185/2070040_1.webp
41871,https://autopart.tn/pieces/30/F%2000Z%20C99%20126_1.webp,404 Client Error: Not Found for url: https://autopart.tn/pieces/30/F%2000Z%20C99%20126_1.webp
41891,https://autopart.tn/pieces/30/F%2000Z%20C99%20120_1.webp,404 Client Error: Not Found for url: https://autopart.tn/pieces/30/F%2000Z%20C99%20120_1.webp
51156,https://autopart.tn/pieces/30/F%2000Z%20C99%20406_1.webp,404 Client Error: Not Found for url: https://autopart.tn/pieces/30/F%2000Z%20C99%20406_1.webp
51136,https://autopart.tn/pieces/30/2%20437%20010%20050_1.webp,404 Client Error: Not Found for url: https://autopart.tn/pieces/30/2%20437%20010%20050_1.webp
41740,https://autopart.tn/pieces/30/0%20206%20001%20012_1.webp,404 Client Error: Not Found for url: https://autopart.tn/pieces/30/0%20206%20001%20012_1.webp
51144,https://autopart.tn/pieces/30/0%20281%20006%20002_1.webp,404 Client Error: Not Found for url: https://autopart.tn/pieces/30/0%20281%20006%20002_1.webp
66521,https://autopart.tn/pieces/185/2070094_1.webp,404 Client Error: Not Found for url: https://autopart.tn/pieces/185/2070094_1.webp
76447,https://autopart.tn/pieces/6752/BF0114840012_1.webp,404 Client Error: Not Found for url: https://autopart.tn/pieces/6752/BF0114840012_1.webp
41791,https://autopart.tn/pieces/30/F%2000N%20300%20365_1.webp,404 Client Error: Not Found for url: https://autopart.tn/pieces/30/F%2000N%20300%20365_1.webp
50186,https://autopart.tn/pieces/287/001%20AY%2000165%20090_1.webp,404 Client Error: Not Found for url: https://autopart.tn/pieces/287/001%20AY%2000165%20090_1.webp
67175,https://autopart.tn/pieces/287/229%2037%2090_1.webp,404 Client Error: Not Found for url: https://autopart.tn/pieces/287/229%2037%2090_1.webp
67196,https://autopart.tn/pieces/287/003%2085%2090_1.webp,404 Client Error: Not Found for url: https://autopart.tn/pieces/287/003%2085%2090_1.webp
61912,https://autopart.tn/pieces/287/229%2004%2090_1.webp,404 Client Error: Not Found for url: https://autopart.tn/pieces/287/229%2004%2090_1.webp
82402,https://autopart.tn/pieces/287/005%2026%2092_1.webp,404 Client Error: Not Found for url: https://autopart.tn/pieces/287/005%2026%2092_1.webp
81903,https://autopart.tn/pieces/6752/BF0111110027_1.webp,404 Client Error: Not Found for url: https://autopart.tn/pieces/6752/BF0111110027_1.webp
65331,https://autopart.tn/pieces/185/4210062_1.webp,404 Client Error: Not Found for url: https://autopart.tn/pieces/185/4210062_1.webp
76519,https://autopart.tn/pieces/6752/BF0318110057_1.webp,404 Client Error: Not Found for url: https://autopart.tn/pieces/6752/BF0318110057_1.webp
79269,https://autopart.tn/pieces/6752/BF0318110267_1.webp,404 Client Error: Not Found for url: https://autopart.tn/pieces/6752/BF0318110267_1.webp
81930,https://autopart.tn/pieces/6752/BF0318110302_1.webp,404 Client Error: Not Found for url: https://autopart.tn/pieces/6752/BF0318110302_1.webp
73937,https://autopart.tn/pieces/6752/BF0318110062_1.webp,404 Client Error: Not Found for url: https://autopart.tn/pieces/6752/BF0318110062_1.webp
85681,https://autopart.tn/pieces/6752/BF0318110067_1.webp,404 Client Error: Not Found for url: https://autopart.tn/pieces/6752/BF0318110067_1.webp
87496,https://autopart.tn/pieces/6752/BF0318110369_1.webp,404 Client Error: Not Found for url: https://autopart.tn/pieces/6752/BF0318110369_1.webp
87612,https://autopart.tn/pieces/6752/BF0318110181_1.webp,404 Client Error: Not Found for url: https://autopart.tn/pieces/6752/BF0318110181_1.webp
89708,https://autopart.tn/pieces/6752/BF0318110157_1.webp,404 Client Error: Not Found for url: https://autopart.tn/pieces/6752/BF0318110157_1.webp
89712,https://autopart.tn/pieces/6752/BF0318110372_1.webp,404 Client Error: Not Found for url: https://autopart.tn/pieces/6752/BF0318110372_1.webp
89715,https://autopart.tn/pieces/6752/BF0318110509_1.webp,404 Client Error: Not Found for url: https://autopart.tn/pieces/6752/BF0318110509_1.webp
67027,https://autopart.tn/pieces/185/JBM032_1.webp,404 Client Error: Not Found for url: https://autopart.tn/pieces/185/JBM032_1.webp
1677,https://autopart.tn/pieces/2/8MK%20376%20719-051_1.webp,404 Client Error: Not Found for url: https://autopart.tn/pieces/2/8MK%20376%20719-051_1.webp
67198,https://autopart.tn/pieces/287/227%20HS%2021013%20000_1.webp,404 Client Error: Not Found for url: https://autopart.tn/pieces/287/227%20HS%2021013%20000_1.webp
50212,https://autopart.tn/pieces/287/001%20HS%2010003%20000_1.webp,404 Client Error: Not Found for url: https://autopart.tn/pieces/287/001%20HS%2010003%20000_1.webp
82405,https://autopart.tn/pieces/287/038%20HS%2020097%20000_1.webp,404 Client Error: Not Found for url: https://autopart.tn/pieces/287/038%20HS%2020097%20000_1.webp
83094,https://autopart.tn/pieces/6752/BF0136140117_1.webp,404 Client Error: Not Found for url: https://autopart.tn/pieces/6752/BF0136140117_1.webp
79074,https://autopart.tn/pieces/6752/BF0426210024_1.webp,404 Client Error: Not Found for url: https://autopart.tn/pieces/6752/BF0426210024_1.webp
41627,https://autopart.tn/pieces/30/0%20928%20400%20727_1.webp,404 Client Error: Not Found for url: https://autopart.tn/pieces/30/0%20928%20400%20727_1.webp
41672,https://autopart.tn/pieces/30/1%20465%20134%20922_1.webp,404 Client Error: Not Found for url: https://autopart.tn/pieces/30/1%20465%20134%20922_1.webp
58226,https://autopart.tn/pieces/30/1%20465%20134%20785_1.webp,404 Client Error: Not Found for url: https://autopart.tn/pieces/30/1%20465%20134%20785_1.webp
83346,https://autopart.tn/pieces/6752/EF0113580009_1.webp,404 Client Error: Not Found for url: https://autopart.tn/pieces/6752/EF0113580009_1.webp
50202,https://autopart.tn/pieces/287/001%20PS%2010002%20000_1.webp,404 Client Error: Not Found for url: https://autopart.tn/pieces/287/001%20PS%2010002%20000_1.webp
81097,https://autopart.tn/pieces/432/77213620_1.webp,404 Client Error: Not Found for url: https://autopart.tn/pieces/432/77213620_1.webp
81102,https://autopart.tn/pieces/432/87464620_1.webp,404 Client Error: Not Found for url: https://autopart.tn/pieces/432/87464620_1.webp
76794,https://autopart.tn/pieces/6752/BF0114190011_1.webp,404 Client Error: Not Found for url: https://autopart.tn/pieces/6752/BF0114190011_1.webp
70572,https://autopart.tn/pieces/4379/9%203119%201_1.webp,404 Client Error: Not Found for url: https://autopart.tn/pieces/4379/9%203119%201_1.webp
50285,https://autopart.tn/pieces/287/229%2032%2090_1.webp,404 Client Error: Not Found for url: https://autopart.tn/pieces/287/229%2032%2090_1.webp
50185,https://autopart.tn/pieces/287/061%20AY%2000139%20091_1.webp,404 Client Error: Not Found for url: https://autopart.tn/pieces/287/061%20AY%2000139%20091_1.webp
57429,https://autopart.tn/pieces/287/209%2071%2092_1.webp,404 Client Error: Not Found for url: https://autopart.tn/pieces/287/209%2071%2092_1.webp
50286,https://autopart.tn/pieces/287/209%2070%2090_1.webp,404 Client Error: Not Found for url: https://autopart.tn/pieces/287/209%2070%2090_1.webp
57452,https://autopart.tn/pieces/287/037%2077%2083_1.webp,404 Client Error: Not Found for url: https://autopart.tn/pieces/287/037%2077%2083_1.webp
73531,https://autopart.tn/pieces/6752/BF0318110076_1.webp,404 Client Error: Not Found for url: https://autopart.tn/pieces/6752/BF0318110076_1.webp
80304,https://autopart.tn/pieces/6752/BF0318110265_1.webp,404 Client Error: Not Found for url: https://autopart.tn/pieces/6752/BF0318110265_1.webp
85678,https://autopart.tn/pieces/6752/BF0318110034_1.webp,404 Client Error: Not Found for url: https://autopart.tn/pieces/6752/BF0318110034_1.webp
85679,https://autopart.tn/pieces/6752/BF0318110037_1.webp,404 Client Error: Not Found for url: https://autopart.tn/pieces/6752/BF0318110037_1.webp
67025,https://autopart.tn/pieces/185/JBM021_1.webp,404 Client Error: Not Found for url: https://autopart.tn/pieces/185/JBM021_1.webp
67026,https://autopart.tn/pieces/185/JBM031_1.webp,404 Client Error: Not Found for url: https://autopart.tn/pieces/185/JBM031_1.webp
67859,https://autopart.tn/pieces/185/JBM016_1.webp,404 Client Error: Not Found for url: https://autopart.tn/pieces/185/JBM016_1.webp
57401,https://autopart.tn/pieces/287/001%20HS%2010003%20050_1.webp,404 Client Error: Not Found for url: https://autopart.tn/pieces/287/001%20HS%2010003%20050_1.webp
82397,https://autopart.tn/pieces/287/209%20HS%2020230%20000_1.webp,404 Client Error: Not Found for url: https://autopart.tn/pieces/287/209%20HS%2020230%20000_1.webp
82410,https://autopart.tn/pieces/287/001%20HS%2019621%20000_1.webp,404 Client Error: Not Found for url: https://autopart.tn/pieces/287/001%20HS%2019621%20000_1.webp
63842,https://autopart.tn/pieces/6752/BF0216780024_1.webp,404 Client Error: Not Found for url: https://autopart.tn/pieces/6752/BF0216780024_1.webp
41666,https://autopart.tn/pieces/30/1%20465%20ZS0%20009_1.webp,404 Client Error: Not Found for url: https://autopart.tn/pieces/30/1%20465%20ZS0%20009_1.webp
41679,https://autopart.tn/pieces/30/1%20465%20134%20780_1.webp,404 Client Error: Not Found for url: https://autopart.tn/pieces/30/1%20465%20134%20780_1.webp
83104,https://autopart.tn/pieces/6752/BF0216890017_1.webp,404 Client Error: Not Found for url: https://autopart.tn/pieces/6752/BF0216890017_1.webp
76417,https://autopart.tn/pieces/6752/BF0113590009_1.webp,404 Client Error: Not Found for url: https://autopart.tn/pieces/6752/BF0113590009_1.webp
85646,https://autopart.tn/pieces/6752/BF0113610002_1.webp,404 Client Error: Not Found for url: https://autopart.tn/pieces/6752/BF0113610002_1.webp
50201,https://autopart.tn/pieces/287/001%20PS%2010002%20025_1.webp,404 Client Error: Not Found for url: https://autopart.tn/pieces/287/001%20PS%2010002%20025_1.webp
81096,https://autopart.tn/pieces/432/77213610_1.webp,404 Client Error: Not Found for url: https://autopart.tn/pieces/432/77213610_1.webp
88810,https://autopart.tn/pieces/123/91320_1.webp,404 Client Error: Not Found for url: https://autopart.tn/pieces/123/91320_1.webp
81098,https://autopart.tn/pieces/432/87462620_1.webp,404 Client Error: Not Found for url: https://autopart.tn/pieces/432/87462620_1.webp
64064,https://autopart.tn/pieces/6752/EF0436530001_1.webp,404 Client Error: Not Found for url: https://autopart.tn/pieces/6752/EF0436530001_1.webp
73502,https://autopart.tn/pieces/6752/EF0427220009_1.webp,404 Client Error: Not Found for url: https://autopart.tn/pieces/6752/EF0427220009_1.webp
81902,https://autopart.tn/pieces/6752/BF0111110028_1.webp,404 Client Error: Not Found for url: https://autopart.tn/pieces/6752/BF0111110028_1.webp
41770,https://autopart.tn/pieces/30/1%20467%20010%20495_1.webp,404 Client Error: Not Found for url: https://autopart.tn/pieces/30/1%20467%20010%20495_1.webp
50287,https://autopart.tn/pieces/287/209%2059%2090_1.webp,404 Client Error: Not Found for url: https://autopart.tn/pieces/287/209%2059%2090_1.webp
73899,https://autopart.tn/pieces/6752/BF0111110020_1.webp,404 Client Error: Not Found for url: https://autopart.tn/pieces/6752/BF0111110020_1.webp
79268,https://autopart.tn/pieces/6752/BF0318110266_1.webp,404 Client Error: Not Found for url: https://autopart.tn/pieces/6752/BF0318110266_1.webp
67028,https://autopart.tn/pieces/185/JBM035_1.webp,404 Client Error: Not Found for url: https://autopart.tn/pieces/185/JBM035_1.webp
41662,https://autopart.tn/pieces/30/1%20465%20ZS0%20042_1.webp,404 Client Error: Not Found for url: https://autopart.tn/pieces/30/1%20465%20ZS0%20042_1.webp
41667,https://autopart.tn/pieces/30/1%20465%20ZS0%20069_1.webp,404 Client Error: Not Found for url: https://autopart.tn/pieces/30/1%20465%20ZS0%20069_1.webp
81923,https://autopart.tn/pieces/6752/BF0216890011_1.webp,404 Client Error: Not Found for url: https://autopart.tn/pieces/6752/BF0216890011_1.webp
83005,https://autopart.tn/pieces/6752/BK0426660001_1.webp,404 Client Error: Not Found for url: https://autopart.tn/pieces/6752/BK0426660001_1.webp
79098,https://autopart.tn/pieces/6752/BK0422620004_1.webp,404 Client Error: Not Found for url: https://autopart.tn/pieces/6752/BK0422620004_1.webp
89103,https://autopart.tn/pieces/185/7001004_1.webp,404 Client Error: Not Found for url: https://autopart.tn/pieces/185/7001004_1.webp
76796,https://autopart.tn/pieces/6752/BF0216110073_1.webp,404 Client Error: Not Found for url: https://autopart.tn/pieces/6752/BF0216110073_1.webp
86823,https://autopart.tn/pieces/185/7001046_1.webp,404 Client Error: Not Found for url: https://autopart.tn/pieces/185/7001046_1.webp
76801,https://autopart.tn/pieces/6752/BF0319960001_1.webp,404 Client Error: Not Found for url: https://autopart.tn/pieces/6752/BF0319960001_1.webp
86849,https://autopart.tn/pieces/185/7001141_1.webp,404 Client Error: Not Found for url: https://autopart.tn/pieces/185/7001141_1.webp
87223,https://autopart.tn/pieces/110/KD452.24_1.webp,404 Client Error: Not Found for url: https://autopart.tn/pieces/110/KD452.24_1.webp
89105,https://autopart.tn/pieces/185/7001007_1.webp,404 Client Error: Not Found for url: https://autopart.tn/pieces/185/7001007_1.webp
83363,https://autopart.tn/pieces/6752/EF0425600001_1.webp,404 Client Error: Not Found for url: https://autopart.tn/pieces/6752/EF0425600001_1.webp
87601,https://autopart.tn/pieces/6752/BF0114790005_1.webp,404 Client Error: Not Found for url: https://autopart.tn/pieces/6752/BF0114790005_1.webp
50229,https://autopart.tn/pieces/287/038%2089%2090_1.webp,404 Client Error: Not Found for url: https://autopart.tn/pieces/287/038%2089%2090_1.webp
50290,https://autopart.tn/pieces/287/003%2078%2090_1.webp,404 Client Error: Not Found for url: https://autopart.tn/pieces/287/003%2078%2090_1.webp
50302,https://autopart.tn/pieces/287/038%2037%2093_1.webp,404 Client Error: Not Found for url: https://autopart.tn/pieces/287/038%2037%2093_1.webp
67180,https://autopart.tn/pieces/287/004%2015%2092_1.webp,404 Client Error: Not Found for url: https://autopart.tn/pieces/287/004%2015%2092_1.webp
79270,https://autopart.tn/pieces/6752/BF0318110268_1.webp,404 Client Error: Not Found for url: https://autopart.tn/pieces/6752/BF0318110268_1.webp
87609,https://autopart.tn/pieces/6752/BF0318110072_1.webp,404 Client Error: Not Found for url: https://autopart.tn/pieces/6752/BF0318110072_1.webp
89713,https://autopart.tn/pieces/6752/BF0318110373_1.webp,404 Client Error: Not Found for url: https://autopart.tn/pieces/6752/BF0318110373_1.webp
50211,https://autopart.tn/pieces/287/001%20HS%2010003%20025_1.webp,404 Client Error: Not Found for url: https://autopart.tn/pieces/287/001%20HS%2010003%20025_1.webp
85489,https://autopart.tn/pieces/432/77551600_1.webp,404 Client Error: Not Found for url: https://autopart.tn/pieces/432/77551600_1.webp
83101,https://autopart.tn/pieces/6752/BF0216780010_1.webp,404 Client Error: Not Found for url: https://autopart.tn/pieces/6752/BF0216780010_1.webp
81095,https://autopart.tn/pieces/432/37108610_1.webp,404 Client Error: Not Found for url: https://autopart.tn/pieces/432/37108610_1.webp
67187,https://autopart.tn/pieces/287/001%20PS%2010002%20100_1.webp,404 Client Error: Not Found for url: https://autopart.tn/pieces/287/001%20PS%2010002%20100_1.webp
78980,https://autopart.tn/pieces/6752/TOPT13KIT012_1.webp,404 Client Error: Not Found for url: https://autopart.tn/pieces/6752/TOPT13KIT012_1.webp
76806,https://autopart.tn/pieces/6752/BF0427330078_1.webp,404 Client Error: Not Found for url: https://autopart.tn/pieces/6752/BF0427330078_1.webp
79098,https://autopart.tn/pieces/6752/BK0422620004_1.webp,404 Client Error: Not Found for url: https://autopart.tn/pieces/6752/BK0422620004_1.webp
80487,https://autopart.tn/pieces/121/29-0441_1.webp,404 Client Error: Not Found for url: https://autopart.tn/pieces/121/29-0441_1.webp
83030,https://autopart.tn/pieces/6752/BACB12-KIT211_1.webp,404 Client Error: Not Found for url: https://autopart.tn/pieces/6752/BACB12-KIT211_1.webp
86735,https://autopart.tn/pieces/185/7001073_1.webp,404 Client Error: Not Found for url: https://autopart.tn/pieces/185/7001073_1.webp
86823,https://autopart.tn/pieces/185/7001046_1.webp,404 Client Error: Not Found for url: https://autopart.tn/pieces/185/7001046_1.webp
86849,https://autopart.tn/pieces/185/7001141_1.webp,404 Client Error: Not Found for url: https://autopart.tn/pieces/185/7001141_1.webp
87223,https://autopart.tn/pieces/110/KD452.24_1.webp,404 Client Error: Not Found for url: https://autopart.tn/pieces/110/KD452.24_1.webp
89105,https://autopart.tn/pieces/185/7001007_1.webp,404 Client Error: Not Found for url: https://autopart.tn/pieces/185/7001007_1.webp
89103,https://autopart.tn/pieces/185/7001004_1.webp,404 Client Error: Not Found for url: https://autopart.tn/pieces/185/7001004_1.webp
76796,https://autopart.tn/pieces/6752/BF0216110073_1.webp,404 Client Error: Not Found for url: https://autopart.tn/pieces/6752/BF0216110073_1.webp
76801,https://autopart.tn/pieces/6752/BF0319960001_1.webp,404 Client Error: Not Found for url: https://autopart.tn/pieces/6752/BF0319960001_1.webp
